timestamp_iso8601,timestamp_epoch_ms,remote_ip,remote_port,payload
2026-03-04T23:59:49.804Z,1772668789804,10.168.15.94,3132,"3197558,59022,3,PI,1,100,148797,148790,148763
3197558,59023,3,PR,1,100,113487,113461,113452
3197558,59024,3,PG,1,100,9568,9586,9573
3197543,59025,2,EA,1,100,0.244488,0.244565
3197543,59026,2,EL,1,100,-13921.200195,-13923.000000
3197484,59027,1,TH,1,100,34.973
3197558,59028,3,AX,1,100,0.836,0.795,0.781
3197558,59029,3,AY,1,100,0.507,0.529,0.513
3197558,59030,3,AZ,1,100,0.239,0.250,0.232
3197558,59031,3,GX,1,100,-6.622,-7.355,-4.578
3197558,59032,3,GY,1,100,-2.563,-6.561,-1.953
"
2026-03-04T23:59:49.806Z,1772668789806,10.168.15.94,3132,"3197558,59033,3,GZ,1,100,-13.947,-12.878,-5.798
3197558,59034,3,MX,1,100,63,63,63
3197558,59035,3,MY,1,100,38,39,38
3197558,59036,3,MZ,1,100,16,16,17
"
2026-03-04T23:59:49.866Z,1772668789866,10.168.15.94,3132,"3197654,59037,4,EM,1,100,RS,RE,PS,MN
"
2026-03-04T23:59:49.906Z,1772668789906,10.168.15.94,3132,"3197654,59037,4,EM,1,100,RS,RE,PS,MN
3197676,59038,1,SF,1,100,4.6879
3197678,59039,3,PI,1,100,148777,148786,148727
3197678,59040,3,PR,1,100,113451,113446,113410
3197678,59041,3,PG,1,100,9570,9572,9573
3197676,59042,2,EA,1,100,0.244583,0.244557
3197676,59043,2,EL,1,100,-13923.400391,-13922.799805
3197603,59044,1,T1,1,100,36.160
3197618,59045,1,TH,1,100,35.024
3197678,59046,3,AX,1,100,0.884,0.807,0.803
3197678,59047,3,AY,1,100,0.524,0.513,0.539
3197678,59048,3,AZ,1,100,0.218,0.226,0.269
"
2026-03-04T23:59:49.908Z,1772668789908,10.168.15.94,3132,"3197678,59049,3,GX,1,100,-3.387,-4.700,-4.608
3197678,59050,3,GY,1,100,-3.021,1.862,0.458
3197678,59051,3,GZ,1,100,-2.380,-6.165,-8.301
3197678,59052,3,MX,1,100,63,64,64
3197678,59053,3,MY,1,100,38,38,38
3197678,59054,3,MZ,1,100,17,16,18
"
2026-03-04T23:59:50.006Z,1772668790006,10.168.15.94,3132,"3197758,59055,2,PI,1,100,148699,148713
3197758,59056,2,PR,1,100,113435,113428
3197758,59057,2,PG,1,100,9549,9537
3197743,59058,1,EA,1,100,0.244488
3197743,59059,1,EL,1,100,-13921.200195
3197736,59060,1,T1,1,100,36.318
3197751,59061,1,TH,1,100,35.024
3197758,59062,2,AX,1,100,0.851,0.815
3197758,59063,2,AY,1,100,0.568,0.526
3197758,59064,2,AZ,1,100,0.240,0.207
3197758,59065,2,GX,1,100,0.427,3.723
3197758,59066,2,GY,1,100,-1.862,4.700
3197758,59067,2,GZ,1,100,-6.683,-3.235
3197758,59068,2,MX,1,100,63,64
"
2026-03-04T23:59:50.009Z,1772668790009,10.168.15.94,3132,"3197758,59069,2,MY,1,100,38,38
3197758,59070,2,MZ,1,100,16,18
"
2026-03-04T23:59:50.072Z,1772668790072,10.168.15.94,3132,"3197855,59071,4,EM,1,100,RS,RE,PS,MN
"
2026-03-04T23:59:50.117Z,1772668790117,10.168.15.94,3132,"3197855,59071,4,EM,1,100,RS,RE,PS,MN
3197878,59072,3,PI,1,100,148706,148688,148684
3197878,59073,3,PR,1,100,113426,113419,113399
3197878,59074,3,PG,1,100,9536,9530,9536
3197876,59075,2,EA,1,100,0.244488,0.244548
3197876,59076,2,EL,1,100,-13921.200195,-13922.599609
3197869,59077,1,T1,1,100,36.350
3197884,59078,1,TH,1,100,35.039
3197878,59079,3,AX,1,100,0.839,0.790,0.801
3197878,59080,3,AY,1,100,0.519,0.584,0.472
3197878,59081,3,AZ,1,100,0.219,0.244,0.242
3197878,59082,3,GX,1,100,-4.120,-5.157,-3.326
"
2026-03-04T23:59:50.117Z,1772668790117,10.168.15.94,3132,"3197878,59083,3,GY,1,100,1.190,-1.923,-1.526
3197878,59084,3,GZ,1,100,-3.510,-7.935,-6.500
3197878,59085,3,MX,1,100,64,65,65
3197878,59086,3,MY,1,100,37,36,38
3197878,59087,3,MZ,1,100,18,17,17
"
2026-03-04T23:59:50.206Z,1772668790206,10.168.15.94,3132,"3197943,59088,1,SF,1,100,4.6336
3197958,59089,2,PI,1,100,148646,148634
3197958,59090,2,PR,1,100,113391,113386
3197958,59091,2,PG,1,100,9536,9534
3197943,59092,1,EA,1,100,0.244471
3197943,59093,1,EL,1,100,-13920.799805
3197958,59094,2,AX,1,100,0.783,0.788
3197958,59095,2,AY,1,100,0.574,0.571
3197958,59096,2,AZ,1,100,0.247,0.212
3197958,59097,2,GX,1,100,-0.854,-1.038
3197958,59098,2,GY,1,100,-4.639,2.838
3197958,59099,2,GZ,1,100,-1.862,-0.458
3197958,59100,2,MX,1,100,64,66
3197958,59101,2,MY,1,100,37,37
"
2026-03-04T23:59:50.210Z,1772668790210,10.168.15.94,3132,"3197958,59102,2,MZ,1,100,18,18
"
2026-03-04T23:59:50.276Z,1772668790276,10.168.15.94,3132,"3198056,59103,4,EM,1,100,RS,RE,PS,MN
"
2026-03-04T23:59:50.317Z,1772668790317,10.168.15.94,3132,"3198056,59103,4,EM,1,100,RS,RE,PS,MN
3198078,59104,3,PI,1,100,148638,148635,148625
3198078,59105,3,PR,1,100,113379,113371,113374
3198078,59106,3,PG,1,100,9536,9541,9542
3198076,59107,2,EA,1,100,0.244454,0.244506
3198076,59108,2,EL,1,100,-13920.400391,-13921.599609
3198003,59109,1,T1,1,100,36.293
3198018,59110,1,TH,1,100,35.039
3198078,59111,3,AX,1,100,0.851,0.793,0.797
3198078,59112,3,AY,1,100,0.535,0.520,0.544
3198078,59113,3,AZ,1,100,0.230,0.231,0.291
3198078,59114,3,GX,1,100,-3.296,-4.517,-5.280
"
2026-03-04T23:59:50.317Z,1772668790317,10.168.15.94,3132,"3198078,59115,3,GY,1,100,-2.350,-1.190,-3.784
3198078,59116,3,GZ,1,100,1.007,-2.655,-5.035
3198078,59117,3,MX,1,100,64,65,66
3198078,59118,3,MY,1,100,38,37,37
3198078,59119,3,MZ,1,100,17,16,17
"
2026-03-04T23:59:50.414Z,1772668790414,10.168.15.94,3132,"3198158,59120,2,PI,1,100,148621,148610
3198158,59121,2,PR,1,100,113383,113353
3198158,59122,2,PG,1,100,9553,9555
3198143,59123,1,EA,1,100,0.244488
3198143,59124,1,EL,1,100,-13921.200195
3198136,59125,1,T1,1,100,36.233
3198151,59126,1,TH,1,100,35.022
3198158,59127,2,AX,1,100,0.807,0.854
3198158,59128,2,AY,1,100,0.615,0.558
3198158,59129,2,AZ,1,100,0.247,0.229
3198158,59130,2,GX,1,100,0.916,0.427
3198158,59131,2,GY,1,100,-3.632,-0.336
3198158,59132,2,GZ,1,100,-6.134,-0.092
3198158,59133,2,MX,1,100,66,65
"
2026-03-04T23:59:50.414Z,1772668790414,10.168.15.94,3132,"3198158,59134,2,MY,1,100,35,36
3198158,59135,2,MZ,1,100,17,17
"
2026-03-04T23:59:50.470Z,1772668790470,10.168.15.94,3132,"3198257,59136,4,EM,1,100,RS,RE,PS,MN
"
2026-03-04T23:59:50.516Z,1772668790516,10.168.15.94,3132,"3198257,59136,4,EM,1,100,RS,RE,PS,MN
3198276,59137,1,SF,1,100,4.5800
3198278,59138,3,PI,1,100,148581,148569,148559
3198278,59139,3,PR,1,100,113339,113324,113324
3198278,59140,3,PG,1,100,9547,9552,9564
3198276,59141,2,EA,1,100,0.244480,0.244403
3198276,59142,2,EL,1,100,-13921.000000,-13919.200195
3198269,59143,1,T1,1,100,36.136
3198284,59144,1,TH,1,100,35.022
3198278,59145,3,AX,1,100,0.794,0.805,0.797
3198278,59146,3,AY,1,100,0.541,0.509,0.587
3198278,59147,3,AZ,1,100,0.243,0.297,0.260
"
2026-03-04T23:59:50.521Z,1772668790521,10.168.15.94,3132,"3198278,59148,3,GX,1,100,-1.526,-1.678,3.876
3198278,59149,3,GY,1,100,-1.404,-1.068,-2.380
3198278,59150,3,GZ,1,100,-2.563,-5.798,-6.256
3198278,59151,3,MX,1,100,66,66,65
3198278,59152,3,MY,1,100,36,35,36
3198278,59153,3,MZ,1,100,17,17,18
"
2026-03-04T23:59:50.616Z,1772668790616,10.168.15.94,3132,"3198358,59154,2,PI,1,100,148542,148484
3198358,59155,2,PR,1,100,113317,113283
3198358,59156,2,PG,1,100,9535,9528
3198343,59157,1,EA,1,100,0.244292
3198343,59158,1,EL,1,100,-13916.599609
3198358,59159,2,AX,1,100,0.786,0.849
3198358,59160,2,AY,1,100,0.590,0.526
3198358,59161,2,AZ,1,100,0.207,0.185
3198358,59162,2,GX,1,100,7.294,-3.723
3198358,59163,2,GY,1,100,4.944,3.052
3198358,59164,2,GZ,1,100,0.519,8.301
3198358,59165,2,MX,1,100,64,65
3198358,59166,2,MY,1,100,35,37
3198358,59167,2,MZ,1,100,18,17
"
2026-03-04T23:59:50.674Z,1772668790674,10.168.15.94,3132,"3198458,59168,4,EM,1,100,RS,RE,PS,MN
"
2026-03-04T23:59:50.718Z,1772668790718,10.168.15.94,3132,"3198458,59168,4,EM,1,100,RS,RE,PS,MN
3198491,59169,3,PI,1,100,148506,148466,148446
3198491,59170,3,PR,1,100,113265,113252,113245
3198491,59171,3,PG,1,100,9507,9513,9515
3198476,59172,2,EA,1,100,0.244300,0.244147
3198476,59173,2,EL,1,100,-13916.799805,-13913.200195
3198403,59174,1,T1,1,100,36.201
3198418,59175,1,TH,1,100,35.049
3198477,59176,3,AX,1,100,0.773,0.838,0.768
3198477,59177,3,AY,1,100,0.537,0.551,0.578
3198477,59178,3,AZ,1,100,0.237,0.258,0.224
3198477,59179,3,GX,1,100,-11.383,-7.965,2.380
"
2026-03-04T23:59:50.719Z,1772668790719,10.168.15.94,3132,"3198477,59180,3,GY,1,100,-0.305,-6.012,-5.371
3198477,59181,3,GZ,1,100,2.319,-5.615,-5.981
3198477,59182,3,MX,1,100,65,65,66
3198477,59183,3,MY,1,100,37,35,36
3198477,59184,3,MZ,1,100,18,18,19
"
2026-03-04T23:59:50.819Z,1772668790819,10.168.15.94,3132,"3198571,59185,2,PI,1,100,148426,148393
3198571,59186,2,PR,1,100,113230,113197
3198571,59187,2,PG,1,100,9511,9509
3198543,59188,1,EA,1,100,0.244258
3198543,59189,1,EL,1,100,-13915.799805
3198536,59190,1,T1,1,100,36.300
3198551,59191,1,TH,1,100,35.049
3198557,59192,2,AX,1,100,0.800,0.811
3198557,59193,2,AY,1,100,0.560,0.547
3198557,59194,2,AZ,1,100,0.218,0.240
3198557,59195,2,GX,1,100,-0.397,-9.003
3198557,59196,2,GY,1,100,-4.303,-4.517
3198557,59197,2,GZ,1,100,1.923,3.265
3198557,59198,2,MX,1,100,65,66
"
2026-03-04T23:59:50.822Z,1772668790822,10.168.15.94,3132,"3198557,59199,2,MY,1,100,37,36
3198557,59200,2,MZ,1,100,16,18
"
2026-03-04T23:59:50.871Z,1772668790871,10.168.15.94,3132,"3198659,59201,4,EM,1,100,RS,RE,PS,MN
"
2026-03-04T23:59:50.921Z,1772668790921,10.168.15.94,3132,"3198659,59201,4,EM,1,100,RS,RE,PS,MN
3198676,59202,1,SF,1,100,4.5271
3198691,59203,3,PI,1,100,148371,148340,148331
3198691,59204,3,PR,1,100,113186,113190,113160
3198691,59205,3,PG,1,100,9495,9512,9503
3198676,59206,2,EA,1,100,0.244258,0.244318
3198676,59207,2,EL,1,100,-13915.799805,-13917.200195
3198669,59208,1,T1,1,100,36.165
3198684,59209,1,TH,1,100,34.952
3198677,59210,3,AX,1,100,0.795,0.799,0.809
3198677,59211,3,AY,1,100,0.544,0.531,0.595
3198677,59212,3,AZ,1,100,0.260,0.277,0.224
"
2026-03-04T23:59:50.923Z,1772668790923,10.168.15.94,3132,"3198677,59213,3,GX,1,100,-6.622,0.244,7.233
3198677,59214,3,GY,1,100,-2.350,-7.996,-2.899
3198677,59215,3,GZ,1,100,-1.770,-4.395,-0.214
3198677,59216,3,MX,1,100,65,66,66
3198677,59217,3,MY,1,100,37,35,37
3198677,59218,3,MZ,1,100,18,17,17
"
2026-03-04T23:59:51.024Z,1772668791024,10.168.15.94,3132,"3198771,59219,2,PI,1,100,148296,148290
3198771,59220,2,PR,1,100,113122,113127
3198771,59221,2,PG,1,100,9509,9517
3198743,59222,1,EA,1,100,0.244283
3198743,59223,1,EL,1,100,-13916.400391
3198757,59224,2,AX,1,100,0.834,0.818
3198757,59225,2,AY,1,100,0.570,0.540
3198757,59226,2,AZ,1,100,0.200,0.228
3198757,59227,2,GX,1,100,3.021,-3.448
3198757,59228,2,GY,1,100,-1.587,0.763
3198757,59229,2,GZ,1,100,4.639,2.106
3198757,59230,2,MX,1,100,65,66
3198757,59231,2,MY,1,100,36,35
3198757,59232,2,MZ,1,100,17,17
"
2026-03-04T23:59:51.071Z,1772668791071,10.168.15.94,3132,"3198860,59233,4,EM,1,100,RS,RE,PS,MN
"
2026-03-04T23:59:51.130Z,1772668791130,10.168.15.94,3132,"3198860,59233,4,EM,1,100,RS,RE,PS,MN
3198891,59234,3,PI,1,100,148281,148233,148222
3198891,59235,3,PR,1,100,113108,113093,113077
3198891,59236,3,PG,1,100,9529,9495,9468
3198876,59237,2,EA,1,100,0.244266,0.244352
3198876,59238,2,EL,1,100,-13916.000000,-13918.000000
3198803,59239,1,T1,1,100,36.178
3198818,59240,1,TH,1,100,34.952
3198877,59241,3,AX,1,100,0.790,0.805,0.794
3198877,59242,3,AY,1,100,0.535,0.583,0.579
3198877,59243,3,AZ,1,100,0.258,0.231,0.218
3198877,59244,3,GX,1,100,-2.960,2.197,4.242
"
2026-03-04T23:59:51.137Z,1772668791137,10.168.15.94,3132,"3198877,59245,3,GY,1,100,-2.655,-3.021,1.953
3198877,59246,3,GZ,1,100,-1.953,0.305,6.287
3198877,59247,3,MX,1,100,65,66,66
3198877,59248,3,MY,1,100,36,36,36
3198877,59249,3,MZ,1,100,18,17,17
"
2026-03-04T23:59:51.230Z,1772668791230,10.168.15.94,3132,"3198943,59250,1,SF,1,100,4.4747
3198971,59251,2,PI,1,100,148210,148210
3198971,59252,2,PR,1,100,113093,113071
3198971,59253,2,PG,1,100,9480,9461
3198943,59254,1,EA,1,100,0.244300
3198943,59255,1,EL,1,100,-13916.799805
3198936,59256,1,T1,1,100,36.290
3198951,59257,1,TH,1,100,35.105
3198957,59258,2,AX,1,100,0.872,0.823
3198957,59259,2,AY,1,100,0.556,0.524
3198957,59260,2,AZ,1,100,0.203,0.215
3198957,59261,2,GX,1,100,3.174,-0.702
3198957,59262,2,GY,1,100,-3.326,-0.031
3198957,59263,2,GZ,1,100,7.751,0.427
"
2026-03-04T23:59:51.230Z,1772668791230,10.168.15.94,3132,"3198957,59264,2,MX,1,100,64,65
3198957,59265,2,MY,1,100,37,37
3198957,59266,2,MZ,1,100,17,18
"
2026-03-04T23:59:51.274Z,1772668791274,10.168.15.94,3132,"3199061,59267,4,EM,1,100,RS,RE,PS,MN
"
2026-03-04T23:59:51.331Z,1772668791331,10.168.15.94,3132,"3199061,59267,4,EM,1,100,RS,RE,PS,MN
3199091,59268,3,PI,1,100,148210,148214,148218
3199091,59269,3,PR,1,100,113076,113072,113078
3199091,59270,3,PG,1,100,9457,9453,9465
3199076,59271,2,EA,1,100,0.244207,0.244241
3199076,59272,2,EL,1,100,-13914.599609,-13915.400391
3199069,59273,1,T1,1,100,36.267
3199084,59274,1,TH,1,100,35.105
3199091,59275,3,AX,1,100,0.766,0.775,0.833
3199091,59276,3,AY,1,100,0.542,0.528,0.564
3199091,59277,3,AZ,1,100,0.260,0.250,0.221
3199091,59278,3,GX,1,100,-4.211,-2.106,3.143
"
2026-03-04T23:59:51.332Z,1772668791332,10.168.15.94,3132,"3199091,59279,3,GY,1,100,1.221,-1.190,-1.038
3199091,59280,3,GZ,1,100,-6.256,-1.190,7.782
3199091,59281,3,MX,1,100,65,66,64
3199091,59282,3,MY,1,100,37,37,37
3199091,59283,3,MZ,1,100,17,18,16
"
2026-03-04T23:59:51.434Z,1772668791434,10.168.15.94,3132,"3199171,59284,2,PI,1,100,148232,148241
3199171,59285,2,PR,1,100,113089,113105
3199171,59286,2,PG,1,100,9453,9470
3199143,59287,1,EA,1,100,0.244104
3199143,59288,1,EL,1,100,-13912.200195
3199203,59289,1,T1,1,100,36.222
3199171,59290,2,AX,1,100,0.858,0.817
3199171,59291,2,AY,1,100,0.560,0.574
3199171,59292,2,AZ,1,100,0.202,0.211
3199171,59293,2,GX,1,100,5.127,2.869
3199171,59294,2,GY,1,100,-3.845,-3.937
3199171,59295,2,GZ,1,100,6.378,0.305
3199171,59296,2,MX,1,100,65,65
3199171,59297,2,MY,1,100,37,37
"
2026-03-04T23:59:51.435Z,1772668791435,10.168.15.94,3132,"3199171,59298,2,MZ,1,100,16,16
"
2026-03-04T23:59:51.478Z,1772668791478,10.168.15.94,3132,"3199265,59299,4,EM,1,100,RS,RE,PS,MN
"
2026-03-04T23:59:51.535Z,1772668791535,10.168.15.94,3132,"3199265,59299,4,EM,1,100,RS,RE,PS,MN
3199251,59300,1,BI,1,100,2080
3199251,59301,1,HR,1,100,45.42
3199276,59302,1,SF,1,100,4.4229
3199291,59303,3,PI,1,100,148274,148276,148280
3199291,59304,3,PR,1,100,113105,113116,113107
3199291,59305,3,PG,1,100,9470,9474,9474
3199276,59306,2,EA,1,100,0.244258,0.244164
3199276,59307,2,EL,1,100,-13915.799805,-13913.599609
3199218,59308,1,TH,1,100,34.942
3199291,59309,3,AX,1,100,0.823,0.831,0.812
3199291,59310,3,AY,1,100,0.552,0.551,0.554
"
2026-03-04T23:59:51.535Z,1772668791535,10.168.15.94,3132,"3199291,59311,3,AZ,1,100,0.210,0.238,0.221
3199291,59312,3,GX,1,100,0.519,-2.899,0.183
3199291,59313,3,GY,1,100,-1.221,-2.472,1.343
3199291,59314,3,GZ,1,100,-2.350,-0.061,-2.289
3199291,59315,3,MX,1,100,65,65,65
3199291,59316,3,MY,1,100,38,37,37
3199291,59317,3,MZ,1,100,16,16,16
"
2026-03-04T23:59:51.644Z,1772668791644,10.168.15.94,3132,"3199371,59318,2,PI,1,100,148322,148324
3199371,59319,2,PR,1,100,113125,113126
3199371,59320,2,PG,1,100,9499,9499
3199343,59321,1,EA,1,100,0.244002
3199343,59322,1,EL,1,100,-13909.799805
3199336,59323,1,T1,1,100,36.238
3199351,59324,1,TH,1,100,34.942
3199371,59325,2,AX,1,100,0.787,0.820
3199371,59326,2,AY,1,100,0.537,0.529
3199371,59327,2,AZ,1,100,0.214,0.205
3199371,59328,2,GX,1,100,-0.732,-4.059
3199371,59329,2,GY,1,100,3.571,4.303
3199371,59330,2,GZ,1,100,-0.427,1.495
3199371,59331,2,MX,1,100,65,65
"
2026-03-04T23:59:51.645Z,1772668791645,10.168.15.94,3132,"3199371,59332,2,MY,1,100,37,36
3199371,59333,2,MZ,1,100,17,17
"
2026-03-04T23:59:51.682Z,1772668791682,10.168.15.94,3132,"3199466,59334,4,EM,1,100,RS,RE,PS,MN
"
2026-03-04T23:59:51.740Z,1772668791740,10.168.15.94,3132,"3199466,59334,4,EM,1,100,RS,RE,PS,MN
3199491,59335,3,PI,1,100,148340,148362,148379
3199491,59336,3,PR,1,100,113145,113158,113188
3199491,59337,3,PG,1,100,9499,9490,9501
3199476,59338,2,EA,1,100,0.243951,0.244045
3199476,59339,2,EL,1,100,-13908.599609,-13910.799805
3199469,59340,1,T1,1,100,36.209
3199484,59341,1,TH,1,100,35.090
3199491,59342,3,AX,1,100,0.815,0.800,0.861
3199491,59343,3,AY,1,100,0.527,0.522,0.572
3199491,59344,3,AZ,1,100,0.220,0.228,0.235
3199491,59345,3,GX,1,100,-3.510,-0.153,3.021
"
2026-03-04T23:59:51.740Z,1772668791740,10.168.15.94,3132,"3199491,59346,3,GY,1,100,7.904,5.219,1.251
3199491,59347,3,GZ,1,100,-1.099,-4.211,-4.974
3199491,59348,3,MX,1,100,65,66,65
3199491,59349,3,MY,1,100,37,37,37
3199491,59350,3,MZ,1,100,17,16,19
"
2026-03-04T23:59:51.848Z,1772668791848,10.168.15.94,3132,"3199571,59351,2,PI,1,100,148395,148382
3199571,59352,2,PR,1,100,113197,113194
3199571,59353,2,PG,1,100,9491,9512
3199543,59354,1,EA,1,100,0.243934
3199543,59355,1,EL,1,100,-13908.200195
3199603,59356,1,T1,1,100,36.232
3199571,59357,2,AX,1,100,0.811,0.751
3199571,59358,2,AY,1,100,0.549,0.605
3199571,59359,2,AZ,1,100,0.262,0.212
3199571,59360,2,GX,1,100,2.228,4.944
3199571,59361,2,GY,1,100,3.082,6.165
3199571,59362,2,GZ,1,100,-11.322,-18.951
3199571,59363,2,MX,1,100,65,66
3199571,59364,2,MY,1,100,35,35
"
2026-03-04T23:59:51.848Z,1772668791848,10.168.15.94,3132,"3199571,59365,2,MZ,1,100,18,18
"
2026-03-04T23:59:51.879Z,1772668791879,10.168.15.94,3132,"3199667,59366,4,EM,1,100,RS,RE,PS,MN
"
2026-03-04T23:59:51.948Z,1772668791948,10.168.15.94,3132,"3199667,59366,4,EM,1,100,RS,RE,PS,MN
3199676,59367,1,SF,1,100,4.3718
3199691,59368,3,PI,1,100,148374,148377,148380
3199691,59369,3,PR,1,100,113181,113187,113160
3199691,59370,3,PG,1,100,9510,9527,9510
3199676,59371,2,EA,1,100,0.244053,0.244036
3199676,59372,2,EL,1,100,-13911.000000,-13910.599609
3199618,59373,1,TH,1,100,35.090
3199691,59374,3,AX,1,100,0.793,0.751,0.799
3199691,59375,3,AY,1,100,0.555,0.573,0.522
3199691,59376,3,AZ,1,100,0.213,0.227,0.246
3199691,59377,3,GX,1,100,-1.068,-8.301,-3.418
"
2026-03-04T23:59:51.948Z,1772668791948,10.168.15.94,3132,"3199691,59378,3,GY,1,100,2.289,-0.641,-0.977
3199691,59379,3,GZ,1,100,-8.636,-1.007,-1.801
3199691,59380,3,MX,1,100,66,66,66
3199691,59381,3,MY,1,100,36,35,35
3199691,59382,3,MZ,1,100,19,19,19
"
2026-03-04T23:59:52.040Z,1772668792040,10.168.15.94,3132,"3199811,59383,3,PI,1,100,148349,148343,148339
3199811,59384,3,PR,1,100,113163,113148,113164
3199811,59385,3,PG,1,100,9516,9512,9528
3199809,59386,2,EA,1,100,0.243908,0.243849
3199809,59387,2,EL,1,100,-13907.599609,-13906.200195
3199736,59388,1,T1,1,100,36.171
3199751,59389,1,TH,1,100,35.080
3199811,59390,3,AX,1,100,0.838,0.714,0.770
3199811,59391,3,AY,1,100,0.529,0.631,0.584
3199811,59392,3,AZ,1,100,0.241,0.239,0.231
3199811,59393,3,GX,1,100,9.216,2.075,-3.967
3199811,59394,3,GY,1,100,-5.127,1.678,0.519
"
2026-03-04T23:59:52.042Z,1772668792042,10.168.15.94,3132,"3199811,59395,3,GZ,1,100,-2.747,-5.371,-1.862
3199811,59396,3,MX,1,100,67,67,66
3199811,59397,3,MY,1,100,35,36,35
3199811,59398,3,MZ,1,100,17,17,17
"
2026-03-04T23:59:52.082Z,1772668792082,10.168.15.94,3132,"3199868,59399,4,EM,1,100,RS,RE,PS,MN
"
2026-03-04T23:59:52.152Z,1772668792152,10.168.15.94,3132,"3199868,59399,4,EM,1,100,RS,RE,PS,MN
3199891,59400,2,PI,1,100,148332,148334
3199891,59401,2,PR,1,100,113140,113153
3199891,59402,2,PG,1,100,9541,9540
3199876,59403,1,EA,1,100,0.243968
3199876,59404,1,EL,1,100,-13909.000000
3199869,59405,1,T1,1,100,36.216
3199884,59406,1,TH,1,100,35.073
3199891,59407,2,AX,1,100,0.769,0.824
3199891,59408,2,AY,1,100,0.574,0.515
3199891,59409,2,AZ,1,100,0.237,0.252
3199891,59410,2,GX,1,100,-6.256,-4.822
3199891,59411,2,GY,1,100,-4.150,-5.310
"
2026-03-04T23:59:52.153Z,1772668792153,10.168.15.94,3132,"3199891,59412,2,GZ,1,100,5.310,3.876
3199891,59413,2,MX,1,100,66,67
3199891,59414,2,MY,1,100,35,35
3199891,59415,2,MZ,1,100,19,18
"
2026-03-04T23:59:52.250Z,1772668792250,10.168.15.94,3132,"3200009,59416,1,SF,1,100,4.3212
3200011,59417,3,PI,1,100,148341,148350,148316
3200011,59418,3,PR,1,100,113173,113156,113143
3200011,59419,3,PG,1,100,9548,9554,9523
3200009,59420,2,EA,1,100,0.244053,0.243942
3200009,59421,2,EL,1,100,-13911.000000,-13908.400391
3200003,59422,1,T1,1,100,36.093
3200017,59423,1,TH,1,100,35.039
3200011,59424,3,AX,1,100,0.797,0.807,0.736
3200011,59425,3,AY,1,100,0.561,0.604,0.594
3200011,59426,3,AZ,1,100,0.236,0.241,0.235
3200011,59427,3,GX,1,100,5.432,1.160,2.686
"
2026-03-04T23:59:52.252Z,1772668792252,10.168.15.94,3132,"3200011,59428,3,GY,1,100,-1.709,1.221,-0.458
3200011,59429,3,GZ,1,100,1.251,0.885,-1.892
3200011,59430,3,MX,1,100,67,66,66
3200011,59431,3,MY,1,100,35,35,35
3200011,59432,3,MZ,1,100,18,18,18
"
2026-03-04T23:59:52.254Z,1772668792254,10.168.15.94,3132,"3200043,59433,2,RD,1,100,TL,TU
"
2026-03-04T23:59:52.359Z,1772668792359,10.168.15.94,3132,"3200146,59434,4,EM,1,100,RS,RE,PS,MN
"
2026-03-04T23:59:52.386Z,1772668792386,10.168.15.94,3132,"3200043,59433,2,RD,1,100,TL,TU
3200146,59434,4,EM,1,100,RS,RE,PS,MN
3200131,59435,3,PI,1,100,148316,148322,148348
3200131,59436,3,PR,1,100,113138,113159,113166
3200131,59437,3,PG,1,100,9524,9534,9528
3200143,59438,2,EA,1,100,0.243917,0.243985
3200143,59439,2,EL,1,100,-13907.799805,-13909.400391
3200136,59440,1,T1,1,100,36.147
3200151,59441,1,TH,1,100,35.039
3200131,59442,3,AX,1,100,0.817,0.827,0.768
3200131,59443,3,AY,1,100,0.551,0.574,0.579
3200131,59444,3,AZ,1,100,0.229,0.257,0.279
"
2026-03-04T23:59:52.386Z,1772668792386,10.168.15.94,3132,"3200131,59445,3,GX,1,100,-2.319,-6.805,2.747
3200131,59446,3,GY,1,100,2.472,0.488,0.519
3200131,59447,3,GZ,1,100,3.235,4.303,-7.111
3200131,59448,3,MX,1,100,66,67,67
3200131,59449,3,MY,1,100,35,36,35
3200131,59450,3,MZ,1,100,18,18,18
"
2026-03-04T23:59:52.482Z,1772668792482,10.168.15.94,3132,"3200211,59451,1,BI,1,100,960
3200211,59452,1,HR,1,100,49.22
3200251,59453,3,PI,1,100,148360,148379,148394
3200251,59454,3,PR,1,100,113181,113174,113206
3200251,59455,3,PG,1,100,9533,9532,9551
3200209,59456,1,EA,1,100,0.243925
3200209,59457,1,EL,1,100,-13908.000000
3200251,59458,3,AX,1,100,0.776,0.761,0.772
3200251,59459,3,AY,1,100,0.577,0.564,0.550
3200251,59460,3,AZ,1,100,0.237,0.229,0.227
3200251,59461,3,GX,1,100,7.080,0.549,-4.791
3200251,59462,3,GY,1,100,10.284,2.686,5.280
"
2026-03-04T23:59:52.493Z,1772668792493,10.168.15.94,3132,"3200251,59463,3,GZ,1,100,-12.115,-0.793,5.280
3200251,59464,3,MX,1,100,66,67,67
3200251,59465,3,MY,1,100,35,35,35
3200251,59466,3,MZ,1,100,19,19,19
"
2026-03-04T23:59:52.560Z,1772668792560,10.168.15.94,3132,"3200347,59467,4,EM,1,100,RS,RE,PS,MN
"
2026-03-04T23:59:52.587Z,1772668792587,10.168.15.94,3132,"3200347,59467,4,EM,1,100,RS,RE,PS,MN
3200343,59468,1,SF,1,100,4.2712
3200331,59469,2,PI,1,100,148429,148446
3200331,59470,2,PR,1,100,113214,113241
3200331,59471,2,PG,1,100,9545,9542
3200343,59472,2,EA,1,100,0.243891,0.243959
3200343,59473,2,EL,1,100,-13907.200195,-13908.799805
3200269,59474,1,T1,1,100,36.064
3200284,59475,1,TH,1,100,35.052
3200331,59476,2,AX,1,100,0.795,0.826
3200331,59477,2,AY,1,100,0.504,0.565
3200331,59478,2,AZ,1,100,0.246,0.253
3200331,59479,2,GX,1,100,-4.425,2.075
"
2026-03-04T23:59:52.587Z,1772668792587,10.168.15.94,3132,"3200331,59480,2,GY,1,100,3.113,-3.906
3200331,59481,2,GZ,1,100,4.852,3.082
3200331,59482,2,MX,1,100,67,67
3200331,59483,2,MY,1,100,37,36
3200331,59484,2,MZ,1,100,17,17
"
2026-03-04T23:59:52.688Z,1772668792688,10.168.15.94,3132,"3200451,59485,3,PI,1,100,148477,148466,148471
3200451,59486,3,PR,1,100,113252,113262,113243
3200451,59487,3,PG,1,100,9578,9585,9573
3200409,59488,1,EA,1,100,0.244010
3200409,59489,1,EL,1,100,-13910.000000
3200403,59490,1,T1,1,100,36.098
3200417,59491,1,TH,1,100,35.052
3200451,59492,3,AX,1,100,0.767,0.773,0.832
3200451,59493,3,AY,1,100,0.591,0.586,0.519
3200451,59494,3,AZ,1,100,0.255,0.247,0.285
3200451,59495,3,GX,1,100,4.333,-0.458,-2.350
3200451,59496,3,GY,1,100,0.305,-1.801,-0.519
"
2026-03-04T23:59:52.690Z,1772668792690,10.168.15.94,3132,"3200451,59497,3,GZ,1,100,-2.747,-0.031,4.761
3200451,59498,3,MX,1,100,67,66,67
3200451,59499,3,MY,1,100,35,35,36
3200451,59500,3,MZ,1,100,19,18,19
"
2026-03-04T23:59:52.767Z,1772668792767,10.168.15.94,3132,"3200548,59501,4,EM,1,100,RS,RE,PS,MN
"
2026-03-04T23:59:52.783Z,1772668792783,10.168.15.94,3132,"3200548,59501,4,EM,1,100,RS,RE,PS,MN
3200544,59502,2,PI,1,100,148461,148432
3200544,59503,2,PR,1,100,113246,113233
3200544,59504,2,PG,1,100,9585,9559
3200543,59505,2,EA,1,100,0.243951,0.243900
3200543,59506,2,EL,1,100,-13908.599609,-13907.400391
3200536,59507,1,T1,1,100,36.113
3200551,59508,1,TH,1,100,35.006
3200530,59509,2,AX,1,100,0.797,0.783
3200530,59510,2,AY,1,100,0.625,0.585
3200530,59511,2,AZ,1,100,0.248,0.246
3200530,59512,2,GX,1,100,4.913,4.791
3200530,59513,2,GY,1,100,-3.571,4.608
"
2026-03-04T23:59:52.788Z,1772668792788,10.168.15.94,3132,"3200530,59514,2,GZ,1,100,-0.946,-4.425
3200530,59515,2,MX,1,100,66,67
3200530,59516,2,MY,1,100,37,35
3200530,59517,2,MZ,1,100,18,19
"
2026-03-04T23:59:52.893Z,1772668792893,10.168.15.94,3132,"3200609,59518,1,SF,1,100,4.2218
3200624,59519,2,PI,1,100,148413,148408
3200624,59520,2,PR,1,100,113236,113201
3200624,59521,2,PG,1,100,9557,9556
3200609,59522,1,EA,1,100,0.243900
3200609,59523,1,EL,1,100,-13907.400391
3200650,59524,3,AX,1,100,0.761,0.785,0.818
3200650,59525,3,AY,1,100,0.545,0.563,0.551
3200650,59526,3,AZ,1,100,0.224,0.225,0.268
3200650,59527,3,GX,1,100,5.005,1.923,0.092
3200650,59528,3,GY,1,100,-1.007,0.183,-1.068
3200650,59529,3,GZ,1,100,1.129,8.148,7.172
3200650,59530,3,MX,1,100,66,66,65
"
2026-03-04T23:59:52.894Z,1772668792894,10.168.15.94,3132,"3200650,59531,3,MY,1,100,37,35,34
3200650,59532,3,MZ,1,100,17,18,17
"
2026-03-04T23:59:52.966Z,1772668792966,10.168.15.94,3132,"3200749,59533,4,EM,1,100,RS,RE,PS,MN
"
2026-03-04T23:59:52.987Z,1772668792987,10.168.15.94,3132,"3200749,59533,4,EM,1,100,RS,RE,PS,MN
3200744,59534,3,PI,1,100,148428,148441,148428
3200744,59535,3,PR,1,100,113217,113256,113230
3200744,59536,3,PG,1,100,9548,9557,9535
3200743,59537,2,EA,1,100,0.243942,0.243942
3200743,59538,2,EL,1,100,-13908.400391,-13908.400391
3200669,59539,1,T1,1,100,36.155
3200684,59540,1,TH,1,100,35.006
3200730,59541,2,AX,1,100,0.802,0.815
3200730,59542,2,AY,1,100,0.567,0.575
3200730,59543,2,AZ,1,100,0.275,0.245
3200730,59544,2,GX,1,100,5.157,7.324
"
2026-03-04T23:59:52.988Z,1772668792988,10.168.15.94,3132,"3200730,59545,2,GY,1,100,-3.784,2.319
3200730,59546,2,GZ,1,100,-0.519,-6.958
3200730,59547,2,MX,1,100,66,67
3200730,59548,2,MY,1,100,36,35
3200730,59549,2,MZ,1,100,19,18
"
2026-03-04T23:59:53.102Z,1772668793102,10.168.15.94,3132,"3200864,59550,3,PI,1,100,148406,148431,148427
3200864,59551,3,PR,1,100,113217,113223,113239
3200864,59552,3,PG,1,100,9536,9552,9564
3200809,59553,1,EA,1,100,0.243823
3200809,59554,1,EL,1,100,-13905.599609
3200803,59555,1,T1,1,100,36.138
3200817,59556,1,TH,1,100,35.075
3200850,59557,3,AX,1,100,0.772,0.788,0.794
3200850,59558,3,AY,1,100,0.559,0.568,0.483
3200850,59559,3,AZ,1,100,0.230,0.215,0.262
3200850,59560,3,GX,1,100,2.899,-2.960,-5.035
3200850,59561,3,GY,1,100,0.854,1.434,-1.678
"
2026-03-04T23:59:53.102Z,1772668793102,10.168.15.94,3132,"3200850,59562,3,GZ,1,100,-0.671,3.479,2.991
3200850,59563,3,MX,1,100,66,67,66
3200850,59564,3,MY,1,100,36,35,35
3200850,59565,3,MZ,1,100,18,18,19
"
2026-03-04T23:59:53.166Z,1772668793166,10.168.15.94,3132,"3200953,59566,4,EM,1,100,RS,RE,PS,MN
"
2026-03-04T23:59:53.204Z,1772668793204,10.168.15.94,3132,"3200953,59566,4,EM,1,100,RS,RE,PS,MN
3200904,59567,1,BI,1,100,680
3200904,59568,1,HR,1,100,57.89
3200943,59569,1,SF,1,100,4.1729
3200944,59570,2,PI,1,100,148439,148497
3200944,59571,2,PR,1,100,113241,113265
3200944,59572,2,PG,1,100,9554,9576
3200943,59573,2,EA,1,100,0.243687,0.243840
3200943,59574,2,EL,1,100,-13902.400391,-13906.000000
3200936,59575,1,T1,1,100,36.095
3200951,59576,1,TH,1,100,35.075
3200930,59577,2,AX,1,100,0.854,0.789
3200930,59578,2,AY,1,100,0.667,0.587
"
2026-03-04T23:59:53.204Z,1772668793204,10.168.15.94,3132,"3200930,59579,2,AZ,1,100,0.229,0.280
3200930,59580,2,GX,1,100,2.228,4.944
3200930,59581,2,GY,1,100,-3.754,-0.488
3200930,59582,2,GZ,1,100,2.441,-3.326
3200930,59583,2,MX,1,100,66,67
3200930,59584,2,MY,1,100,37,36
3200930,59585,2,MZ,1,100,17,17
3200909,59586,1,BV,1,100,3.90
3200909,59587,1,B%,1,100,77
"
2026-03-04T23:59:53.299Z,1772668793299,10.168.15.94,3132,"3201064,59588,3,PI,1,100,148496,148506,148522
3201064,59589,3,PR,1,100,113278,113274,113316
3201064,59590,3,PG,1,100,9595,9588,9576
3201009,59591,1,EA,1,100,0.243934
3201009,59592,1,EL,1,100,-13908.200195
3201050,59593,3,AX,1,100,0.750,0.793,0.781
3201050,59594,3,AY,1,100,0.567,0.582,0.573
3201050,59595,3,AZ,1,100,0.245,0.219,0.267
3201050,59596,3,GX,1,100,4.974,-0.885,-5.249
3201050,59597,3,GY,1,100,3.174,2.594,1.343
3201050,59598,3,GZ,1,100,-8.606,2.380,5.798
3201050,59599,3,MX,1,100,66,66,67
"
2026-03-04T23:59:53.302Z,1772668793302,10.168.15.94,3132,"3201050,59600,3,MY,1,100,37,35,35
3201050,59601,3,MZ,1,100,17,17,19
"
2026-03-04T23:59:53.371Z,1772668793371,10.168.15.94,3132,"3201154,59602,4,EM,1,100,RS,RE,PS,MN
"
2026-03-04T23:59:53.398Z,1772668793398,10.168.15.94,3132,"3201154,59602,4,EM,1,100,RS,RE,PS,MN
3201144,59603,2,PI,1,100,148546,148563
3201144,59604,2,PR,1,100,113341,113360
3201144,59605,2,PG,1,100,9570,9559
3201143,59606,2,EA,1,100,0.243968,0.243993
3201143,59607,2,EL,1,100,-13909.000000,-13909.599609
3201069,59608,1,T1,1,100,36.289
3201084,59609,1,TH,1,100,34.989
3201170,59610,3,AX,1,100,0.865,0.760,0.771
3201170,59611,3,AY,1,100,0.622,0.612,0.567
3201170,59612,3,AZ,1,100,0.231,0.244,0.224
3201170,59613,3,GX,1,100,1.099,5.493,1.709
"
2026-03-04T23:59:53.399Z,1772668793399,10.168.15.94,3132,"3201170,59614,3,GY,1,100,-0.336,2.716,1.648
3201170,59615,3,GZ,1,100,-0.977,-8.514,-7.721
3201170,59616,3,MX,1,100,66,66,66
3201170,59617,3,MY,1,100,37,35,36
3201170,59618,3,MZ,1,100,19,18,17
"
2026-03-04T23:59:53.502Z,1772668793502,10.168.15.94,3132,"3201264,59619,3,PI,1,100,148548,148557,148556
3201264,59620,3,PR,1,100,113375,113396,113368
3201264,59621,3,PG,1,100,9566,9586,9586
3201209,59622,1,EA,1,100,0.244053
3201209,59623,1,EL,1,100,-13911.000000
3201202,59624,1,T1,1,100,36.338
3201217,59625,1,TH,1,100,34.989
3201250,59626,2,AX,1,100,0.769,0.790
3201250,59627,2,AY,1,100,0.572,0.570
3201250,59628,2,AZ,1,100,0.233,0.246
3201250,59629,2,GX,1,100,-5.157,-6.714
3201250,59630,2,GY,1,100,-2.899,-3.784
3201250,59631,2,GZ,1,100,-1.801,0.397
"
2026-03-04T23:59:53.502Z,1772668793502,10.168.15.94,3132,"3201250,59632,2,MX,1,100,67,66
3201250,59633,2,MY,1,100,35,35
3201250,59634,2,MZ,1,100,17,18
"
2026-03-04T23:59:53.568Z,1772668793568,10.168.15.94,3132,"3201357,59635,4,EM,1,100,RS,RE,PS,MN
"
2026-03-04T23:59:53.601Z,1772668793601,10.168.15.94,3132,"3201357,59635,4,EM,1,100,RS,RE,PS,MN
3201343,59636,1,SF,1,100,4.1247
3201344,59637,2,PI,1,100,148528,148523
3201344,59638,2,PR,1,100,113356,113320
3201344,59639,2,PG,1,100,9556,9561
3201343,59640,2,EA,1,100,0.243976,0.244028
3201343,59641,2,EL,1,100,-13909.200195,-13910.400391
3201336,59642,1,T1,1,100,36.217
3201351,59643,1,TH,1,100,35.052
3201370,59644,3,AX,1,100,0.805,0.817,0.772
3201370,59645,3,AY,1,100,0.577,0.578,0.564
3201370,59646,3,AZ,1,100,0.239,0.240,0.254
"
2026-03-04T23:59:53.601Z,1772668793601,10.168.15.94,3132,"3201370,59647,3,GX,1,100,-2.167,-1.740,-0.397
3201370,59648,3,GY,1,100,-5.951,-4.333,-3.754
3201370,59649,3,GZ,1,100,0.061,-3.662,-5.463
3201370,59650,3,MX,1,100,66,68,67
3201370,59651,3,MY,1,100,35,35,34
3201370,59652,3,MZ,1,100,18,18,18
"
2026-03-04T23:59:53.704Z,1772668793704,10.168.15.94,3132,"3201464,59653,3,PI,1,100,148471,148435,148402
3201464,59654,3,PR,1,100,113263,113239,113193
3201464,59655,3,PG,1,100,9567,9551,9548
3201409,59656,1,EA,1,100,0.243934
3201409,59657,1,EL,1,100,-13908.200195
3201469,59658,1,T1,1,100,36.271
3201450,59659,2,AX,1,100,0.798,0.782
3201450,59660,2,AY,1,100,0.579,0.569
3201450,59661,2,AZ,1,100,0.226,0.240
3201450,59662,2,GX,1,100,2.472,2.014
3201450,59663,2,GY,1,100,-0.153,0.824
3201450,59664,2,GZ,1,100,-1.709,1.556
3201450,59665,2,MX,1,100,67,66
"
2026-03-04T23:59:53.705Z,1772668793705,10.168.15.94,3132,"3201450,59666,2,MY,1,100,35,34
3201450,59667,2,MZ,1,100,17,18
"
2026-03-04T23:59:53.771Z,1772668793771,10.168.15.94,3132,"3201558,59668,4,EM,1,100,RS,RE,PS,MN
"
2026-03-04T23:59:53.829Z,1772668793829,10.168.15.94,3132,"3201558,59668,4,EM,1,100,RS,RE,PS,MN
3201544,59669,2,PI,1,100,148357,148351
3201544,59670,2,PR,1,100,113150,113166
3201544,59671,2,PG,1,100,9553,9559
3201543,59672,2,EA,1,100,0.243908,0.243985
3201543,59673,2,EL,1,100,-13907.599609,-13909.400391
3201484,59674,1,TH,1,100,35.052
3201570,59675,3,AX,1,100,0.781,0.788,0.772
3201570,59676,3,AY,1,100,0.594,0.593,0.562
3201570,59677,3,AZ,1,100,0.228,0.242,0.251
3201570,59678,3,GX,1,100,2.716,4.120,4.517
3201570,59679,3,GY,1,100,-1.038,-2.045,-0.275
"
2026-03-04T23:59:53.830Z,1772668793830,10.168.15.94,3132,"3201570,59680,3,GZ,1,100,1.251,-0.366,-2.838
3201570,59681,3,MX,1,100,67,66,67
3201570,59682,3,MY,1,100,34,34,35
3201570,59683,3,MZ,1,100,17,18,18
"
2026-03-04T23:59:53.903Z,1772668793903,10.168.15.94,3132,"3201609,59684,1,SF,1,100,4.0770
3201664,59685,3,PI,1,100,148370,148360,148379
3201664,59686,3,PR,1,100,113168,113169,113190
3201664,59687,3,PG,1,100,9555,9556,9560
3201609,59688,1,EA,1,100,0.243832
3201609,59689,1,EL,1,100,-13905.799805
3201603,59690,1,T1,1,100,36.188
3201617,59691,1,TH,1,100,35.100
3201650,59692,2,AX,1,100,0.781,0.777
3201650,59693,2,AY,1,100,0.593,0.580
3201650,59694,2,AZ,1,100,0.213,0.206
3201650,59695,2,GX,1,100,8.484,5.188
3201650,59696,2,GY,1,100,-1.495,1.221
"
2026-03-04T23:59:53.905Z,1772668793905,10.168.15.94,3132,"3201650,59697,2,GZ,1,100,1.312,4.578
3201650,59698,2,MX,1,100,66,67
3201650,59699,2,MY,1,100,34,35
3201650,59700,2,MZ,1,100,17,16
"
2026-03-04T23:59:53.972Z,1772668793972,10.168.15.94,3132,"3201759,59701,4,EM,1,100,RS,RE,PS,MN
"
2026-03-04T23:59:54.003Z,1772668794003,10.168.15.94,3132,"3201759,59701,4,EM,1,100,RS,RE,PS,MN
3201744,59702,2,PI,1,100,148407,148466
3201744,59703,2,PR,1,100,113210,113251
3201744,59704,2,PG,1,100,9541,9533
3201743,59705,2,EA,1,100,0.243917,0.243866
3201743,59706,2,EL,1,100,-13907.799805,-13906.599609
3201736,59707,1,T1,1,100,36.152
3201751,59708,1,TH,1,100,35.100
3201770,59709,3,AX,1,100,0.789,0.863,0.789
3201770,59710,3,AY,1,100,0.583,0.552,0.598
3201770,59711,3,AZ,1,100,0.203,0.238,0.263
3201770,59712,3,GX,1,100,-0.275,-1.343,1.312
"
2026-03-04T23:59:54.003Z,1772668794003,10.168.15.94,3132,"3201770,59713,3,GY,1,100,-2.991,-4.395,-3.296
3201770,59714,3,GZ,1,100,6.989,6.073,-5.157
3201770,59715,3,MX,1,100,66,66,66
3201770,59716,3,MY,1,100,35,35,35
3201770,59717,3,MZ,1,100,16,16,16
"
2026-03-04T23:59:54.117Z,1772668794117,10.168.15.94,3132,"3201784,59718,1,BI,1,100,880
3201784,59719,1,HR,1,100,60.18
3201864,59720,3,PI,1,100,148492,148512,148534
3201864,59721,3,PR,1,100,113265,113276,113286
3201864,59722,3,PG,1,100,9556,9557,9563
3201876,59723,2,EA,1,100,0.243874,0.243866
3201876,59724,2,EL,1,100,-13906.799805,-13906.599609
3201869,59725,1,T1,1,100,36.172
3201884,59726,1,TH,1,100,35.047
3201850,59727,2,AX,1,100,0.757,0.785
3201850,59728,2,AY,1,100,0.613,0.564
3201850,59729,2,AZ,1,100,0.230,0.198
3201850,59730,2,GX,1,100,4.089,1.984
"
2026-03-04T23:59:54.118Z,1772668794118,10.168.15.94,3132,"3201850,59731,2,GY,1,100,0.671,0.336
3201850,59732,2,GZ,1,100,-10.284,1.221
3201850,59733,2,MX,1,100,68,66
3201850,59734,2,MY,1,100,34,34
3201850,59735,2,MZ,1,100,16,17
"
2026-03-04T23:59:54.175Z,1772668794175,10.168.15.94,3132,"3201960,59736,4,EM,1,100,RS,RE,PS,MN
"
2026-03-04T23:59:54.205Z,1772668794205,10.168.15.94,3132,"3201960,59736,4,EM,1,100,RS,RE,PS,MN
3201943,59737,1,SF,1,100,4.0298
3201944,59738,2,PI,1,100,148547,148522
3201944,59739,2,PR,1,100,113288,113290
3201944,59740,2,PG,1,100,9580,9572
3201943,59741,1,EA,1,100,0.243738
3201943,59742,1,EL,1,100,-13903.599609
3201970,59743,3,AX,1,100,0.770,0.773,0.790
3201970,59744,3,AY,1,100,0.588,0.532,0.595
3201970,59745,3,AZ,1,100,0.200,0.224,0.201
3201970,59746,3,GX,1,100,-3.662,-3.571,2.563
3201970,59747,3,GY,1,100,1.465,-0.793,-3.754
"
2026-03-04T23:59:54.206Z,1772668794206,10.168.15.94,3132,"3201970,59748,3,GZ,1,100,5.798,3.021,2.625
3201970,59749,3,MX,1,100,67,66,66
3201970,59750,3,MY,1,100,36,35,34
3201970,59751,3,MZ,1,100,17,16,16
"
2026-03-04T23:59:54.306Z,1772668794306,10.168.15.94,3132,"3202064,59752,3,PI,1,100,148549,148587,148597
3202064,59753,3,PR,1,100,113312,113321,113327
3202064,59754,3,PG,1,100,9591,9615,9610
3202076,59755,2,EA,1,100,0.243883,0.243662
3202076,59756,2,EL,1,100,-13907.000000,-13901.799805
3202002,59757,1,T1,1,100,36.110
3202017,59758,1,TH,1,100,35.047
3202050,59759,2,AX,1,100,0.811,0.850
3202050,59760,2,AY,1,100,0.595,0.589
3202050,59761,2,AZ,1,100,0.224,0.225
3202050,59762,2,GX,1,100,4.974,4.333
3202050,59763,2,GY,1,100,-3.998,-7.782
"
2026-03-04T23:59:54.310Z,1772668794310,10.168.15.94,3132,"3202050,59764,2,GZ,1,100,3.784,1.617
3202050,59765,2,MX,1,100,67,67
3202050,59766,2,MY,1,100,35,35
3202050,59767,2,MZ,1,100,16,16
"
2026-03-04T23:59:54.380Z,1772668794380,10.168.15.94,3132,"3202161,59768,4,EM,1,100,RS,RE,PS,MN
"
2026-03-04T23:59:54.415Z,1772668794415,10.168.15.94,3132,"3202161,59768,4,EM,1,100,RS,RE,PS,MN
3202144,59769,2,PI,1,100,148591,148614
3202144,59770,2,PR,1,100,113326,113330
3202144,59771,2,PG,1,100,9624,9634
3202143,59772,1,EA,1,100,0.243679
3202143,59773,1,EL,1,100,-13902.200195
3202136,59774,1,T1,1,100,36.119
3202151,59775,1,TH,1,100,35.016
3202170,59776,3,AX,1,100,0.798,0.771,0.821
3202170,59777,3,AY,1,100,0.590,0.547,0.550
3202170,59778,3,AZ,1,100,0.234,0.215,0.208
3202170,59779,3,GX,1,100,2.014,-1.129,-6.500
3202170,59780,3,GY,1,100,-3.326,1.465,2.625
"
2026-03-04T23:59:54.415Z,1772668794415,10.168.15.94,3132,"3202170,59781,3,GZ,1,100,-4.913,-5.219,0.702
3202170,59782,3,MX,1,100,66,66,66
3202170,59783,3,MY,1,100,35,35,34
3202170,59784,3,MZ,1,100,16,14,16
"
2026-03-04T23:59:54.518Z,1772668794518,10.168.15.94,3132,"3202276,59785,1,SF,1,100,3.9832
3202264,59786,3,PI,1,100,148563,148569,148552
3202264,59787,3,PR,1,100,113299,113305,113316
3202264,59788,3,PG,1,100,9610,9595,9603
3202276,59789,2,EA,1,100,0.243747,0.243679
3202276,59790,2,EL,1,100,-13903.799805,-13902.200195
3202269,59791,1,T1,1,100,36.158
3202284,59792,1,TH,1,100,35.016
3202250,59793,2,AX,1,100,0.760,0.802
3202250,59794,2,AY,1,100,0.577,0.551
3202250,59795,2,AZ,1,100,0.195,0.208
3202250,59796,2,GX,1,100,-2.869,-0.214
3202250,59797,2,GY,1,100,1.099,0.275
"
2026-03-04T23:59:54.519Z,1772668794519,10.168.15.94,3132,"3202250,59798,2,GZ,1,100,-0.244,-1.465
3202250,59799,2,MX,1,100,66,67
3202250,59800,2,MY,1,100,34,35
3202250,59801,2,MZ,1,100,17,16
"
2026-03-04T23:59:54.574Z,1772668794574,10.168.15.94,3132,"3202362,59802,4,EM,1,100,RS,RE,PS,MN
"
2026-03-04T23:59:54.614Z,1772668794614,10.168.15.94,3132,"3202362,59802,4,EM,1,100,RS,RE,PS,MN
3202384,59803,3,PI,1,100,148562,148553,148564
3202384,59804,3,PR,1,100,113299,113311,113313
3202384,59805,3,PG,1,100,9602,9589,9605
3202343,59806,1,EA,1,100,0.243594
3202343,59807,1,EL,1,100,-13900.200195
3202370,59808,3,AX,1,100,0.805,0.779,0.808
3202370,59809,3,AY,1,100,0.557,0.529,0.564
3202370,59810,3,AZ,1,100,0.218,0.241,0.196
3202370,59811,3,GX,1,100,-0.336,3.723,4.791
3202370,59812,3,GY,1,100,-3.113,-1.617,1.404
3202370,59813,3,GZ,1,100,0.763,-1.495,0.702
"
2026-03-04T23:59:54.615Z,1772668794615,10.168.15.94,3132,"3202370,59814,3,MX,1,100,67,67,67
3202370,59815,3,MY,1,100,36,35,35
3202370,59816,3,MZ,1,100,15,17,16
"
2026-03-04T23:59:54.713Z,1772668794713,10.168.15.94,3132,"3202464,59817,1,BI,1,100,680
3202464,59818,1,HR,1,100,66.41
3202464,59819,2,PI,1,100,148577,148544
3202464,59820,2,PR,1,100,113300,113286
3202464,59821,2,PG,1,100,9622,9592
3202476,59822,2,EA,1,100,0.243611,0.243653
3202476,59823,2,EL,1,100,-13900.599609,-13901.599609
3202403,59824,1,T1,1,100,36.210
3202417,59825,1,TH,1,100,34.871
3202450,59826,2,AX,1,100,0.867,0.778
3202450,59827,2,AY,1,100,0.547,0.623
3202450,59828,2,AZ,1,100,0.225,0.241
3202450,59829,2,GX,1,100,0.153,0.214
"
2026-03-04T23:59:54.715Z,1772668794715,10.168.15.94,3132,"3202450,59830,2,GY,1,100,-1.068,-2.136
3202450,59831,2,GZ,1,100,8.087,-3.387
3202450,59832,2,MX,1,100,67,67
3202450,59833,2,MY,1,100,35,34
3202450,59834,2,MZ,1,100,16,16
"
2026-03-04T23:59:54.780Z,1772668794780,10.168.15.94,3132,"3202563,59835,4,EM,1,100,RS,RE,PS,MN
"
2026-03-04T23:59:54.812Z,1772668794812,10.168.15.94,3132,"3202563,59835,4,EM,1,100,RS,RE,PS,MN
3202544,59836,2,PI,1,100,148512,148517
3202544,59837,2,PR,1,100,113249,113246
3202544,59838,2,PG,1,100,9596,9601
3202543,59839,1,EA,1,100,0.243747
3202543,59840,1,EL,1,100,-13903.799805
3202536,59841,1,T1,1,100,36.126
3202551,59842,1,TH,1,100,34.871
3202570,59843,3,AX,1,100,0.720,0.823,0.762
3202570,59844,3,AY,1,100,0.608,0.527,0.553
3202570,59845,3,AZ,1,100,0.189,0.163,0.214
3202570,59846,3,GX,1,100,6.958,0.305,-4.272
3202570,59847,3,GY,1,100,5.768,0.824,-1.160
"
2026-03-04T23:59:54.830Z,1772668794830,10.168.15.94,3132,"3202570,59848,3,GZ,1,100,-9.491,3.937,6.622
3202570,59849,3,MX,1,100,68,66,66
3202570,59850,3,MY,1,100,35,35,35
3202570,59851,3,MZ,1,100,16,16,18
"
2026-03-04T23:59:54.923Z,1772668794923,10.168.15.94,3132,"3202676,59852,1,SF,1,100,3.9371
3202677,59853,3,PI,1,100,148510,148474,148480
3202677,59854,3,PR,1,100,113231,113224,113203
3202677,59855,3,PG,1,100,9595,9614,9629
3202676,59856,2,EA,1,100,0.243747,0.243857
3202676,59857,2,EL,1,100,-13903.799805,-13906.400391
3202669,59858,1,T1,1,100,36.267
3202684,59859,1,TH,1,100,35.001
3202650,59860,2,AX,1,100,0.834,0.823
3202650,59861,2,AY,1,100,0.636,0.578
3202650,59862,2,AZ,1,100,0.209,0.248
3202650,59863,2,GX,1,100,0.519,3.937
3202650,59864,2,GY,1,100,-4.883,-8.026
"
2026-03-04T23:59:54.923Z,1772668794923,10.168.15.94,3132,"3202650,59865,2,GZ,1,100,2.197,-3.021
3202650,59866,2,MX,1,100,66,67
3202650,59867,2,MY,1,100,35,35
3202650,59868,2,MZ,1,100,14,16
"
2026-03-04T23:59:54.977Z,1772668794977,10.168.15.94,3132,"3202764,59869,4,EM,1,100,RS,RE,PS,MN
"
2026-03-04T23:59:55.014Z,1772668795014,10.168.15.94,3132,"3202764,59869,4,EM,1,100,RS,RE,PS,MN
3202757,59870,2,PI,1,100,148454,148413
3202757,59871,2,PR,1,100,113182,113172
3202757,59872,2,PG,1,100,9619,9615
3202742,59873,1,EA,1,100,0.243832
3202742,59874,1,EL,1,100,-13905.799805
3202770,59875,3,AX,1,100,0.766,0.815,0.791
3202770,59876,3,AY,1,100,0.601,0.558,0.575
3202770,59877,3,AZ,1,100,0.197,0.176,0.187
3202770,59878,3,GX,1,100,6.378,3.174,-2.869
3202770,59879,3,GY,1,100,0.000,-1.770,-1.709
3202770,59880,3,GZ,1,100,-5.707,3.052,5.341
"
2026-03-04T23:59:55.016Z,1772668795016,10.168.15.94,3132,"3202770,59881,3,MX,1,100,66,67,66
3202770,59882,3,MY,1,100,35,35,35
3202770,59883,3,MZ,1,100,15,15,16
"
2026-03-04T23:59:55.120Z,1772668795120,10.168.15.94,3132,"3202877,59884,3,PI,1,100,148415,148386,148352
3202877,59885,3,PR,1,100,113149,113147,113102
3202877,59886,3,PG,1,100,9602,9588,9584
3202876,59887,2,EA,1,100,0.243755,0.243696
3202876,59888,2,EL,1,100,-13904.000000,-13902.599609
3202802,59889,1,T1,1,100,36.222
3202817,59890,1,TH,1,100,35.001
3202890,59891,3,AX,1,100,0.812,0.793,0.779
3202890,59892,3,AY,1,100,0.601,0.566,0.608
3202890,59893,3,AZ,1,100,0.201,0.216,0.175
3202890,59894,3,GX,1,100,-4.578,-2.869,0.946
3202890,59895,3,GY,1,100,-3.387,-2.411,-5.188
"
2026-03-04T23:59:55.121Z,1772668795121,10.168.15.94,3132,"3202890,59896,3,GZ,1,100,-0.183,-4.730,-4.974
3202890,59897,3,MX,1,100,66,67,66
3202890,59898,3,MY,1,100,35,34,36
3202890,59899,3,MZ,1,100,15,15,15
"
2026-03-04T23:59:55.176Z,1772668795176,10.168.15.94,3132,"3202965,59900,4,EM,1,100,RS,RE,PS,MN
"
2026-03-04T23:59:55.217Z,1772668795217,10.168.15.94,3132,"3202965,59900,4,EM,1,100,RS,RE,PS,MN
3202942,59901,1,SF,1,100,3.8916
3202957,59902,2,PI,1,100,148348,148346
3202957,59903,2,PR,1,100,113111,113090
3202957,59904,2,PG,1,100,9589,9594
3202942,59905,1,EA,1,100,0.243789
3202942,59906,1,EL,1,100,-13904.799805
3202936,59907,1,T1,1,100,36.202
3202950,59908,1,TH,1,100,35.006
3202970,59909,2,AX,1,100,0.796,0.771
3202970,59910,2,AY,1,100,0.573,0.528
3202970,59911,2,AZ,1,100,0.177,0.216
3202970,59912,2,GX,1,100,-1.190,-4.150
3202970,59913,2,GY,1,100,-8.850,-2.472
"
2026-03-04T23:59:55.228Z,1772668795228,10.168.15.94,3132,"3202970,59914,2,GZ,1,100,-0.702,3.418
3202970,59915,2,MX,1,100,67,67
3202970,59916,2,MY,1,100,34,35
3202970,59917,2,MZ,1,100,16,16
"
2026-03-04T23:59:55.324Z,1772668795324,10.168.15.94,3132,"3203077,59918,3,PI,1,100,148359,148350,148366
3203077,59919,3,PR,1,100,113084,113084,113084
3203077,59920,3,PG,1,100,9598,9586,9599
3203076,59921,2,EA,1,100,0.243670,0.243713
3203076,59922,2,EL,1,100,-13902.000000,-13903.000000
3203069,59923,1,T1,1,100,36.229
3203084,59924,1,TH,1,100,35.006
3203090,59925,3,AX,1,100,0.785,0.807,0.865
3203090,59926,3,AY,1,100,0.543,0.580,0.617
3203090,59927,3,AZ,1,100,0.190,0.186,0.166
3203090,59928,3,GX,1,100,2.014,2.075,0.580
3203090,59929,3,GY,1,100,-6.897,-9.735,-31.464
"
2026-03-04T23:59:55.324Z,1772668795324,10.168.15.94,3132,"3203090,59930,3,GZ,1,100,0.885,4.456,-3.815
3203090,59931,3,MX,1,100,67,66,68
3203090,59932,3,MY,1,100,35,35,35
3203090,59933,3,MZ,1,100,15,15,13
"
2026-03-04T23:59:55.378Z,1772668795378,10.168.15.94,3132,"3203166,59934,4,EM,1,100,RS,RE,PS,MN
"
2026-03-04T23:59:55.417Z,1772668795417,10.168.15.94,3132,"3203166,59934,4,EM,1,100,RS,RE,PS,MN
3203157,59935,2,PI,1,100,148353,148310
3203157,59936,2,PR,1,100,113048,113014
3203157,59937,2,PG,1,100,9592,9605
3203142,59938,1,EA,1,100,0.243832
3203142,59939,1,EL,1,100,-13905.799805
3203170,59940,2,AX,1,100,0.786,0.794
3203170,59941,2,AY,1,100,0.589,0.537
3203170,59942,2,AZ,1,100,0.139,0.119
3203170,59943,2,GX,1,100,4.150,-5.157
3203170,59944,2,GY,1,100,-28.198,-22.125
3203170,59945,2,GZ,1,100,-10.040,-5.615
3203170,59946,2,MX,1,100,67,67
"
2026-03-04T23:59:55.430Z,1772668795430,10.168.15.94,3132,"3203170,59947,2,MY,1,100,34,34
3203170,59948,2,MZ,1,100,12,12
"
2026-03-04T23:59:55.527Z,1772668795527,10.168.15.94,3132,"3203276,59949,1,SF,1,100,3.8465
3203277,59950,3,PI,1,100,148295,148220,148166
3203277,59951,3,PR,1,100,112911,112837,112751
3203277,59952,3,PG,1,100,9581,9578,9568
3203276,59953,2,EA,1,100,0.243866,0.243942
3203276,59954,2,EL,1,100,-13906.599609,-13908.400391
3203202,59955,1,T1,1,100,36.099
3203217,59956,1,TH,1,100,35.032
3203290,59957,3,AX,1,100,0.825,0.772,0.825
3203290,59958,3,AY,1,100,0.568,0.603,0.595
3203290,59959,3,AZ,1,100,0.105,0.082,0.053
3203290,59960,3,GX,1,100,-4.730,-0.061,-0.092
"
2026-03-04T23:59:55.550Z,1772668795550,10.168.15.94,3132,"3203290,59961,3,GY,1,100,-37.048,-30.365,-31.677
3203290,59962,3,GZ,1,100,-5.798,-5.707,-3.601
3203290,59963,3,MX,1,100,67,67,68
3203290,59964,3,MY,1,100,33,33,34
3203290,59965,3,MZ,1,100,10,10, 9
"
2026-03-04T23:59:55.590Z,1772668795590,10.168.15.94,3132,"3203367,59966,4,EM,1,100,RS,RE,PS,MN
"
2026-03-04T23:59:55.624Z,1772668795624,10.168.15.94,3132,"3203367,59966,4,EM,1,100,RS,RE,PS,MN
3203397,59967,3,PI,1,100,148121,148017,147930
3203397,59968,3,PR,1,100,112663,112560,112485
3203397,59969,3,PG,1,100,9558,9522,9524
3203342,59970,1,EA,1,100,0.243755
3203342,59971,1,EL,1,100,-13904.000000
3203336,59972,1,T1,1,100,36.149
3203350,59973,1,TH,1,100,35.032
3203370,59974,2,AX,1,100,0.833,0.788
3203370,59975,2,AY,1,100,0.598,0.616
3203370,59976,2,AZ,1,100,0.058,0.061
3203370,59977,2,GX,1,100,-2.258,1.923
3203370,59978,2,GY,1,100,-29.633,-11.993
"
2026-03-04T23:59:55.639Z,1772668795639,10.168.15.94,3132,"3203370,59979,2,GZ,1,100,-3.571,-6.653
3203370,59980,2,MX,1,100,68,67
3203370,59981,2,MY,1,100,33,33
3203370,59982,2,MZ,1,100, 7, 8
"
2026-03-04T23:59:55.739Z,1772668795739,10.168.15.94,3132,"3203477,59983,2,PI,1,100,147882,147834
3203477,59984,2,PR,1,100,112438,112399
3203477,59985,2,PG,1,100,9509,9508
3203476,59986,2,EA,1,100,0.243594,0.243466
3203476,59987,2,EL,1,100,-13900.200195,-13897.200195
3203469,59988,1,T1,1,100,36.065
3203484,59989,1,TH,1,100,35.060
3203490,59990,3,AX,1,100,0.805,0.775,0.835
3203490,59991,3,AY,1,100,0.607,0.610,0.577
3203490,59992,3,AZ,1,100,0.060,0.057,0.068
3203490,59993,3,GX,1,100,-1.312,-1.770,-3.265
3203490,59994,3,GY,1,100,-2.930,-0.854,-2.991
"
2026-03-04T23:59:55.739Z,1772668795739,10.168.15.94,3132,"3203490,59995,3,GZ,1,100,-3.296,-0.305,2.869
3203490,59996,3,MX,1,100,67,68,67
3203490,59997,3,MY,1,100,33,33,34
3203490,59998,3,MZ,1,100, 8, 8, 8
"
2026-03-04T23:59:55.782Z,1772668795782,10.168.15.94,3132,"3203568,59999,4,EM,1,100,RS,RE,PS,MN
"
2026-03-04T23:59:55.828Z,1772668795828,10.168.15.94,3132,"3203568,59999,4,EM,1,100,RS,RE,PS,MN
3203597,60000,3,PI,1,100,147814,147776,147750
3203597,60001,3,PR,1,100,112383,112368,112336
3203597,60002,3,PG,1,100,9484,9505,9498
3203542,60003,1,EA,1,100,0.243322
3203542,60004,1,EL,1,100,-13893.799805
3203570,60005,2,AX,1,100,0.817,0.787
3203570,60006,2,AY,1,100,0.629,0.593
3203570,60007,2,AZ,1,100,0.059,0.065
3203570,60008,2,GX,1,100,1.251,5.554
3203570,60009,2,GY,1,100,-5.310,9.979
3203570,60010,2,GZ,1,100,-3.235,-4.303
3203570,60011,2,MX,1,100,68,69
"
2026-03-04T23:59:55.835Z,1772668795835,10.168.15.94,3132,"3203570,60012,2,MY,1,100,34,34
3203570,60013,2,MZ,1,100, 7, 7
"
2026-03-04T23:59:55.937Z,1772668795937,10.168.15.94,3132,"3203676,60014,1,SF,1,100,3.8020
3203677,60015,2,PI,1,100,147731,147717
3203677,60016,2,PR,1,100,112351,112363
3203677,60017,2,PG,1,100,9495,9513
3203676,60018,2,EA,1,100,0.243331,0.243331
3203676,60019,2,EL,1,100,-13894.000000,-13894.000000
3203602,60020,1,T1,1,100,36.134
3203617,60021,1,TH,1,100,35.060
3203690,60022,3,AX,1,100,0.771,0.736,0.850
3203690,60023,3,AY,1,100,0.577,0.612,0.611
3203690,60024,3,AZ,1,100,0.059,0.034,-0.001
3203690,60025,3,GX,1,100,1.526,4.486,3.326
"
2026-03-04T23:59:55.937Z,1772668795937,10.168.15.94,3132,"3203690,60026,3,GY,1,100,8.759,8.728,-3.326
3203690,60027,3,GZ,1,100,-1.007,-0.488,1.953
3203690,60028,3,MX,1,100,68,68,69
3203690,60029,3,MY,1,100,33,33,33
3203690,60030,3,MZ,1,100, 9, 8, 8
"
2026-03-04T23:59:55.984Z,1772668795984,10.168.15.94,3132,"3203771,60031,4,EM,1,100,RS,RE,PS,MN
"
2026-03-04T23:59:56.031Z,1772668796031,10.168.15.94,3132,"3203771,60031,4,EM,1,100,RS,RE,PS,MN
3203797,60032,3,PI,1,100,147769,147785,147785
3203797,60033,3,PR,1,100,112374,112386,112377
3203797,60034,3,PG,1,100,9518,9515,9506
3203742,60035,1,EA,1,100,0.243509
3203742,60036,1,EL,1,100,-13898.200195
3203736,60037,1,T1,1,100,36.200
3203750,60038,1,TH,1,100,34.994
3203770,60039,2,AX,1,100,0.799,0.782
3203770,60040,2,AY,1,100,0.610,0.606
3203770,60041,2,AZ,1,100,0.072,0.068
3203770,60042,2,GX,1,100,-0.153,3.784
3203770,60043,2,GY,1,100,-6.805,9.766
"
2026-03-04T23:59:56.033Z,1772668796033,10.168.15.94,3132,"3203770,60044,2,GZ,1,100,-3.357,-3.906
3203770,60045,2,MX,1,100,68,68
3203770,60046,2,MY,1,100,34,33
3203770,60047,2,MZ,1,100, 8, 8
"
2026-03-04T23:59:56.136Z,1772668796136,10.168.15.94,3132,"3203877,60048,2,PI,1,100,147772,147736
3203877,60049,2,PR,1,100,112368,112344
3203877,60050,2,PG,1,100,9527,9502
3203876,60051,2,EA,1,100,0.243348,0.243153
3203876,60052,2,EL,1,100,-13894.400391,-13889.799805
3203869,60053,1,T1,1,100,36.193
3203884,60054,1,TH,1,100,34.994
3203890,60055,3,AX,1,100,0.822,0.769,0.847
3203890,60056,3,AY,1,100,0.583,0.606,0.578
3203890,60057,3,AZ,1,100,0.093,0.032,0.082
3203890,60058,3,GX,1,100,-0.153,-1.648,-2.136
3203890,60059,3,GY,1,100,0.122,-1.221,0.488
"
2026-03-04T23:59:56.137Z,1772668796137,10.168.15.94,3132,"3203890,60060,3,GZ,1,100,0.610,3.479,7.843
3203890,60061,3,MX,1,100,68,68,68
3203890,60062,3,MY,1,100,34,33,34
3203890,60063,3,MZ,1,100, 7, 9, 9
"
2026-03-04T23:59:56.183Z,1772668796183,10.168.15.94,3132,"3203972,60064,4,EM,1,100,RS,RE,PS,MN
"
2026-03-04T23:59:56.246Z,1772668796246,10.168.15.94,3132,"3203972,60064,4,EM,1,100,RS,RE,PS,MN
3203942,60065,1,SF,1,100,3.7581
3203997,60066,3,PI,1,100,147731,147726,147766
3203997,60067,3,PR,1,100,112375,112352,112379
3203997,60068,3,PG,1,100,9492,9494,9505
3203942,60069,1,EA,1,100,0.243094
3203942,60070,1,EL,1,100,-13888.400391
3204002,60071,1,T1,1,100,36.225
3203970,60072,2,AX,1,100,0.769,0.802
3203970,60073,2,AY,1,100,0.612,0.620
3203970,60074,2,AZ,1,100,0.065,0.044
3203970,60075,2,GX,1,100,2.533,6.012
3203970,60076,2,GY,1,100,-0.671,3.479
"
2026-03-04T23:59:56.247Z,1772668796247,10.168.15.94,3132,"3203970,60077,2,GZ,1,100,-1.709,-1.770
3203970,60078,2,MX,1,100,68,68
3203970,60079,2,MY,1,100,33,34
3203970,60080,2,MZ,1,100, 9, 7
"
2026-03-04T23:59:56.337Z,1772668796337,10.168.15.94,3132,"3204077,60081,2,PI,1,100,147777,147797
3204077,60082,2,PR,1,100,112385,112390
3204077,60083,2,PG,1,100,9501,9504
3204076,60084,2,EA,1,100,0.243348,0.243297
3204076,60085,2,EL,1,100,-13894.400391,-13893.200195
3204017,60086,1,TH,1,100,34.984
3204090,60087,3,AX,1,100,0.789,0.768,0.885
3204090,60088,3,AY,1,100,0.555,0.603,0.626
3204090,60089,3,AZ,1,100,0.041,0.016,0.033
3204090,60090,3,GX,1,100,1.099,1.770,-4.486
3204090,60091,3,GY,1,100,-5.951,-1.862,-10.132
3204090,60092,3,GZ,1,100,0.916,3.235,3.510
"
2026-03-04T23:59:56.341Z,1772668796341,10.168.15.94,3132,"3204090,60093,3,MX,1,100,68,68,68
3204090,60094,3,MY,1,100,34,32,34
3204090,60095,3,MZ,1,100, 8, 9, 7
"
2026-03-04T23:59:56.387Z,1772668796387,10.168.15.94,3132,"3204173,60096,4,EM,1,100,RS,RE,PS,MN
"
2026-03-04T23:59:56.436Z,1772668796436,10.168.15.94,3132,"3204173,60096,4,EM,1,100,RS,RE,PS,MN
3204197,60097,3,PI,1,100,147820,147864,147938
3204197,60098,3,PR,1,100,112407,112417,112429
3204197,60099,3,PG,1,100,9497,9518,9512
3204142,60100,1,EA,1,100,0.243373
3204142,60101,1,EL,1,100,-13895.000000
3204136,60102,1,T1,1,100,36.310
3204150,60103,1,TH,1,100,34.984
3204170,60104,2,AX,1,100,0.760,0.813
3204170,60105,2,AY,1,100,0.605,0.608
3204170,60106,2,AZ,1,100,0.082,0.047
3204170,60107,2,GX,1,100,-4.364,-4.578
3204170,60108,2,GY,1,100,-6.012,0.397
"
2026-03-04T23:59:56.436Z,1772668796436,10.168.15.94,3132,"3204170,60109,2,GZ,1,100,-10.284,-10.345
3204170,60110,2,MX,1,100,68,69
3204170,60111,2,MY,1,100,33,32
3204170,60112,2,MZ,1,100, 7, 7
"
2026-03-04T23:59:56.539Z,1772668796539,10.168.15.94,3132,"3204276,60113,1,SF,1,100,3.7146
3204277,60114,2,PI,1,100,147978,148002
3204277,60115,2,PR,1,100,112443,112457
3204277,60116,2,PG,1,100,9516,9517
3204276,60117,2,EA,1,100,0.243517,0.243466
3204276,60118,2,EL,1,100,-13898.400391,-13897.200195
3204269,60119,1,T1,1,100,36.241
3204284,60120,1,TH,1,100,35.001
3204290,60121,3,AX,1,100,0.796,0.763,0.786
3204290,60122,3,AY,1,100,0.580,0.660,0.624
3204290,60123,3,AZ,1,100,0.067,0.064,0.026
3204290,60124,3,GX,1,100,-5.768,-0.275,5.615
"
2026-03-04T23:59:56.544Z,1772668796544,10.168.15.94,3132,"3204290,60125,3,GY,1,100,-10.559,-7.843,-14.343
3204290,60126,3,GZ,1,100,-7.568,-9.369,-6.897
3204290,60127,3,MX,1,100,69,69,69
3204290,60128,3,MY,1,100,33,33,33
3204290,60129,3,MZ,1,100, 7, 7, 7
"
2026-03-04T23:59:56.587Z,1772668796587,10.168.15.94,3132,"3204374,60130,4,EM,1,100,RS,RE,PS,MN
"
2026-03-04T23:59:56.655Z,1772668796655,10.168.15.94,3132,"3204374,60130,4,EM,1,100,RS,RE,PS,MN
3204397,60131,3,PI,1,100,148030,147962,147901
3204397,60132,3,PR,1,100,112433,112332,112285
3204397,60133,3,PG,1,100,9534,9520,9501
3204409,60134,2,EA,1,100,0.243466,0.243483
3204409,60135,2,EL,1,100,-13897.200195,-13897.599609
3204402,60136,1,T1,1,100,36.281
3204417,60137,1,TH,1,100,35.001
3204410,60138,3,AX,1,100,0.806,0.727,0.742
3204410,60139,3,AY,1,100,0.635,0.625,0.637
3204410,60140,3,AZ,1,100,0.020,0.034,0.008
3204410,60141,3,GX,1,100,4.364,1.617,-0.153
"
2026-03-04T23:59:56.656Z,1772668796656,10.168.15.94,3132,"3204410,60142,3,GY,1,100,-17.944,0.946,-4.486
3204410,60143,3,GZ,1,100,-8.301,-10.956,-6.927
3204410,60144,3,MX,1,100,68,69,70
3204410,60145,3,MY,1,100,31,31,30
3204410,60146,3,MZ,1,100, 7, 6, 6
"
2026-03-04T23:59:56.740Z,1772668796740,10.168.15.94,3132,"3204477,60147,2,PI,1,100,147856,147920
3204477,60148,2,PR,1,100,112257,112259
3204477,60149,2,PG,1,100,9482,9504
3204476,60150,1,EA,1,100,0.243653
3204476,60151,1,EL,1,100,-13901.599609
3204490,60152,2,AX,1,100,0.760,0.751
3204490,60153,2,AY,1,100,0.640,0.657
3204490,60154,2,AZ,1,100,-0.010,-0.019
3204490,60155,2,GX,1,100,4.242,5.005
3204490,60156,2,GY,1,100,-21.881,-23.773
3204490,60157,2,GZ,1,100,-4.089,-3.235
3204490,60158,2,MX,1,100,70,71
3204490,60159,2,MY,1,100,30,30
3204490,60160,2,MZ,1,100, 5, 4
"
2026-03-04T23:59:56.786Z,1772668796786,10.168.15.94,3132,"3204575,60161,4,EM,1,100,RS,RE,PS,MN
"
2026-03-04T23:59:56.842Z,1772668796842,10.168.15.94,3132,"3204575,60161,4,EM,1,100,RS,RE,PS,MN
3204557,60162,1,BI,1,100,2080
3204557,60163,1,HR,1,100,58.06
3204609,60164,1,SF,1,100,3.6716
3204597,60165,3,PI,1,100,148008,148083,148187
3204597,60166,3,PR,1,100,112319,112361,112442
3204597,60167,3,PG,1,100,9482,9500,9539
3204609,60168,2,EA,1,100,0.243662,0.243747
3204609,60169,2,EL,1,100,-13901.799805,-13903.799805
3204536,60170,1,T1,1,100,36.228
3204550,60171,1,TH,1,100,34.984
3204610,60172,3,AX,1,100,0.793,0.760,0.762
3204610,60173,3,AY,1,100,0.608,0.685,0.653
"
2026-03-04T23:59:56.843Z,1772668796843,10.168.15.94,3132,"3204610,60174,3,AZ,1,100,-0.037,-0.049,-0.053
3204610,60175,3,GX,1,100,4.486,7.812,8.759
3204610,60176,3,GY,1,100,-23.926,-32.196,-23.956
3204610,60177,3,GZ,1,100,-2.289,-7.721,-11.597
3204610,60178,3,MX,1,100,69,71,71
3204610,60179,3,MY,1,100,31,29,29
3204610,60180,3,MZ,1,100, 3, 2, 2
"
2026-03-04T23:59:56.944Z,1772668796944,10.168.15.94,3132,"3204690,60181,2,PI,1,100,148260,148335
3204690,60182,2,PR,1,100,112497,112558
3204690,60183,2,PG,1,100,9534,9541
3204676,60184,1,EA,1,100,0.243721
3204676,60185,1,EL,1,100,-13903.200195
3204669,60186,1,T1,1,100,36.134
3204684,60187,1,TH,1,100,34.984
3204690,60188,2,AX,1,100,0.704,0.756
3204690,60189,2,AY,1,100,0.661,0.679
3204690,60190,2,AZ,1,100,-0.072,-0.117
3204690,60191,2,GX,1,100,3.845,6.317
3204690,60192,2,GY,1,100,-4.120,-14.130
3204690,60193,2,GZ,1,100,-1.068,-1.099
3204690,60194,2,MX,1,100,70,71
"
2026-03-04T23:59:56.945Z,1772668796945,10.168.15.94,3132,"3204690,60195,2,MY,1,100,29,29
3204690,60196,2,MZ,1,100, 2, 0
"
2026-03-04T23:59:56.986Z,1772668796986,10.168.15.94,3132,"3204776,60197,4,EM,1,100,RS,RE,PS,MN
"
2026-03-04T23:59:57.055Z,1772668797055,10.168.15.94,3132,"3204776,60197,4,EM,1,100,RS,RE,PS,MN
3204810,60198,3,PI,1,100,148434,148502,148574
3204810,60199,3,PR,1,100,112641,112688,112746
3204810,60200,3,PG,1,100,9572,9578,9585
3204809,60201,2,EA,1,100,0.243585,0.243704
3204809,60202,2,EL,1,100,-13900.000000,-13902.799805
3204802,60203,1,T1,1,100,36.129
3204817,60204,1,TH,1,100,34.989
3204810,60205,3,AX,1,100,0.713,0.763,0.766
3204810,60206,3,AY,1,100,0.670,0.666,0.650
3204810,60207,3,AZ,1,100,-0.101,-0.090,-0.075
3204810,60208,3,GX,1,100,4.578,-0.977,-1.434
"
2026-03-04T23:59:57.059Z,1772668797059,10.168.15.94,3132,"3204810,60209,3,GY,1,100,-22.247,-6.195,-2.625
3204810,60210,3,GZ,1,100,-1.923,1.892,2.380
3204810,60211,3,MX,1,100,71,70,71
3204810,60212,3,MY,1,100,30,29,29
3204810,60213,3,MZ,1,100, 0, 1, 0
"
2026-03-04T23:59:57.144Z,1772668797144,10.168.15.94,3132,"3204890,60214,2,PI,1,100,148665,148748
3204890,60215,2,PR,1,100,112812,112878
3204890,60216,2,PG,1,100,9602,9629
3204876,60217,1,EA,1,100,0.243382
3204876,60218,1,EL,1,100,-13895.200195
3204890,60219,2,AX,1,100,0.760,0.761
3204890,60220,2,AY,1,100,0.639,0.651
3204890,60221,2,AZ,1,100,-0.102,-0.099
3204890,60222,2,GX,1,100,-1.007,-1.434
3204890,60223,2,GY,1,100,4.578,-1.556
3204890,60224,2,GZ,1,100,-0.366,-2.350
3204890,60225,2,MX,1,100,70,70
3204890,60226,2,MY,1,100,29,28
3204890,60227,2,MZ,1,100, 0, 1
"
2026-03-04T23:59:57.188Z,1772668797188,10.168.15.94,3132,"3204977,60228,4,EM,1,100,RS,RE,PS,MN
"
2026-03-04T23:59:57.255Z,1772668797255,10.168.15.94,3132,"3204977,60228,4,EM,1,100,RS,RE,PS,MN
3205009,60229,1,SF,1,100,3.6291
3205010,60230,3,PI,1,100,148830,148844,148878
3205010,60231,3,PR,1,100,112938,112969,112966
3205010,60232,3,PG,1,100,9613,9628,9637
3205009,60233,2,EA,1,100,0.243441,0.243602
3205009,60234,2,EL,1,100,-13896.599609,-13900.400391
3204936,60235,1,T1,1,100,36.198
3204950,60236,1,TH,1,100,34.989
3205010,60237,3,AX,1,100,0.733,0.728,0.774
3205010,60238,3,AY,1,100,0.650,0.669,0.639
3205010,60239,3,AZ,1,100,-0.082,-0.117,-0.074
"
2026-03-04T23:59:57.256Z,1772668797256,10.168.15.94,3132,"3205010,60240,3,GX,1,100,-3.326,-3.540,-2.319
3205010,60241,3,GY,1,100,3.326,0.763,-12.909
3205010,60242,3,GZ,1,100,-1.373,3.693,3.815
3205010,60243,3,MX,1,100,70,70,71
3205010,60244,3,MY,1,100,30,30,29
3205010,60245,3,MZ,1,100, 0, 0, 0
"
2026-03-04T23:59:57.347Z,1772668797347,10.168.15.94,3132,"3205090,60246,2,PI,1,100,148901,148927
3205090,60247,2,PR,1,100,113006,113016
3205090,60248,2,PG,1,100,9630,9622
3205076,60249,1,EA,1,100,0.243976
3205076,60250,1,EL,1,100,-13909.200195
3205069,60251,1,T1,1,100,36.298
3205084,60252,1,TH,1,100,34.999
3205090,60253,2,AX,1,100,0.782,0.815
3205090,60254,2,AY,1,100,0.616,0.671
3205090,60255,2,AZ,1,100,-0.060,-0.085
3205090,60256,2,GX,1,100,-0.183,7.660
3205090,60257,2,GY,1,100,2.228,6.989
3205090,60258,2,GZ,1,100,4.181,-1.373
3205090,60259,2,MX,1,100,70,71
"
2026-03-04T23:59:57.352Z,1772668797352,10.168.15.94,3132,"3205090,60260,2,MY,1,100,29,29
3205090,60261,2,MZ,1,100, 0, 0
"
2026-03-04T23:59:57.367Z,1772668797367,10.168.15.94,3132,"3205151,60262,2,RD,1,100,TL,TU
"
2026-03-04T23:59:57.474Z,1772668797474,10.168.15.94,3132,"3205253,60263,4,EM,1,100,RS,RE,PS,MN
"
2026-03-04T23:59:57.483Z,1772668797483,10.168.15.94,3132,"3205151,60262,2,RD,1,100,TL,TU
3205253,60263,4,EM,1,100,RS,RE,PS,MN
3205250,60264,4,PI,1,100,148957,149012,149022,149004
3205250,60265,4,PR,1,100,113035,113064,113093,113095
3205250,60266,4,PG,1,100,9638,9644,9653,9658
3205209,60267,2,EA,1,100,0.244326,0.243475
3205209,60268,2,EL,1,100,-13917.400391,-13897.400391
3205202,60269,1,T1,1,100,36.165
3205217,60270,1,TH,1,100,34.999
3205250,60271,4,AX,1,100,0.752,0.711,0.726,0.695
3205250,60272,4,AY,1,100,0.664,0.665,0.661,0.661
"
2026-03-04T23:59:57.488Z,1772668797488,10.168.15.94,3132,"3205250,60273,4,AZ,1,100,-0.082,-0.094,-0.094,-0.104
3205250,60274,4,GX,1,100,6.866,0.610,-0.427,0.275
3205250,60275,4,GY,1,100,1.953,9.735,6.104,5.615
3205250,60276,4,GZ,1,100,-6.958,-3.204,0.305,0.549
3205250,60277,4,MX,1,100,71,70,71,70
3205250,60278,4,MY,1,100,29,30,30,30
3205250,60279,4,MZ,1,100, 0, 0, 1, 2
"
2026-03-04T23:59:57.578Z,1772668797578,10.168.15.94,3132,"3205342,60280,1,SF,1,100,3.5872
3205330,60281,2,PI,1,100,148961,148963
3205330,60282,2,PR,1,100,113085,113082
3205330,60283,2,PG,1,100,9652,9652
3205342,60284,2,EA,1,100,0.243594,0.242773
3205342,60285,2,EL,1,100,-13900.200195,-13880.799805
3205335,60286,1,T1,1,100,36.248
3205350,60287,1,TH,1,100,35.071
3205330,60288,2,AX,1,100,0.725,0.755
3205330,60289,2,AY,1,100,0.647,0.649
3205330,60290,2,AZ,1,100,-0.085,-0.084
3205330,60291,2,GX,1,100,-0.916,-0.885
3205330,60292,2,GY,1,100,-1.984,-4.486
"
2026-03-04T23:59:57.583Z,1772668797583,10.168.15.94,3132,"3205330,60293,2,GZ,1,100,0.610,1.373
3205330,60294,2,MX,1,100,71,70
3205330,60295,2,MY,1,100,29,29
3205330,60296,2,MZ,1,100, 1, 1
"
2026-03-04T23:59:57.672Z,1772668797672,10.168.15.94,3132,"3205454,60297,4,EM,1,100,RS,RE,PS,MN
"
2026-03-04T23:59:57.683Z,1772668797683,10.168.15.94,3132,"3205454,60297,4,EM,1,100,RS,RE,PS,MN
3205450,60298,3,PI,1,100,148947,148869,148870
3205450,60299,3,PR,1,100,113082,113062,113054
3205450,60300,3,PG,1,100,9679,9658,9674
3205409,60301,1,EA,1,100,0.242731
3205409,60302,1,EL,1,100,-13879.799805
3205450,60303,3,AX,1,100,0.763,0.741,0.815
3205450,60304,3,AY,1,100,0.613,0.699,0.633
3205450,60305,3,AZ,1,100,-0.068,-0.093,-0.071
3205450,60306,3,GX,1,100,-0.732,-0.549,-1.434
3205450,60307,3,GY,1,100,-5.524,-6.134,-4.150
3205450,60308,3,GZ,1,100,3.204,6.134,6.775
"
2026-03-04T23:59:57.683Z,1772668797683,10.168.15.94,3132,"3205450,60309,3,MX,1,100,70,71,70
3205450,60310,3,MY,1,100,30,31,30
3205450,60311,3,MZ,1,100, 1, 0, 1
"
2026-03-04T23:59:57.785Z,1772668797785,10.168.15.94,3132,"3205530,60312,2,PI,1,100,148825,148756
3205530,60313,2,PR,1,100,113051,113020
3205530,60314,2,PG,1,100,9658,9642
3205542,60315,2,EA,1,100,0.243255,0.244062
3205542,60316,2,EL,1,100,-13892.200195,-13911.200195
3205469,60317,1,T1,1,100,36.249
3205484,60318,1,TH,1,100,35.071
3205530,60319,2,AX,1,100,0.770,0.778
3205530,60320,2,AY,1,100,0.631,0.643
3205530,60321,2,AZ,1,100,-0.063,-0.094
3205530,60322,2,GX,1,100,1.740,3.845
3205530,60323,2,GY,1,100,6.012,4.883
3205530,60324,2,GZ,1,100,0.671,-1.465
"
2026-03-04T23:59:57.787Z,1772668797787,10.168.15.94,3132,"3205530,60325,2,MX,1,100,70,70
3205530,60326,2,MY,1,100,30,30
3205530,60327,2,MZ,1,100, 1, 0
"
2026-03-04T23:59:57.868Z,1772668797868,10.168.15.94,3132,"3205655,60328,4,EM,1,100,RS,RE,PS,MN
"
2026-03-04T23:59:57.884Z,1772668797884,10.168.15.94,3132,"3205655,60328,4,EM,1,100,RS,RE,PS,MN
3205609,60329,1,SF,1,100,3.5457
3205650,60330,3,PI,1,100,148679,148653,148583
3205650,60331,3,PR,1,100,112986,112984,112946
3205650,60332,3,PG,1,100,9619,9626,9621
3205609,60333,1,EA,1,100,0.244583
3205609,60334,1,EL,1,100,-13923.400391
3205602,60335,1,T1,1,100,36.179
3205617,60336,1,TH,1,100,34.999
3205650,60337,3,AX,1,100,0.740,0.734,0.783
3205650,60338,3,AY,1,100,0.635,0.674,0.633
3205650,60339,3,AZ,1,100,-0.086,-0.095,-0.083
"
2026-03-04T23:59:57.890Z,1772668797890,10.168.15.94,3132,"3205650,60340,3,GX,1,100,2.228,-0.732,0.061
3205650,60341,3,GY,1,100,1.862,6.836,-0.397
3205650,60342,3,GZ,1,100,-1.282,1.038,3.326
3205650,60343,3,MX,1,100,71,70,70
3205650,60344,3,MY,1,100,30,29,30
3205650,60345,3,MZ,1,100, 2, 2, 1
"
2026-03-04T23:59:57.999Z,1772668797999,10.168.15.94,3132,"3205730,60346,2,PI,1,100,148547,148503
3205730,60347,2,PR,1,100,112926,112898
3205730,60348,2,PG,1,100,9605,9611
3205742,60349,2,EA,1,100,0.244514,0.245493
3205742,60350,2,EL,1,100,-13921.799805,-13944.599609
3205735,60351,1,T1,1,100,36.184
3205750,60352,1,TH,1,100,34.999
3205730,60353,2,AX,1,100,0.776,0.781
3205730,60354,2,AY,1,100,0.635,0.657
3205730,60355,2,AZ,1,100,-0.063,-0.073
3205730,60356,2,GX,1,100,2.014,1.556
3205730,60357,2,GY,1,100,-1.282,1.740
3205730,60358,2,GZ,1,100,-0.153,-2.380
"
2026-03-04T23:59:57.999Z,1772668797999,10.168.15.94,3132,"3205730,60359,2,MX,1,100,69,71
3205730,60360,2,MY,1,100,30,30
3205730,60361,2,MZ,1,100, 0, 0
"
2026-03-04T23:59:58.069Z,1772668798069,10.168.15.94,3132,"3205856,60362,4,EM,1,100,RS,RE,PS,MN
"
2026-03-04T23:59:58.093Z,1772668798093,10.168.15.94,3132,"3205856,60362,4,EM,1,100,RS,RE,PS,MN
3205609,60363,1,SA,1,100,0.000911
3205609,60364,1,SR,1,100,0.133333
3205850,60365,3,PI,1,100,148482,148428,148451
3205850,60366,3,PR,1,100,112892,112877,112860
3205850,60367,3,PG,1,100,9611,9598,9599
3205809,60368,1,EA,1,100,0.244711
3205809,60369,1,EL,1,100,-13926.400391
3205850,60370,3,AX,1,100,0.754,0.749,0.760
3205850,60371,3,AY,1,100,0.644,0.646,0.638
3205850,60372,3,AZ,1,100,-0.076,-0.077,-0.077
3205850,60373,3,GX,1,100,1.617,-0.183,-0.366
"
2026-03-04T23:59:58.096Z,1772668798096,10.168.15.94,3132,"3205850,60374,3,GY,1,100,3.540,1.617,0.397
3205850,60375,3,GZ,1,100,-1.251,0.214,2.838
3205850,60376,3,MX,1,100,71,70,70
3205850,60377,3,MY,1,100,30,30,30
3205850,60378,3,MZ,1,100, 1, 0, 1
"
2026-03-04T23:59:58.200Z,1772668798200,10.168.15.94,3132,"3205942,60379,1,SF,1,100,5.5869
3205930,60380,2,PI,1,100,148444,148453
3205930,60381,2,PR,1,100,112866,112866
3205930,60382,2,PG,1,100,9607,9607
3205942,60383,2,EA,1,100,0.242781,0.242908
3205942,60384,2,EL,1,100,-13881.000000,-13884.000000
3205869,60385,1,T1,1,100,36.221
3205884,60386,1,TH,1,100,35.030
3205930,60387,2,AX,1,100,0.784,0.786
3205930,60388,2,AY,1,100,0.623,0.689
3205930,60389,2,AZ,1,100,-0.090,-0.104
3205930,60390,2,GX,1,100,4.791,6.470
3205930,60391,2,GY,1,100,-1.099,-3.387
"
2026-03-04T23:59:58.200Z,1772668798200,10.168.15.94,3132,"3205930,60392,2,GZ,1,100,4.913,0.122
3205930,60393,2,MX,1,100,70,70
3205930,60394,2,MY,1,100,30,30
3205930,60395,2,MZ,1,100, 1, 1
3205908,60396,1,BV,1,100,3.90
3205908,60397,1,B%,1,100,76
"
2026-03-04T23:59:58.269Z,1772668798269,10.168.15.94,3132,"3206057,60398,4,EM,1,100,RS,RE,PS,MN
"
2026-03-04T23:59:58.295Z,1772668798295,10.168.15.94,3132,"3206057,60398,4,EM,1,100,RS,RE,PS,MN
3206050,60399,3,PI,1,100,148430,148396,148368
3206050,60400,3,PR,1,100,112874,112861,112836
3206050,60401,3,PG,1,100,9588,9569,9572
3206009,60402,1,EA,1,100,0.243094
3206009,60403,1,EL,1,100,-13888.400391
3206002,60404,1,T1,1,100,36.131
3206017,60405,1,TH,1,100,35.030
3206050,60406,3,AX,1,100,0.789,0.754,0.723
3206050,60407,3,AY,1,100,0.679,0.667,0.582
3206050,60408,3,AZ,1,100,-0.064,-0.052,-0.054
3206050,60409,3,GX,1,100,1.617,-5.310,-4.791
"
2026-03-04T23:59:58.295Z,1772668798295,10.168.15.94,3132,"3206050,60410,3,GY,1,100,-1.038,8.575,8.850
3206050,60411,3,GZ,1,100,-4.517,-6.287,-5.768
3206050,60412,3,MX,1,100,70,71,70
3206050,60413,3,MY,1,100,30,30,31
3206050,60414,3,MZ,1,100, 0, 2, 2
"
2026-03-04T23:59:58.398Z,1772668798398,10.168.15.94,3132,"3206130,60415,2,PI,1,100,148338,148338
3206130,60416,2,PR,1,100,112822,112840
3206130,60417,2,PG,1,100,9553,9558
3206142,60418,2,EA,1,100,0.243263,0.243713
3206142,60419,2,EL,1,100,-13892.400391,-13903.000000
3206135,60420,1,T1,1,100,36.163
3206150,60421,1,TH,1,100,35.025
3206170,60422,3,AX,1,100,0.755,0.717,0.742
3206170,60423,3,AY,1,100,0.573,0.630,0.633
3206170,60424,3,AZ,1,100,-0.062,-0.090,-0.088
3206170,60425,3,GX,1,100,1.709,8.118,9.308
3206170,60426,3,GY,1,100,3.693,0.824,1.984
"
2026-03-04T23:59:58.399Z,1772668798399,10.168.15.94,3132,"3206170,60427,3,GZ,1,100,0.122,-0.244,4.547
3206170,60428,3,MX,1,100,70,71,69
3206170,60429,3,MY,1,100,29,30,30
3206170,60430,3,MZ,1,100, 1, 2, 2
"
2026-03-04T23:59:58.472Z,1772668798472,10.168.15.94,3132,"3206258,60431,4,EM,1,100,RS,RE,PS,MN
"
2026-03-04T23:59:58.500Z,1772668798500,10.168.15.94,3132,"3206258,60431,4,EM,1,100,RS,RE,PS,MN
3206250,60432,3,PI,1,100,148333,148302,148265
3206250,60433,3,PR,1,100,112834,112824,112791
3206250,60434,3,PG,1,100,9560,9555,9548
3206209,60435,1,EA,1,100,0.242933
3206209,60436,1,EL,1,100,-13884.599609
3206269,60437,1,T1,1,100,36.142
3206250,60438,2,AX,1,100,0.772,0.775
3206250,60439,2,AY,1,100,0.641,0.668
3206250,60440,2,AZ,1,100,-0.094,-0.086
3206250,60441,2,GX,1,100,6.989,5.829
3206250,60442,2,GY,1,100,-2.441,-4.364
3206250,60443,2,GZ,1,100,7.141,3.632
"
2026-03-04T23:59:58.501Z,1772668798501,10.168.15.94,3132,"3206250,60444,2,MX,1,100,71,70
3206250,60445,2,MY,1,100,30,30
3206250,60446,2,MZ,1,100, 2, 1
"
2026-03-04T23:59:58.599Z,1772668798599,10.168.15.94,3132,"3206342,60447,1,SF,1,100,5.5223
3206370,60448,3,PI,1,100,148280,148313,148331
3206370,60449,3,PR,1,100,112788,112798,112835
3206370,60450,3,PG,1,100,9552,9554,9560
3206342,60451,2,EA,1,100,0.242731,0.242756
3206342,60452,2,EL,1,100,-13879.799805,-13880.400391
3206283,60453,1,TH,1,100,35.025
3206330,60454,2,AX,1,100,0.773,0.777
3206330,60455,2,AY,1,100,0.664,0.663
3206330,60456,2,AZ,1,100,-0.081,-0.085
3206330,60457,2,GX,1,100,3.632,-0.488
3206330,60458,2,GY,1,100,-6.073,-5.096
"
2026-03-04T23:59:58.600Z,1772668798600,10.168.15.94,3132,"3206330,60459,2,GZ,1,100,0.031,0.610
3206330,60460,2,MX,1,100,70,69
3206330,60461,2,MY,1,100,30,30
3206330,60462,2,MZ,1,100, 0, 2
"
2026-03-04T23:59:58.676Z,1772668798676,10.168.15.94,3132,"3206459,60463,4,EM,1,100,RS,RE,PS,MN
"
2026-03-04T23:59:58.699Z,1772668798699,10.168.15.94,3132,"3206459,60463,4,EM,1,100,RS,RE,PS,MN
3206450,60464,2,PI,1,100,148354,148372
3206450,60465,2,PR,1,100,112822,112847
3206450,60466,2,PG,1,100,9552,9573
3206409,60467,1,EA,1,100,0.243069
3206409,60468,1,EL,1,100,-13887.799805
3206402,60469,1,T1,1,100,36.097
3206417,60470,1,TH,1,100,34.979
3206463,60471,3,AX,1,100,0.753,0.749,0.757
3206463,60472,3,AY,1,100,0.655,0.639,0.626
3206463,60473,3,AZ,1,100,-0.078,-0.100,-0.097
3206463,60474,3,GX,1,100,-2.777,-4.425,-4.822
3206463,60475,3,GY,1,100,0.610,1.923,-2.777
"
2026-03-04T23:59:58.701Z,1772668798701,10.168.15.94,3132,"3206463,60476,3,GZ,1,100,1.953,2.502,2.350
3206463,60477,3,MX,1,100,70,70,70
3206463,60478,3,MY,1,100,30,30,30
3206463,60479,3,MZ,1,100, 0, 0, 1
"
2026-03-04T23:59:58.803Z,1772668798803,10.168.15.94,3132,"3206570,60480,3,PI,1,100,148395,148390,148360
3206570,60481,3,PR,1,100,112861,112867,112841
3206570,60482,3,PG,1,100,9575,9560,9536
3206542,60483,2,EA,1,100,0.243272,0.243441
3206542,60484,2,EL,1,100,-13892.599609,-13896.599609
3206535,60485,1,T1,1,100,36.113
3206550,60486,1,TH,1,100,34.979
3206543,60487,2,AX,1,100,0.760,0.800
3206543,60488,2,AY,1,100,0.615,0.581
3206543,60489,2,AZ,1,100,-0.089,0.025
3206543,60490,2,GX,1,100,-3.784,-3.113
3206543,60491,2,GY,1,100,-3.235,1.526
"
2026-03-04T23:59:58.803Z,1772668798803,10.168.15.94,3132,"3206543,60492,2,GZ,1,100,0.763,1.251
3206543,60493,2,MX,1,100,70,71
3206543,60494,2,MY,1,100,30,30
3206543,60495,2,MZ,1,100, 1, 1
"
2026-03-04T23:59:58.876Z,1772668798876,10.168.15.94,3132,"3206660,60496,4,EM,1,100,RS,RE,PS,MN
"
2026-03-04T23:59:58.907Z,1772668798907,10.168.15.94,3132,"3206660,60496,4,EM,1,100,RS,RE,PS,MN
3206609,60497,1,SF,1,100,5.4584
3206650,60498,2,PI,1,100,148293,148318
3206650,60499,2,PR,1,100,112766,112751
3206650,60500,2,PG,1,100,9538,9520
3206609,60501,1,EA,1,100,0.243111
3206609,60502,1,EL,1,100,-13888.799805
3206669,60503,1,T1,1,100,36.120
3206663,60504,3,AX,1,100,0.756,0.819,0.736
3206663,60505,3,AY,1,100,0.551,0.615,0.672
3206663,60506,3,AZ,1,100,-0.071,-0.129,-0.143
3206663,60507,3,GX,1,100,2.258,17.487,10.651
3206663,60508,3,GY,1,100,13.672,-6.622,-16.022
"
2026-03-04T23:59:58.908Z,1772668798908,10.168.15.94,3132,"3206663,60509,3,GZ,1,100,6.592,8.972,11.444
3206663,60510,3,MX,1,100,69,68,69
3206663,60511,3,MY,1,100,32,31,31
3206663,60512,3,MZ,1,100, 0, 0, 0
"
2026-03-04T23:59:59.002Z,1772668799002,10.168.15.94,3132,"3206743,60513,2,PI,1,100,148311,148353
3206743,60514,2,PR,1,100,112718,112772
3206743,60515,2,PG,1,100,9517,9533
3206742,60516,2,EA,1,100,0.243069,0.243229
3206742,60517,2,EL,1,100,-13887.799805,-13891.599609
3206683,60518,1,TH,1,100,35.035
3206743,60519,2,AX,1,100,0.820,0.752
3206743,60520,2,AY,1,100,0.599,0.621
3206743,60521,2,AZ,1,100,-0.058,-0.075
3206743,60522,2,GX,1,100,-0.366,-2.380
3206743,60523,2,GY,1,100,-5.219,-7.965
3206743,60524,2,GZ,1,100,12.054,10.468
3206743,60525,2,MX,1,100,69,68
"
2026-03-04T23:59:59.010Z,1772668799010,10.168.15.94,3132,"3206743,60526,2,MY,1,100,31,32
3206743,60527,2,MZ,1,100, 0,-1
"
2026-03-04T23:59:59.077Z,1772668799077,10.168.15.94,3132,"3206865,60528,4,EM,1,100,RS,RE,PS,MN
"
2026-03-04T23:59:59.104Z,1772668799104,10.168.15.94,3132,"3206865,60528,4,EM,1,100,RS,RE,PS,MN
3206823,60529,1,BI,1,100,2240
3206823,60530,1,HR,1,100,51.11
3206863,60531,3,PI,1,100,148363,148398,148507
3206863,60532,3,PR,1,100,112825,112874,112936
3206863,60533,3,PG,1,100,9528,9519,9525
3206875,60534,2,EA,1,100,0.243407,0.243509
3206875,60535,2,EL,1,100,-13895.799805,-13898.200195
3206802,60536,1,T1,1,100,36.087
3206817,60537,1,TH,1,100,35.035
3206863,60538,3,AX,1,100,0.784,0.772,0.801
3206863,60539,3,AY,1,100,0.604,0.575,0.598
"
2026-03-04T23:59:59.109Z,1772668799109,10.168.15.94,3132,"3206863,60540,3,AZ,1,100,-0.124,-0.131,-0.168
3206863,60541,3,GX,1,100,3.204,4.639,6.592
3206863,60542,3,GY,1,100,-17.365,-33.234,-39.093
3206863,60543,3,GZ,1,100,11.139,12.939,8.209
3206863,60544,3,MX,1,100,68,67,67
3206863,60545,3,MY,1,100,32,32,32
3206863,60546,3,MZ,1,100,-2, 0,-3
"
2026-03-04T23:59:59.208Z,1772668799208,10.168.15.94,3132,"3206942,60547,1,SF,1,100,5.3952
3206943,60548,2,PI,1,100,148541,148471
3206943,60549,2,PR,1,100,112965,112936
3206943,60550,2,PG,1,100,9533,9550
3206942,60551,1,EA,1,100,0.243662
3206942,60552,1,EL,1,100,-13901.799805
3206935,60553,1,T1,1,100,36.144
3206950,60554,1,TH,1,100,34.979
3206943,60555,2,AX,1,100,0.831,0.805
3206943,60556,2,AY,1,100,0.591,0.575
3206943,60557,2,AZ,1,100,-0.208,-0.250
3206943,60558,2,GX,1,100,9.735,7.874
3206943,60559,2,GY,1,100,-44.373,-27.771
3206943,60560,2,GZ,1,100,2.106,1.556
"
2026-03-04T23:59:59.241Z,1772668799241,10.168.15.94,3132,"3206943,60561,2,MX,1,100,67,67
3206943,60562,2,MY,1,100,31,31
3206943,60563,2,MZ,1,100,-5,-6
"
2026-03-04T23:59:59.284Z,1772668799284,10.168.15.94,3132,"3207066,60564,4,EM,1,100,RS,RE,PS,MN
"
2026-03-04T23:59:59.316Z,1772668799316,10.168.15.94,3132,"3207066,60564,4,EM,1,100,RS,RE,PS,MN
3207063,60565,3,PI,1,100,148456,148376,148288
3207063,60566,3,PR,1,100,112955,112929,112889
3207063,60567,3,PG,1,100,9543,9540,9546
3207075,60568,2,EA,1,100,0.243747,0.244130
3207075,60569,2,EL,1,100,-13903.799805,-13912.799805
3207069,60570,1,T1,1,100,36.133
3207083,60571,1,TH,1,100,34.979
3207063,60572,3,AX,1,100,0.769,0.823,0.736
3207063,60573,3,AY,1,100,0.557,0.583,0.574
3207063,60574,3,AZ,1,100,-0.227,-0.207,-0.216
3207063,60575,3,GX,1,100,1.038,-1.923,0.854
"
2026-03-04T23:59:59.316Z,1772668799316,10.168.15.94,3132,"3207063,60576,3,GY,1,100,-9.583,-4.272,2.228
3207063,60577,3,GZ,1,100,4.028,2.075,-0.824
3207063,60578,3,MX,1,100,67,66,67
3207063,60579,3,MY,1,100,33,30,31
3207063,60580,3,MZ,1,100,-6,-6,-5
"
2026-03-04T23:59:59.411Z,1772668799411,10.168.15.94,3132,"3207143,60581,2,PI,1,100,148260,148273
3207143,60582,2,PR,1,100,112905,112899
3207143,60583,2,PG,1,100,9504,9501
3207142,60584,1,EA,1,100,0.244369
3207142,60585,1,EL,1,100,-13918.400391
3207143,60586,2,AX,1,100,0.839,0.764
3207143,60587,2,AY,1,100,0.571,0.590
3207143,60588,2,AZ,1,100,-0.207,-0.208
3207143,60589,2,GX,1,100,-1.007,4.059
3207143,60590,2,GY,1,100,-6.561,1.587
3207143,60591,2,GZ,1,100,-3.052,-5.798
3207143,60592,2,MX,1,100,67,66
3207143,60593,2,MY,1,100,29,30
3207143,60594,2,MZ,1,100,-6,-5
"
2026-03-04T23:59:59.507Z,1772668799507,10.168.15.94,3132,"3207267,60595,4,EM,1,100,RS,RE,PS,MN
"
2026-03-04T23:59:59.509Z,1772668799509,10.168.15.94,3132,"3207267,60595,4,EM,1,100,RS,RE,PS,MN
3207075,60596,1,SA,1,100,0.000847
3207075,60597,1,SR,1,100,0.133333
3207275,60598,1,SF,1,100,7.4151
3207263,60599,3,PI,1,100,148310,148374,148373
3207263,60600,3,PR,1,100,112943,112986,112992
3207263,60601,3,PG,1,100,9497,9489,9484
3207275,60602,2,EA,1,100,0.244977,0.244130
3207275,60603,2,EL,1,100,-13932.599609,-13912.799805
3207202,60604,1,T1,1,100,36.270
3207217,60605,1,TH,1,100,35.048
3207263,60606,3,AX,1,100,0.796,0.750,0.745
"
2026-03-04T23:59:59.514Z,1772668799514,10.168.15.94,3132,"3207263,60607,3,AY,1,100,0.594,0.614,0.575
3207263,60608,3,AZ,1,100,-0.225,-0.228,-0.220
3207263,60609,3,GX,1,100,2.289,-1.648,-3.815
3207263,60610,3,GY,1,100,0.397,0.885,7.782
3207263,60611,3,GZ,1,100,-6.226,-2.441,-0.275
3207263,60612,3,MX,1,100,67,67,67
3207263,60613,3,MY,1,100,30,31,29
3207263,60614,3,MZ,1,100,-7,-5,-5
"
2026-03-04T23:59:59.628Z,1772668799628,10.168.15.94,3132,"3207303,60615,1,BI,1,100,480
3207303,60616,1,HR,1,100,67.53
3207383,60617,3,PI,1,100,148446,148450,148447
3207383,60618,3,PR,1,100,113030,113046,113041
3207383,60619,3,PG,1,100,9480,9483,9481
3207342,60620,1,EA,1,100,0.242058
3207342,60621,1,EL,1,100,-13863.799805
3207335,60622,1,T1,1,100,36.188
3207350,60623,1,TH,1,100,35.048
3207383,60624,3,AX,1,100,0.802,0.765,0.797
3207383,60625,3,AY,1,100,0.589,0.586,0.572
3207383,60626,3,AZ,1,100,-0.216,-0.192,-0.198
3207383,60627,3,GX,1,100,-5.493,-0.946,1.312
"
2026-03-04T23:59:59.628Z,1772668799628,10.168.15.94,3132,"3207383,60628,3,GY,1,100,-5.585,2.563,3.815
3207383,60629,3,GZ,1,100,0.458,-0.092,-2.289
3207383,60630,3,MX,1,100,67,67,67
3207383,60631,3,MY,1,100,30,30,30
3207383,60632,3,MZ,1,100,-6,-5,-5
"
2026-03-04T23:59:59.681Z,1772668799681,10.168.15.94,3132,"3207469,60633,4,EM,1,100,RS,RE,PS,MN
"
2026-03-04T23:59:59.713Z,1772668799713,10.168.15.94,3132,"3207469,60633,4,EM,1,100,RS,RE,PS,MN
3207463,60634,2,PI,1,100,148432,148451
3207463,60635,2,PR,1,100,113039,113050
3207463,60636,2,PG,1,100,9481,9484
3207475,60637,2,EA,1,100,0.241082,0.242142
3207475,60638,2,EL,1,100,-13840.400391,-13865.799805
3207469,60639,1,T1,1,100,36.223
3207483,60640,1,TH,1,100,35.033
3207463,60641,2,AX,1,100,0.748,0.780
3207463,60642,2,AY,1,100,0.590,0.576
3207463,60643,2,AZ,1,100,-0.234,-0.213
3207463,60644,2,GX,1,100,3.632,0.916
3207463,60645,2,GY,1,100,-1.495,-4.974
"
2026-03-04T23:59:59.718Z,1772668799718,10.168.15.94,3132,"3207463,60646,2,GZ,1,100,0.336,3.632
3207463,60647,2,MX,1,100,66,68
3207463,60648,2,MY,1,100,30,30
3207463,60649,2,MZ,1,100,-6,-5
"
2026-03-04T23:59:59.830Z,1772668799830,10.168.15.94,3132,"3207583,60650,3,PI,1,100,148506,148536,148556
3207583,60651,3,PR,1,100,113088,113110,113105
3207583,60652,3,PG,1,100,9490,9494,9486
3207542,60653,1,EA,1,100,0.243069
3207542,60654,1,EL,1,100,-13887.799805
3207583,60655,3,AX,1,100,0.745,0.789,0.785
3207583,60656,3,AY,1,100,0.586,0.592,0.584
3207583,60657,3,AZ,1,100,-0.219,-0.223,-0.213
3207583,60658,3,GX,1,100,-1.587,0.336,0.122
3207583,60659,3,GY,1,100,-2.289,-7.477,-6.622
3207583,60660,3,GZ,1,100,3.998,3.021,3.662
3207583,60661,3,MX,1,100,66,67,67
"
2026-03-04T23:59:59.830Z,1772668799830,10.168.15.94,3132,"3207583,60662,3,MY,1,100,30,31,30
3207583,60663,3,MZ,1,100,-7,-6,-6
"
2026-03-04T23:59:59.883Z,1772668799883,10.168.15.94,3132,"3207670,60664,4,EM,1,100,RS,RE,PS,MN
"
2026-03-04T23:59:59.915Z,1772668799915,10.168.15.94,3132,"3207670,60664,4,EM,1,100,RS,RE,PS,MN
3207675,60665,1,SF,1,100,7.3293
3207663,60666,2,PI,1,100,148511,148454
3207663,60667,2,PR,1,100,113116,113069
3207663,60668,2,PG,1,100,9459,9466
3207675,60669,2,EA,1,100,0.243764,0.244181
3207675,60670,2,EL,1,100,-13904.200195,-13914.000000
3207602,60671,1,T1,1,100,36.274
3207617,60672,1,TH,1,100,35.033
3207663,60673,2,AX,1,100,0.786,0.799
3207663,60674,2,AY,1,100,0.603,0.604
3207663,60675,2,AZ,1,100,-0.218,-0.218
3207663,60676,2,GX,1,100,1.801,0.061
"
2026-03-04T23:59:59.918Z,1772668799918,10.168.15.94,3132,"3207663,60677,2,GY,1,100,-0.122,-1.099
3207663,60678,2,GZ,1,100,1.495,-0.031
3207663,60679,2,MX,1,100,66,66
3207663,60680,2,MY,1,100,30,29
3207663,60681,2,MZ,1,100,-6,-7
"
2026-03-05T00:00:00.021Z,1772668800021,10.168.15.94,3132,"3207783,60682,3,PI,1,100,148430,148400,148382
3207783,60683,3,PR,1,100,113051,113037,113023
3207783,60684,3,PG,1,100,9460,9443,9454
3207742,60685,1,EA,1,100,0.243713
3207742,60686,1,EL,1,100,-13903.000000
3207735,60687,1,T1,1,100,36.118
3207750,60688,1,TH,1,100,34.984
3207783,60689,3,AX,1,100,0.768,0.759,0.799
3207783,60690,3,AY,1,100,0.579,0.580,0.564
3207783,60691,3,AZ,1,100,-0.210,-0.213,-0.225
3207783,60692,3,GX,1,100,-2.106,-2.380,-1.556
3207783,60693,3,GY,1,100,3.174,0.122,-5.981
"
2026-03-05T00:00:00.021Z,1772668800021,10.168.15.94,3132,"3207783,60694,3,GZ,1,100,0.427,1.373,2.167
3207783,60695,3,MX,1,100,66,67,67
3207783,60696,3,MY,1,100,30,30,31
3207783,60697,3,MZ,1,100,-6,-7,-6
"
2026-03-05T00:00:00.088Z,1772668800088,10.168.15.94,3132,"3207871,60698,4,EM,1,100,RS,RE,PS,MN
"
2026-03-05T00:00:00.119Z,1772668800119,10.168.15.94,3132,"3207871,60698,4,EM,1,100,RS,RE,PS,MN
3207863,60699,2,PI,1,100,148357,148342
3207863,60700,2,PR,1,100,113009,113019
3207863,60701,2,PG,1,100,9457,9447
3207875,60702,2,EA,1,100,0.243221,0.243382
3207875,60703,2,EL,1,100,-13891.400391,-13895.200195
3207868,60704,1,T1,1,100,36.193
3207883,60705,1,TH,1,100,34.984
3207863,60706,2,AX,1,100,0.754,0.803
3207863,60707,2,AY,1,100,0.575,0.564
3207863,60708,2,AZ,1,100,-0.213,-0.223
3207863,60709,2,GX,1,100,2.899,2.808
3207863,60710,2,GY,1,100,-6.744,-4.059
"
2026-03-05T00:00:00.119Z,1772668800119,10.168.15.94,3132,"3207863,60711,2,GZ,1,100,1.251,1.404
3207863,60712,2,MX,1,100,66,67
3207863,60713,2,MY,1,100,31,31
3207863,60714,2,MZ,1,100,-5,-6
"
2026-03-05T00:00:00.225Z,1772668800225,10.168.15.94,3132,"3207942,60715,1,SF,1,100,7.2445
3207983,60716,3,PI,1,100,148317,148288,148297
3207983,60717,3,PR,1,100,112994,112989,112986
3207983,60718,3,PG,1,100,9426,9435,9425
3207942,60719,1,EA,1,100,0.242016
3207942,60720,1,EL,1,100,-13862.799805
3207983,60721,3,AX,1,100,0.773,0.795,0.791
3207983,60722,3,AY,1,100,0.592,0.579,0.580
3207983,60723,3,AZ,1,100,-0.232,-0.232,-0.210
3207983,60724,3,GX,1,100,2.106,0.824,0.000
3207983,60725,3,GY,1,100,-1.953,1.068,-1.190
3207983,60726,3,GZ,1,100,1.282,1.190,-0.763
"
2026-03-05T00:00:00.226Z,1772668800226,10.168.15.94,3132,"3207983,60727,3,MX,1,100,67,67,67
3207983,60728,3,MY,1,100,31,30,30
3207983,60729,3,MZ,1,100,-7,-7,-6
"
2026-03-05T00:00:00.289Z,1772668800289,10.168.15.94,3132,"3208072,60730,4,EM,1,100,RS,RE,PS,MN
"
2026-03-05T00:00:00.317Z,1772668800317,10.168.15.94,3132,"3208072,60730,4,EM,1,100,RS,RE,PS,MN
3208063,60731,2,PI,1,100,148292,148300
3208063,60732,2,PR,1,100,113029,113023
3208063,60733,2,PG,1,100,9417,9418
3208075,60734,2,EA,1,100,0.241015,0.240874
3208075,60735,2,EL,1,100,-13838.799805,-13835.400391
3208002,60736,1,T1,1,100,36.296
3208017,60737,1,TH,1,100,35.028
3208063,60738,2,AX,1,100,0.795,0.763
3208063,60739,2,AY,1,100,0.592,0.562
3208063,60740,2,AZ,1,100,-0.243,-0.208
3208063,60741,2,GX,1,100,5.371,1.678
3208063,60742,2,GY,1,100,4.852,4.700
"
2026-03-05T00:00:00.320Z,1772668800320,10.168.15.94,3132,"3208063,60743,2,GZ,1,100,-3.571,-1.587
3208063,60744,2,MX,1,100,66,66
3208063,60745,2,MY,1,100,31,30
3208063,60746,2,MZ,1,100,-6,-7
"
2026-03-05T00:00:00.428Z,1772668800428,10.168.15.94,3132,"3208183,60747,3,PI,1,100,148269,148218,148144
3208183,60748,3,PR,1,100,113002,112972,112937
3208183,60749,3,PG,1,100,9415,9394,9389
3208142,60750,1,EA,1,100,0.240642
3208142,60751,1,EL,1,100,-13829.799805
3208135,60752,1,T1,1,100,36.164
3208150,60753,1,TH,1,100,35.028
3208183,60754,3,AX,1,100,0.777,0.789,0.769
3208183,60755,3,AY,1,100,0.583,0.555,0.571
3208183,60756,3,AZ,1,100,-0.219,-0.199,-0.223
3208183,60757,3,GX,1,100,3.143,4.852,8.728
3208183,60758,3,GY,1,100,9.949,6.195,10.620
"
2026-03-05T00:00:00.429Z,1772668800429,10.168.15.94,3132,"3208183,60759,3,GZ,1,100,-4.181,-4.730,-3.876
3208183,60760,3,MX,1,100,67,66,67
3208183,60761,3,MY,1,100,31,31,30
3208183,60762,3,MZ,1,100,-7,-6,-6
"
2026-03-05T00:00:00.485Z,1772668800485,10.168.15.94,3132,"3208273,60763,4,EM,1,100,RS,RE,PS,MN
"
2026-03-05T00:00:00.528Z,1772668800528,10.168.15.94,3132,"3208273,60763,4,EM,1,100,RS,RE,PS,MN
3208275,60764,1,SF,1,100,7.1607
3208263,60765,2,PI,1,100,148077,148011
3208263,60766,2,PR,1,100,112888,112868
3208263,60767,2,PG,1,100,9366,9346
3208275,60768,2,EA,1,100,0.240443,0.239709
3208275,60769,2,EL,1,100,-13825.000000,-13807.200195
3208269,60770,1,T1,1,100,36.213
3208283,60771,1,TH,1,100,34.992
3208263,60772,2,AX,1,100,0.777,0.797
3208263,60773,2,AY,1,100,0.582,0.589
3208263,60774,2,AZ,1,100,-0.215,-0.219
3208263,60775,2,GX,1,100,11.719,11.505
"
2026-03-05T00:00:00.528Z,1772668800528,10.168.15.94,3132,"3208263,60776,2,GY,1,100,5.524,9.125
3208263,60777,2,GZ,1,100,-3.479,-2.380
3208263,60778,2,MX,1,100,66,66
3208263,60779,2,MY,1,100,30,31
3208263,60780,2,MZ,1,100,-7,-6
"
2026-03-05T00:00:00.625Z,1772668800625,10.168.15.94,3132,"3208383,60781,3,PI,1,100,147978,147844,147658
3208383,60782,3,PR,1,100,112815,112755,112641
3208383,60783,3,PG,1,100,9347,9332,9309
3208342,60784,1,EA,1,100,0.238955
3208342,60785,1,EL,1,100,-13788.799805
3208383,60786,3,AX,1,100,0.819,0.738,0.796
3208383,60787,3,AY,1,100,0.571,0.554,0.590
3208383,60788,3,AZ,1,100,-0.213,-0.184,-0.200
3208383,60789,3,GX,1,100,9.735,11.475,9.247
3208383,60790,3,GY,1,100,17.059,24.231,19.287
3208383,60791,3,GZ,1,100,-0.916,-1.251,1.007
3208383,60792,3,MX,1,100,66,65,66
"
2026-03-05T00:00:00.632Z,1772668800632,10.168.15.94,3132,"3208383,60793,3,MY,1,100,30,30,31
3208383,60794,3,MZ,1,100,-5,-5,-5
"
2026-03-05T00:00:00.699Z,1772668800699,10.168.15.94,3132,"3208474,60795,4,EM,1,100,RS,RE,PS,MN
"
2026-03-05T00:00:00.728Z,1772668800728,10.168.15.94,3132,"3208474,60795,4,EM,1,100,RS,RE,PS,MN
3208463,60796,2,PI,1,100,147528,147396
3208463,60797,2,PR,1,100,112561,112447
3208463,60798,2,PG,1,100,9285,9272
3208475,60799,2,EA,1,100,0.238450,0.237817
3208475,60800,2,EL,1,100,-13776.400391,-13760.799805
3208402,60801,1,T1,1,100,36.234
3208417,60802,1,TH,1,100,35.014
3208463,60803,2,AX,1,100,0.781,0.792
3208463,60804,2,AY,1,100,0.569,0.575
3208463,60805,2,AZ,1,100,-0.208,-0.193
3208463,60806,2,GX,1,100,10.132,6.836
3208463,60807,2,GY,1,100,14.893,7.874
"
2026-03-05T00:00:00.728Z,1772668800728,10.168.15.94,3132,"3208463,60808,2,GZ,1,100,1.343,2.014
3208463,60809,2,MX,1,100,66,66
3208463,60810,2,MY,1,100,33,33
3208463,60811,2,MZ,1,100,-4,-5
"
2026-03-05T00:00:00.831Z,1772668800831,10.168.15.94,3132,"3208583,60812,3,PI,1,100,147256,147182,147068
3208583,60813,3,PR,1,100,112361,112289,112174
3208583,60814,3,PG,1,100,9265,9242,9244
3208542,60815,1,EA,1,100,0.237558
3208542,60816,1,EL,1,100,-13754.400391
3208535,60817,1,T1,1,100,36.137
3208550,60818,1,TH,1,100,34.860
3208583,60819,3,AX,1,100,0.807,0.785,0.837
3208583,60820,3,AY,1,100,0.566,0.584,0.599
3208583,60821,3,AZ,1,100,-0.194,-0.167,-0.156
3208583,60822,3,GX,1,100,3.754,0.641,-3.052
3208583,60823,3,GY,1,100,16.663,20.874,22.339
"
2026-03-05T00:00:00.832Z,1772668800832,10.168.15.94,3132,"3208583,60824,3,GZ,1,100,2.899,2.991,2.594
3208583,60825,3,MX,1,100,66,65,65
3208583,60826,3,MY,1,100,31,31,33
3208583,60827,3,MZ,1,100,-4,-2,-2
"
2026-03-05T00:00:00.890Z,1772668800890,10.168.15.94,3132,"3208677,60828,4,EM,1,100,RS,RE,PS,MN
"
2026-03-05T00:00:00.932Z,1772668800932,10.168.15.94,3132,"3208677,60828,4,EM,1,100,RS,RE,PS,MN
3208675,60829,1,SF,1,100,7.0779
3208663,60830,2,PI,1,100,146991,146822
3208663,60831,2,PR,1,100,112078,111940
3208663,60832,2,PG,1,100,9235,9233
3208675,60833,2,EA,1,100,0.237171,0.237002
3208675,60834,2,EL,1,100,-13744.799805,-13740.599609
3208668,60835,1,T1,1,100,36.201
3208683,60836,1,TH,1,100,34.889
3208663,60837,2,AX,1,100,0.774,0.853
3208663,60838,2,AY,1,100,0.576,0.585
3208663,60839,2,AZ,1,100,-0.131,-0.136
3208663,60840,2,GX,1,100,-5.066,-6.805
"
2026-03-05T00:00:00.934Z,1772668800934,10.168.15.94,3132,"3208663,60841,2,GY,1,100,22.308,22.797
3208663,60842,2,GZ,1,100,0.397,-2.411
3208663,60843,2,MX,1,100,65,66
3208663,60844,2,MY,1,100,34,33
3208663,60845,2,MZ,1,100,-2,-2
"
2026-03-05T00:00:01.039Z,1772668801039,10.168.15.94,3132,"3208797,60846,3,PI,1,100,146768,146617,146350
3208797,60847,3,PR,1,100,111822,111708,111599
3208797,60848,3,PG,1,100,9204,9182,9164
3208742,60849,1,EA,1,100,0.237115
3208742,60850,1,EL,1,100,-13743.400391
3208802,60851,1,T1,1,100,36.229
3208783,60852,3,AX,1,100,0.817,0.833,0.785
3208783,60853,3,AY,1,100,0.558,0.577,0.525
3208783,60854,3,AZ,1,100,-0.083,-0.067,-0.010
3208783,60855,3,GX,1,100,-6.836,-8.667,-9.369
3208783,60856,3,GY,1,100,31.769,34.485,38.574
3208783,60857,3,GZ,1,100,-4.150,-6.317,-5.005
"
2026-03-05T00:00:01.041Z,1772668801041,10.168.15.94,3132,"3208783,60858,3,MX,1,100,66,66,66
3208783,60859,3,MY,1,100,34,33,33
3208783,60860,3,MZ,1,100, 0, 1, 2
"
2026-03-05T00:00:01.089Z,1772668801089,10.168.15.94,3132,"3208878,60861,4,EM,1,100,RS,RE,PS,MN
"
2026-03-05T00:00:01.143Z,1772668801143,10.168.15.94,3132,"3208878,60861,4,EM,1,100,RS,RE,PS,MN
3208877,60862,2,PI,1,100,146061,145837
3208877,60863,2,PR,1,100,111482,111425
3208877,60864,2,PG,1,100,9149,9139
3208875,60865,2,EA,1,100,0.237429,0.237445
3208875,60866,2,EL,1,100,-13751.200195,-13751.599609
3208817,60867,1,TH,1,100,34.934
3208903,60868,3,AX,1,100,0.807,0.811,0.811
3208903,60869,3,AY,1,100,0.573,0.607,0.609
3208903,60870,3,AZ,1,100,-0.002,0.008,0.027
3208903,60871,3,GX,1,100,-2.838,-4.364,-5.829
3208903,60872,3,GY,1,100,44.556,38.757,23.590
"
2026-03-05T00:00:01.143Z,1772668801143,10.168.15.94,3132,"3208903,60873,3,GZ,1,100,2.014,2.991,-0.580
3208903,60874,3,MX,1,100,66,65,67
3208903,60875,3,MY,1,100,35,34,35
3208903,60876,3,MZ,1,100, 4, 3, 7
"
2026-03-05T00:00:01.234Z,1772668801234,10.168.15.94,3132,"3208942,60877,1,SF,1,100,6.9960
3208997,60878,3,PI,1,100,145835,145871,145876
3208997,60879,3,PR,1,100,111491,111567,111581
3208997,60880,3,PG,1,100,9150,9158,9152
3208942,60881,1,EA,1,100,0.238247
3208942,60882,1,EL,1,100,-13771.400391
3208935,60883,1,T1,1,100,36.276
3208950,60884,1,TH,1,100,34.891
3208983,60885,2,AX,1,100,0.804,0.812
3208983,60886,2,AY,1,100,0.587,0.573
3208983,60887,2,AZ,1,100,0.036,0.063
3208983,60888,2,GX,1,100,-0.763,-0.214
3208983,60889,2,GY,1,100,18.158,13.733
"
2026-03-05T00:00:01.237Z,1772668801237,10.168.15.94,3132,"3208983,60890,2,GZ,1,100,-4.120,-4.761
3208983,60891,2,MX,1,100,66,67
3208983,60892,2,MY,1,100,34,34
3208983,60893,2,MZ,1,100, 5, 7
"
2026-03-05T00:00:01.293Z,1772668801293,10.168.15.94,3132,"3209079,60894,4,EM,1,100,RS,RE,PS,MN
"
2026-03-05T00:00:01.338Z,1772668801338,10.168.15.94,3132,"3209079,60894,4,EM,1,100,RS,RE,PS,MN
3209077,60895,2,PI,1,100,145912,145953
3209077,60896,2,PR,1,100,111636,111685
3209077,60897,2,PG,1,100,9153,9175
3209075,60898,2,EA,1,100,0.239012,0.239241
3209075,60899,2,EL,1,100,-13790.200195,-13795.799805
3209068,60900,1,T1,1,100,36.190
3209083,60901,1,TH,1,100,35.007
3209103,60902,3,AX,1,100,0.822,0.782,0.802
3209103,60903,3,AY,1,100,0.606,0.582,0.590
3209103,60904,3,AZ,1,100,0.032,0.066,0.075
3209103,60905,3,GX,1,100,-1.221,-2.777,-2.960
"
2026-03-05T00:00:01.339Z,1772668801339,10.168.15.94,3132,"3209103,60906,3,GY,1,100,12.878,14.709,14.343
3209103,60907,3,GZ,1,100,-2.014,-0.305,-0.305
3209103,60908,3,MX,1,100,67,66,67
3209103,60909,3,MY,1,100,35,34,34
3209103,60910,3,MZ,1,100, 7, 8, 8
"
2026-03-05T00:00:01.442Z,1772668801442,10.168.15.94,3132,"3209197,60911,3,PI,1,100,146136,146271,146236
3209197,60912,3,PR,1,100,111759,111859,111823
3209197,60913,3,PG,1,100,9195,9189,9201
3209142,60914,1,EA,1,100,0.239241
3209142,60915,1,EL,1,100,-13795.799805
3209202,60916,1,T1,1,100,36.189
3209183,60917,2,AX,1,100,0.820,0.810
3209183,60918,2,AY,1,100,0.584,0.580
3209183,60919,2,AZ,1,100,0.059,0.094
3209183,60920,2,GX,1,100,-3.510,-6.470
3209183,60921,2,GY,1,100,6.378,4.974
3209183,60922,2,GZ,1,100,-1.587,-1.221
3209183,60923,2,MX,1,100,66,67
"
2026-03-05T00:00:01.442Z,1772668801442,10.168.15.94,3132,"3209183,60924,2,MY,1,100,33,34
3209183,60925,2,MZ,1,100, 9, 9
"
2026-03-05T00:00:01.493Z,1772668801493,10.168.15.94,3132,"3209280,60926,4,EM,1,100,RS,RE,PS,MN
"
2026-03-05T00:00:01.537Z,1772668801537,10.168.15.94,3132,"3209280,60926,4,EM,1,100,RS,RE,PS,MN
3209275,60927,1,SF,1,100,6.9151
3209277,60928,2,PI,1,100,146206,146370
3209277,60929,2,PR,1,100,111807,111912
3209277,60930,2,PG,1,100,9211,9196
3209275,60931,2,EA,1,100,0.239315,0.239389
3209275,60932,2,EL,1,100,-13797.599609,-13799.400391
3209217,60933,1,TH,1,100,35.007
3209303,60934,3,AX,1,100,0.819,0.796,0.825
3209303,60935,3,AY,1,100,0.602,0.598,0.590
3209303,60936,3,AZ,1,100,0.093,0.119,0.143
3209303,60937,3,GX,1,100,-5.096,-3.723,-6.683
"
2026-03-05T00:00:01.538Z,1772668801538,10.168.15.94,3132,"3209303,60938,3,GY,1,100,10.529,12.634,10.498
3209303,60939,3,GZ,1,100,-3.204,-3.906,-3.937
3209303,60940,3,MX,1,100,66,67,67
3209303,60941,3,MY,1,100,35,34,35
3209303,60942,3,MZ,1,100, 9,10,10
"
2026-03-05T00:00:01.642Z,1772668801642,10.168.15.94,3132,"3209397,60943,3,PI,1,100,146470,146612,146750
3209397,60944,3,PR,1,100,111988,112067,112146
3209397,60945,3,PG,1,100,9180,9173,9181
3209408,60946,2,EA,1,100,0.239610,0.239816
3209408,60947,2,EL,1,100,-13804.799805,-13809.799805
3209335,60948,1,T1,1,100,36.224
3209350,60949,1,TH,1,100,34.949
3209383,60950,2,AX,1,100,0.823,0.779
3209383,60951,2,AY,1,100,0.637,0.631
3209383,60952,2,AZ,1,100,0.148,0.156
3209383,60953,2,GX,1,100,-9.949,-5.737
3209383,60954,2,GY,1,100,17.853,13.458
"
2026-03-05T00:00:01.643Z,1772668801643,10.168.15.94,3132,"3209383,60955,2,GZ,1,100,-3.052,-6.531
3209383,60956,2,MX,1,100,67,68
3209383,60957,2,MY,1,100,34,33
3209383,60958,2,MZ,1,100,10,12
"
2026-03-05T00:00:01.701Z,1772668801701,10.168.15.94,3132,"3209486,60959,4,EM,1,100,RS,RE,PS,MN
"
2026-03-05T00:00:01.744Z,1772668801744,10.168.15.94,3132,"3209486,60959,4,EM,1,100,RS,RE,PS,MN
3209477,60960,2,PI,1,100,146935,146986
3209477,60961,2,PR,1,100,112253,112306
3209477,60962,2,PG,1,100,9187,9197
3209475,60963,1,EA,1,100,0.240055
3209475,60964,1,EL,1,100,-13815.599609
3209468,60965,1,T1,1,100,36.203
3209483,60966,1,TH,1,100,34.942
3209503,60967,3,AX,1,100,0.812,0.785,0.762
3209503,60968,3,AY,1,100,0.601,0.562,0.567
3209503,60969,3,AZ,1,100,0.154,0.183,0.168
3209503,60970,3,GX,1,100,-7.416,-9.796,-9.125
3209503,60971,3,GY,1,100,14.465,16.388,14.160
"
2026-03-05T00:00:01.745Z,1772668801745,10.168.15.94,3132,"3209503,60972,3,GZ,1,100,-5.341,-3.113,-2.136
3209503,60973,3,MX,1,100,68,68,67
3209503,60974,3,MY,1,100,35,35,34
3209503,60975,3,MZ,1,100,12,13,14
"
2026-03-05T00:00:01.851Z,1772668801851,10.168.15.94,3132,"3209608,60976,1,SF,1,100,6.8351
3209597,60977,3,PI,1,100,147155,147375,147577
3209597,60978,3,PR,1,100,112387,112522,112642
3209597,60979,3,PG,1,100,9208,9223,9229
3209608,60980,2,EA,1,100,0.240344,0.240592
3209608,60981,2,EL,1,100,-13822.599609,-13828.599609
3209602,60982,1,T1,1,100,36.159
3209616,60983,1,TH,1,100,34.941
3209583,60984,2,AX,1,100,0.803,0.763
3209583,60985,2,AY,1,100,0.613,0.544
3209583,60986,2,AZ,1,100,0.141,0.190
3209583,60987,2,GX,1,100,-6.653,-9.003
"
2026-03-05T00:00:01.852Z,1772668801852,10.168.15.94,3132,"3209583,60988,2,GY,1,100,11.932,15.289
3209583,60989,2,GZ,1,100,1.892,1.251
3209583,60990,2,MX,1,100,67,68
3209583,60991,2,MY,1,100,34,35
3209583,60992,2,MZ,1,100,14,15
"
2026-03-05T00:00:01.902Z,1772668801902,10.168.15.94,3132,"3209687,60993,4,EM,1,100,RS,RE,PS,MN
"
2026-03-05T00:00:01.938Z,1772668801938,10.168.15.94,3132,"3209687,60993,4,EM,1,100,RS,RE,PS,MN
3209676,60994,2,PI,1,100,147856,148065
3209676,60995,2,PR,1,100,112785,112929
3209676,60996,2,PG,1,100,9265,9280
3209675,60997,1,EA,1,100,0.240700
3209675,60998,1,EL,1,100,-13831.200195
3209703,60999,3,AX,1,100,0.779,0.764,0.785
3209703,61000,3,AY,1,100,0.586,0.606,0.580
3209703,61001,3,AZ,1,100,0.199,0.198,0.222
3209703,61002,3,GX,1,100,-1.038,4.608,3.174
3209703,61003,3,GY,1,100,11.383,9.369,7.904
3209703,61004,3,GZ,1,100,-1.129,-3.571,-1.709
"
2026-03-05T00:00:01.940Z,1772668801940,10.168.15.94,3132,"3209703,61005,3,MX,1,100,67,68,68
3209703,61006,3,MY,1,100,34,33,34
3209703,61007,3,MZ,1,100,16,16,16
"
2026-03-05T00:00:02.079Z,1772668802079,10.168.15.94,3132,"3209796,61008,3,PI,1,100,148307,148495,148555
3209796,61009,3,PR,1,100,113073,113191,113243
3209796,61010,3,PG,1,100,9317,9336,9357
3209808,61011,2,EA,1,100,0.240716,0.240741
3209808,61012,2,EL,1,100,-13831.599609,-13832.200195
3209735,61013,1,T1,1,100,36.211
3209750,61014,1,TH,1,100,34.941
3209782,61015,2,AX,1,100,0.761,0.773
3209782,61016,2,AY,1,100,0.588,0.611
3209782,61017,2,AZ,1,100,0.200,0.195
3209782,61018,2,GX,1,100,3.967,6.073
3209782,61019,2,GY,1,100,17.578,14.893
"
2026-03-05T00:00:02.080Z,1772668802080,10.168.15.94,3132,"3209782,61020,2,GZ,1,100,1.709,1.770
3209782,61021,2,MX,1,100,68,68
3209782,61022,2,MY,1,100,34,34
3209782,61023,2,MZ,1,100,16,17
"
2026-03-05T00:00:02.104Z,1772668802104,10.168.15.94,3132,"3209890,61024,4,EM,1,100,RS,RE,PS,MN
"
2026-03-05T00:00:02.145Z,1772668802145,10.168.15.94,3132,"3209890,61024,4,EM,1,100,RS,RE,PS,MN
3209608,61025,1,SA,1,100,0.000149
3209608,61026,1,SR,1,100,0.200000
3209916,61027,3,PI,1,100,148576,148531,148475
3209916,61028,3,PR,1,100,113278,113264,113224
3209917,61029,3,PG,1,100,9358,9361,9338
3209875,61030,1,EA,1,100,0.240716
3209875,61031,1,EL,1,100,-13831.599609
3209868,61032,1,T1,1,100,36.127
3209883,61033,1,TH,1,100,35.061
3209903,61034,3,AX,1,100,0.738,0.828,0.674
3209903,61035,3,AY,1,100,0.601,0.660,0.599
3209903,61036,3,AZ,1,100,0.246,0.193,0.266
"
2026-03-05T00:00:02.152Z,1772668802152,10.168.15.94,3132,"3209903,61037,3,GX,1,100,2.014,-3.113,-9.918
3209903,61038,3,GY,1,100,15.320,10.895,14.984
3209903,61039,3,GZ,1,100,4.150,3.845,8.484
3209903,61040,3,MX,1,100,68,68,66
3209903,61041,3,MY,1,100,34,34,34
3209903,61042,3,MZ,1,100,18,18,19
"
2026-03-05T00:00:02.256Z,1772668802256,10.168.15.94,3132,"3210008,61043,1,SF,1,100,8.8383
3209996,61044,2,PI,1,100,148462,148388
3209996,61045,2,PR,1,100,113230,113187
3209996,61046,2,PG,1,100,9365,9354
3210008,61047,2,EA,1,100,0.240642,0.240949
3210008,61048,2,EL,1,100,-13829.799805,-13837.200195
3210002,61049,1,T1,1,100,36.161
3210016,61050,1,TH,1,100,35.061
3209983,61051,2,AX,1,100,0.877,0.750
3209983,61052,2,AY,1,100,0.561,0.600
3209983,61053,2,AZ,1,100,0.227,0.238
3209983,61054,2,GX,1,100,7.935,8.453
3209983,61055,2,GY,1,100,-6.409,-4.517
"
2026-03-05T00:00:02.257Z,1772668802257,10.168.15.94,3132,"3209983,61056,2,GZ,1,100,1.007,-0.183
3209983,61057,2,MX,1,100,67,68
3209983,61058,2,MY,1,100,35,34
3209983,61059,2,MZ,1,100,17,18
"
2026-03-05T00:00:02.304Z,1772668802304,10.168.15.94,3132,"3210091,61060,4,EM,1,100,RS,RE,PS,MN
"
2026-03-05T00:00:02.348Z,1772668802348,10.168.15.94,3132,"3210091,61060,4,EM,1,100,RS,RE,PS,MN
3210116,61061,3,PI,1,100,148424,148471,148532
3210116,61062,3,PR,1,100,113193,113199,113265
3210116,61063,3,PG,1,100,9364,9369,9403
3210075,61064,1,EA,1,100,0.241073
3210075,61065,1,EL,1,100,-13840.200195
3210102,61066,3,AX,1,100,0.789,0.764,0.766
3210102,61067,3,AY,1,100,0.598,0.607,0.601
3210102,61068,3,AZ,1,100,0.248,0.245,0.227
3210102,61069,3,GX,1,100,5.524,5.615,2.045
3210102,61070,3,GY,1,100,5.402,-0.031,3.479
3210102,61071,3,GZ,1,100,0.305,-2.380,-0.336
"
2026-03-05T00:00:02.348Z,1772668802348,10.168.15.94,3132,"3210102,61072,3,MX,1,100,67,67,67
3210102,61073,3,MY,1,100,35,34,34
3210102,61074,3,MZ,1,100,16,16,16
"
2026-03-05T00:00:02.459Z,1772668802459,10.168.15.94,3132,"3209942,61075,1,SA,1,100,0.000432
3209942,61076,1,SR,1,100,0.133333
3210196,61077,2,PI,1,100,148596,148645
3210196,61078,2,PR,1,100,113295,113343
3210196,61079,2,PG,1,100,9421,9436
3210208,61080,2,EA,1,100,0.240990,0.241098
3210208,61081,2,EL,1,100,-13838.200195,-13840.799805
3210135,61082,1,T1,1,100,36.247
3210150,61083,1,TH,1,100,34.877
3210222,61084,3,AX,1,100,0.785,0.740,0.803
3210222,61085,3,AY,1,100,0.621,0.623,0.607
3210222,61086,3,AZ,1,100,0.257,0.258,0.258
"
2026-03-05T00:00:02.462Z,1772668802462,10.168.15.94,3132,"3210222,61087,3,GX,1,100,0.092,-2.014,-0.977
3210222,61088,3,GY,1,100,3.784,2.075,3.693
3210222,61089,3,GZ,1,100,0.824,-6.653,-2.380
3210222,61090,3,MX,1,100,68,67,68
3210222,61091,3,MY,1,100,34,34,35
3210222,61092,3,MZ,1,100,18,19,18
"
2026-03-05T00:00:02.470Z,1772668802470,10.168.15.94,3132,"3210259,61093,2,RD,1,100,TL,TU
"
2026-03-05T00:00:02.585Z,1772668802585,10.168.15.94,3132,"3210364,61094,4,EM,1,100,RS,RE,PS,MN
"
2026-03-05T00:00:02.600Z,1772668802600,10.168.15.94,3132,"3210259,61093,2,RD,1,100,TL,TU
3210364,61094,4,EM,1,100,RS,RE,PS,MN
3210342,61095,1,SF,1,100,10.8183
3210356,61096,4,PI,1,100,148678,148745,148711,148675
3210356,61097,4,PR,1,100,113355,113382,113343,113319
3210356,61098,4,PG,1,100,9453,9489,9476,9478
3210342,61099,2,EA,1,100,0.241281,0.241298
3210342,61100,2,EL,1,100,-13845.200195,-13845.599609
3210268,61101,1,T1,1,100,36.142
3210283,61102,1,TH,1,100,34.877
3210342,61103,3,AX,1,100,0.715,0.789,0.754
3210342,61104,3,AY,1,100,0.625,0.550,0.601
"
2026-03-05T00:00:02.611Z,1772668802611,10.168.15.94,3132,"3210342,61105,3,AZ,1,100,0.229,0.246,0.241
3210342,61106,3,GX,1,100,2.289,-0.275,-1.556
3210342,61107,3,GY,1,100,0.275,0.061,-5.402
3210342,61108,3,GZ,1,100,-2.502,-1.831,-3.296
3210342,61109,3,MX,1,100,68,67,67
3210342,61110,3,MY,1,100,34,34,35
3210342,61111,3,MZ,1,100,17,18,17
"
2026-03-05T00:00:02.703Z,1772668802703,10.168.15.94,3132,"3210208,61112,1,SA,1,100,0.000200
3210208,61113,1,SR,1,100,0.133333
3210436,61114,2,PI,1,100,148600,148550
3210436,61115,2,PR,1,100,113283,113252
3210436,61116,2,PG,1,100,9473,9460
3210408,61117,1,EA,1,100,0.241298
3210408,61118,1,EL,1,100,-13845.599609
3210402,61119,1,T1,1,100,36.239
3210416,61120,1,TH,1,100,34.980
3210462,61121,3,AX,1,100,0.772,0.764,0.727
3210462,61122,3,AY,1,100,0.565,0.637,0.606
3210462,61123,3,AZ,1,100,0.252,0.206,0.228
3210462,61124,3,GX,1,100,3.082,7.477,4.028
"
2026-03-05T00:00:02.735Z,1772668802735,10.168.15.94,3132,"3210462,61125,3,GY,1,100,4.944,-1.129,-0.122
3210462,61126,3,GZ,1,100,-4.852,0.061,-4.150
3210462,61127,3,MX,1,100,67,68,67
3210462,61128,3,MY,1,100,34,34,33
3210462,61129,3,MZ,1,100,18,18,18
"
2026-03-05T00:00:02.777Z,1772668802777,10.168.15.94,3132,"3210565,61130,4,EM,1,100,RS,RE,PS,MN
"
2026-03-05T00:00:02.799Z,1772668802799,10.168.15.94,3132,"3210565,61130,4,EM,1,100,RS,RE,PS,MN
3210556,61131,3,PI,1,100,148550,148529,148491
3210556,61132,3,PR,1,100,113237,113218,113194
3210556,61133,3,PG,1,100,9458,9453,9459
3210542,61134,2,EA,1,100,0.241223,0.241265
3210542,61135,2,EL,1,100,-13843.799805,-13844.799805
3210535,61136,1,T1,1,100,36.245
3210550,61137,1,TH,1,100,34.980
3210542,61138,2,AX,1,100,0.769,0.777
3210542,61139,2,AY,1,100,0.592,0.609
3210542,61140,2,AZ,1,100,0.217,0.204
3210542,61141,2,GX,1,100,-1.617,0.580
"
2026-03-05T00:00:02.804Z,1772668802804,10.168.15.94,3132,"3210542,61142,2,GY,1,100,-2.655,-3.967
3210542,61143,2,GZ,1,100,-0.305,2.777
3210542,61144,2,MX,1,100,67,68
3210542,61145,2,MY,1,100,35,34
3210542,61146,2,MZ,1,100,19,17
"
2026-03-05T00:00:02.914Z,1772668802914,10.168.15.94,3132,"3210608,61147,1,SF,1,100,12.7754
3210636,61148,2,PI,1,100,148436,148386
3210636,61149,2,PR,1,100,113152,113129
3210636,61150,2,PG,1,100,9449,9467
3210608,61151,1,EA,1,100,0.241098
3210608,61152,1,EL,1,100,-13840.799805
3210668,61153,1,T1,1,100,36.106
3210662,61154,3,AX,1,100,0.790,0.763,0.814
3210662,61155,3,AY,1,100,0.605,0.629,0.612
3210662,61156,3,AZ,1,100,0.241,0.249,0.242
3210662,61157,3,GX,1,100,-2.167,-0.702,3.815
3210662,61158,3,GY,1,100,-5.035,-5.371,-4.333
"
2026-03-05T00:00:02.915Z,1772668802915,10.168.15.94,3132,"3210662,61159,3,GZ,1,100,3.265,-1.129,0.031
3210662,61160,3,MX,1,100,67,67,68
3210662,61161,3,MY,1,100,34,33,34
3210662,61162,3,MZ,1,100,16,18,17
"
2026-03-05T00:00:02.982Z,1772668802982,10.168.15.94,3132,"3210766,61163,4,EM,1,100,RS,RE,PS,MN
"
2026-03-05T00:00:03.003Z,1772668803003,10.168.15.94,3132,"3210766,61163,4,EM,1,100,RS,RE,PS,MN
3210756,61164,3,PI,1,100,148313,148270,148136
3210756,61165,3,PR,1,100,113062,113030,112950
3210756,61166,3,PG,1,100,9463,9457,9440
3210742,61167,2,EA,1,100,0.241073,0.241173
3210742,61168,2,EL,1,100,-13840.200195,-13842.599609
3210683,61169,1,TH,1,100,35.000
3210742,61170,2,AX,1,100,0.754,0.784
3210742,61171,2,AY,1,100,0.599,0.596
3210742,61172,2,AZ,1,100,0.245,0.219
3210742,61173,2,GX,1,100,4.883,3.326
3210742,61174,2,GY,1,100,-0.977,2.136
"
2026-03-05T00:00:03.003Z,1772668803003,10.168.15.94,3132,"3210742,61175,2,GZ,1,100,1.129,2.411
3210742,61176,2,MX,1,100,68,68
3210742,61177,2,MY,1,100,35,34
3210742,61178,2,MZ,1,100,16,18
"
2026-03-05T00:00:03.107Z,1772668803107,10.168.15.94,3132,"3210850,61179,2,PI,1,100,147975,147884
3210850,61180,2,PR,1,100,112831,112795
3210850,61181,2,PG,1,100,9428,9439
3210875,61182,2,EA,1,100,0.241231,0.241231
3210875,61183,2,EL,1,100,-13844.000000,-13844.000000
3210802,61184,1,T1,1,100,36.117
3210816,61185,1,TH,1,100,35.000
3210862,61186,3,AX,1,100,0.773,0.806,0.760
3210862,61187,3,AY,1,100,0.608,0.616,0.629
3210862,61188,3,AZ,1,100,0.222,0.217,0.204
3210862,61189,3,GX,1,100,0.549,-0.824,2.380
3210862,61190,3,GY,1,100,-4.059,-1.373,0.122
"
2026-03-05T00:00:03.108Z,1772668803108,10.168.15.94,3132,"3210862,61191,3,GZ,1,100,2.716,3.632,0.793
3210862,61192,3,MX,1,100,68,67,67
3210862,61193,3,MY,1,100,33,34,34
3210862,61194,3,MZ,1,100,16,17,16
"
2026-03-05T00:00:03.183Z,1772668803183,10.168.15.94,3132,"3210970,61195,4,EM,1,100,RS,RE,PS,MN
"
2026-03-05T00:00:03.212Z,1772668803212,10.168.15.94,3132,"3210970,61195,4,EM,1,100,RS,RE,PS,MN
3210942,61196,1,SF,1,100,12.6276
3210970,61197,3,PI,1,100,147882,147809,147807
3210970,61198,3,PR,1,100,112788,112726,112708
3210970,61199,3,PG,1,100,9440,9422,9410
3210942,61200,1,EA,1,100,0.241215
3210942,61201,1,EL,1,100,-13843.599609
3210935,61202,1,T1,1,100,36.192
3210950,61203,1,TH,1,100,34.992
3210942,61204,2,AX,1,100,0.767,0.773
3210942,61205,2,AY,1,100,0.618,0.606
3210942,61206,2,AZ,1,100,0.231,0.214
3210942,61207,2,GX,1,100,3.601,5.341
"
2026-03-05T00:00:03.215Z,1772668803215,10.168.15.94,3132,"3210942,61208,2,GY,1,100,-1.923,-0.122
3210942,61209,2,GZ,1,100,2.045,0.854
3210942,61210,2,MX,1,100,67,68
3210942,61211,2,MY,1,100,35,34
3210942,61212,2,MZ,1,100,17,16
3210908,61213,1,BV,1,100,3.89
3210908,61214,1,B%,1,100,75
"
2026-03-05T00:00:03.316Z,1772668803316,10.168.15.94,3132,"3211050,61215,2,PI,1,100,147849,148049
3211050,61216,2,PR,1,100,112754,112861
3211050,61217,2,PG,1,100,9403,9408
3211075,61218,2,EA,1,100,0.241115,0.241040
3211075,61219,2,EL,1,100,-13841.200195,-13839.400391
3211068,61220,1,T1,1,100,36.119
3211083,61221,1,TH,1,100,34.992
3211062,61222,3,AX,1,100,0.786,0.789,0.785
3211062,61223,3,AY,1,100,0.598,0.646,0.592
3211062,61224,3,AZ,1,100,0.235,0.212,0.238
3211062,61225,3,GX,1,100,6.897,4.791,-0.519
3211062,61226,3,GY,1,100,6.592,9.308,9.674
"
2026-03-05T00:00:03.320Z,1772668803320,10.168.15.94,3132,"3211062,61227,3,GZ,1,100,-1.343,1.892,-0.519
3211062,61228,3,MX,1,100,66,67,68
3211062,61229,3,MY,1,100,35,34,34
3211062,61230,3,MZ,1,100,16,16,17
"
2026-03-05T00:00:03.381Z,1772668803381,10.168.15.94,3132,"3211170,61231,4,EM,1,100,RS,RE,PS,MN
"
2026-03-05T00:00:03.409Z,1772668803409,10.168.15.94,3132,"3211170,61231,4,EM,1,100,RS,RE,PS,MN
3211130,61232,1,BI,1,100,3800
3211130,61233,1,HR,1,100,56.03
3211170,61234,3,PI,1,100,148124,148170,148215
3211170,61235,3,PR,1,100,112883,112919,112934
3211170,61236,3,PG,1,100,9400,9401,9430
3211142,61237,1,EA,1,100,0.241156
3211142,61238,1,EL,1,100,-13842.200195
3211142,61239,2,AX,1,100,0.751,0.749
3211142,61240,2,AY,1,100,0.571,0.612
3211142,61241,2,AZ,1,100,0.244,0.224
3211142,61242,2,GX,1,100,-5.371,-1.587
3211142,61243,2,GY,1,100,0.641,-1.617
"
2026-03-05T00:00:03.413Z,1772668803413,10.168.15.94,3132,"3211142,61244,2,GZ,1,100,-4.425,-3.571
3211142,61245,2,MX,1,100,68,67
3211142,61246,2,MY,1,100,34,34
3211142,61247,2,MZ,1,100,17,16
"
2026-03-05T00:00:03.513Z,1772668803513,10.168.15.94,3132,"3211275,61248,1,SF,1,100,12.4815
3211250,61249,2,PI,1,100,148273,148355
3211250,61250,2,PR,1,100,112965,112988
3211250,61251,2,PG,1,100,9416,9426
3211275,61252,2,EA,1,100,0.241231,0.241115
3211275,61253,2,EL,1,100,-13844.000000,-13841.200195
3211202,61254,1,T1,1,100,36.016
3211216,61255,1,TH,1,100,34.895
3211262,61256,3,AX,1,100,0.767,0.754,0.787
3211262,61257,3,AY,1,100,0.627,0.637,0.629
3211262,61258,3,AZ,1,100,0.278,0.233,0.208
3211262,61259,3,GX,1,100,-1.587,0.031,1.099
"
2026-03-05T00:00:03.516Z,1772668803516,10.168.15.94,3132,"3211262,61260,3,GY,1,100,5.371,5.920,4.456
3211262,61261,3,GZ,1,100,-3.174,-1.831,0.031
3211262,61262,3,MX,1,100,68,69,68
3211262,61263,3,MY,1,100,33,34,33
3211262,61264,3,MZ,1,100,18,17,18
"
2026-03-05T00:00:03.588Z,1772668803588,10.168.15.94,3132,"3211371,61265,4,EM,1,100,RS,RE,PS,MN
"
2026-03-05T00:00:03.613Z,1772668803613,10.168.15.94,3132,"3211371,61265,4,EM,1,100,RS,RE,PS,MN
3211370,61266,3,PI,1,100,148359,148343,148327
3211370,61267,3,PR,1,100,113014,112995,112984
3211370,61268,3,PG,1,100,9441,9446,9455
3211342,61269,1,EA,1,100,0.241215
3211342,61270,1,EL,1,100,-13843.599609
3211335,61271,1,T1,1,100,36.220
3211350,61272,1,TH,1,100,34.888
3211382,61273,3,AX,1,100,0.673,0.811,0.743
3211382,61274,3,AY,1,100,0.615,0.584,0.613
3211382,61275,3,AZ,1,100,0.273,0.209,0.260
3211382,61276,3,GX,1,100,-4.425,-1.007,1.129
"
2026-03-05T00:00:03.614Z,1772668803614,10.168.15.94,3132,"3211382,61277,3,GY,1,100,6.622,0.336,0.702
3211382,61278,3,GZ,1,100,-2.930,-0.214,2.075
3211382,61279,3,MX,1,100,67,68,68
3211382,61280,3,MY,1,100,34,33,34
3211382,61281,3,MZ,1,100,19,17,19
"
2026-03-05T00:00:03.712Z,1772668803712,10.168.15.94,3132,"3211450,61282,2,PI,1,100,148329,148389
3211450,61283,2,PR,1,100,112985,113008
3211450,61284,2,PG,1,100,9457,9470
3211475,61285,2,EA,1,100,0.241156,0.240949
3211475,61286,2,EL,1,100,-13842.200195,-13837.200195
3211468,61287,1,T1,1,100,36.308
3211483,61288,1,TH,1,100,34.969
3211462,61289,2,AX,1,100,0.717,0.795
3211462,61290,2,AY,1,100,0.606,0.604
3211462,61291,2,AZ,1,100,0.286,0.243
3211462,61292,2,GX,1,100,0.946,4.364
3211462,61293,2,GY,1,100,-1.129,4.639
3211462,61294,2,GZ,1,100,0.519,8.636
"
2026-03-05T00:00:03.720Z,1772668803720,10.168.15.94,3132,"3211462,61295,2,MX,1,100,68,69
3211462,61296,2,MY,1,100,33,33
3211462,61297,2,MZ,1,100,18,19
"
2026-03-05T00:00:03.791Z,1772668803791,10.168.15.94,3132,"3211572,61298,4,EM,1,100,RS,RE,PS,MN
"
2026-03-05T00:00:03.830Z,1772668803830,10.168.15.94,3132,"3211572,61298,4,EM,1,100,RS,RE,PS,MN
3211570,61299,3,PI,1,100,148482,148652,148747
3211570,61300,3,PR,1,100,113071,113165,113222
3211570,61301,3,PG,1,100,9474,9483,9500
3211542,61302,1,EA,1,100,0.240974
3211542,61303,1,EL,1,100,-13837.799805
3211582,61304,3,AX,1,100,0.746,0.753,0.782
3211582,61305,3,AY,1,100,0.634,0.604,0.606
3211582,61306,3,AZ,1,100,0.253,0.258,0.246
3211582,61307,3,GX,1,100,7.538,1.587,1.251
3211582,61308,3,GY,1,100,9.979,4.608,5.737
3211582,61309,3,GZ,1,100,7.507,5.585,5.249
"
2026-03-05T00:00:03.831Z,1772668803831,10.168.15.94,3132,"3211582,61310,3,MX,1,100,67,67,67
3211582,61311,3,MY,1,100,34,33,35
3211582,61312,3,MZ,1,100,17,18,19
"
2026-03-05T00:00:03.935Z,1772668803935,10.168.15.94,3132,"3211675,61313,1,SF,1,100,12.3371
3211650,61314,2,PI,1,100,148761,148785
3211650,61315,2,PR,1,100,113237,113242
3211650,61316,2,PG,1,100,9504,9493
3211675,61317,2,EA,1,100,0.241073,0.241256
3211675,61318,2,EL,1,100,-13840.200195,-13844.599609
3211601,61319,1,T1,1,100,36.133
3211616,61320,1,TH,1,100,34.969
3211662,61321,2,AX,1,100,0.767,0.729
3211662,61322,2,AY,1,100,0.575,0.576
3211662,61323,2,AZ,1,100,0.268,0.255
3211662,61324,2,GX,1,100,0.183,-0.641
3211662,61325,2,GY,1,100,1.160,0.763
"
2026-03-05T00:00:03.935Z,1772668803935,10.168.15.94,3132,"3211662,61326,2,GZ,1,100,-0.946,-2.594
3211662,61327,2,MX,1,100,67,67
3211662,61328,2,MY,1,100,35,34
3211662,61329,2,MZ,1,100,19,19
"
2026-03-05T00:00:03.987Z,1772668803987,10.168.15.94,3132,"3211773,61330,4,EM,1,100,RS,RE,PS,MN
"
2026-03-05T00:00:04.015Z,1772668804015,10.168.15.94,3132,"3211773,61330,4,EM,1,100,RS,RE,PS,MN
3211770,61331,3,PI,1,100,148777,148734,148717
3211770,61332,3,PR,1,100,113231,113197,113182
3211770,61333,3,PG,1,100,9520,9510,9508
3211742,61334,1,EA,1,100,0.241306
3211742,61335,1,EL,1,100,-13845.799805
3211735,61336,1,T1,1,100,36.129
3211750,61337,1,TH,1,100,35.013
3211782,61338,3,AX,1,100,0.733,0.797,0.771
3211782,61339,3,AY,1,100,0.639,0.618,0.566
3211782,61340,3,AZ,1,100,0.286,0.238,0.242
3211782,61341,3,GX,1,100,-3.204,-1.007,-0.610
"
2026-03-05T00:00:04.030Z,1772668804030,10.168.15.94,3132,"3211782,61342,3,GY,1,100,-0.275,-2.289,3.235
3211782,61343,3,GZ,1,100,-0.641,0.763,2.258
3211782,61344,3,MX,1,100,68,67,68
3211782,61345,3,MY,1,100,35,33,34
3211782,61346,3,MZ,1,100,19,18,19
"
2026-03-05T00:00:04.126Z,1772668804126,10.168.15.94,3132,"3211850,61347,2,PI,1,100,148686,148705
3211850,61348,2,PR,1,100,113145,113156
3211850,61349,2,PG,1,100,9493,9510
3211875,61350,2,EA,1,100,0.241181,0.241115
3211875,61351,2,EL,1,100,-13842.799805,-13841.200195
3211868,61352,1,T1,1,100,36.162
3211883,61353,1,TH,1,100,35.013
3211862,61354,2,AX,1,100,0.777,0.767
3211862,61355,2,AY,1,100,0.586,0.615
3211862,61356,2,AZ,1,100,0.263,0.261
3211862,61357,2,GX,1,100,-0.153,2.014
3211862,61358,2,GY,1,100,3.326,1.221
3211862,61359,2,GZ,1,100,1.709,-1.190
"
2026-03-05T00:00:04.126Z,1772668804126,10.168.15.94,3132,"3211862,61360,2,MX,1,100,67,67
3211862,61361,2,MY,1,100,34,35
3211862,61362,2,MZ,1,100,18,18
"
2026-03-05T00:00:04.192Z,1772668804192,10.168.15.94,3132,"3211974,61363,4,EM,1,100,RS,RE,PS,MN
"
2026-03-05T00:00:04.237Z,1772668804237,10.168.15.94,3132,"3211974,61363,4,EM,1,100,RS,RE,PS,MN
3211942,61364,1,SF,1,100,12.1944
3211970,61365,3,PI,1,100,148764,148795,148811
3211970,61366,3,PR,1,100,113206,113209,113224
3211970,61367,3,PG,1,100,9523,9522,9533
3211942,61368,1,EA,1,100,0.241231
3211942,61369,1,EL,1,100,-13844.000000
3211982,61370,3,AX,1,100,0.778,0.735,0.787
3211982,61371,3,AY,1,100,0.588,0.615,0.633
3211982,61372,3,AZ,1,100,0.277,0.279,0.244
3211982,61373,3,GX,1,100,-0.275,-2.136,-1.007
3211982,61374,3,GY,1,100,1.678,1.038,-1.373
"
2026-03-05T00:00:04.237Z,1772668804237,10.168.15.94,3132,"3211982,61375,3,GZ,1,100,-1.587,0.366,3.296
3211982,61376,3,MX,1,100,67,67,67
3211982,61377,3,MY,1,100,35,35,35
3211982,61378,3,MZ,1,100,18,18,19
"
2026-03-05T00:00:04.322Z,1772668804322,10.168.15.94,3132,"3212090,61379,3,PI,1,100,148821,148858,148848
3212090,61380,3,PR,1,100,113242,113253,113251
3212090,61381,3,PG,1,100,9531,9502,9525
3212075,61382,2,EA,1,100,0.241206,0.241190
3212075,61383,2,EL,1,100,-13843.400391,-13843.000000
3212001,61384,1,T1,1,100,36.106
3212016,61385,1,TH,1,100,34.988
3212062,61386,2,AX,1,100,0.796,0.767
3212062,61387,2,AY,1,100,0.608,0.591
3212062,61388,2,AZ,1,100,0.266,0.275
3212062,61389,2,GX,1,100,-2.258,-0.641
3212062,61390,2,GY,1,100,-1.495,-1.068
"
2026-03-05T00:00:04.322Z,1772668804322,10.168.15.94,3132,"3212062,61391,2,GZ,1,100,0.244,-3.571
3212062,61392,2,MX,1,100,67,67
3212062,61393,2,MY,1,100,35,34
3212062,61394,2,MZ,1,100,18,18
"
2026-03-05T00:00:04.388Z,1772668804388,10.168.15.94,3132,"3212175,61395,4,EM,1,100,RS,RE,PS,MN
"
2026-03-05T00:00:04.417Z,1772668804417,10.168.15.94,3132,"3212175,61395,4,EM,1,100,RS,RE,PS,MN
3212170,61396,2,PI,1,100,148878,149056
3212170,61397,2,PR,1,100,113267,113443
3212170,61398,2,PG,1,100,9527,9576
3212142,61399,1,EA,1,100,0.241190
3212142,61400,1,EL,1,100,-13843.000000
3212135,61401,1,T1,1,100,36.152
3212150,61402,1,TH,1,100,34.988
3212182,61403,3,AX,1,100,0.771,0.817,0.766
3212182,61404,3,AY,1,100,0.535,0.664,0.574
3212182,61405,3,AZ,1,100,0.290,0.257,0.265
3212182,61406,3,GX,1,100,-1.343,-0.916,2.411
3212182,61407,3,GY,1,100,4.517,12.421,3.418
"
2026-03-05T00:00:04.420Z,1772668804420,10.168.15.94,3132,"3212182,61408,3,GZ,1,100,-3.937,-1.587,-0.244
3212182,61409,3,MX,1,100,67,68,67
3212182,61410,3,MY,1,100,34,34,34
3212182,61411,3,MZ,1,100,19,20,21
"
2026-03-05T00:00:04.520Z,1772668804520,10.168.15.94,3132,"3212275,61412,1,SF,1,100,12.0533
3212290,61413,3,PI,1,100,149185,149218,149245
3212290,61414,3,PR,1,100,113517,113556,113580
3212290,61415,3,PG,1,100,9609,9630,9668
3212275,61416,2,EA,1,100,0.241198,0.241256
3212275,61417,2,EL,1,100,-13843.200195,-13844.599609
3212268,61418,1,T1,1,100,36.208
3212283,61419,1,TH,1,100,35.013
3212262,61420,2,AX,1,100,0.754,0.770
3212262,61421,2,AY,1,100,0.581,0.582
3212262,61422,2,AZ,1,100,0.285,0.274
3212262,61423,2,GX,1,100,-0.946,-2.655
3212262,61424,2,GY,1,100,2.472,0.793
"
2026-03-05T00:00:04.522Z,1772668804522,10.168.15.94,3132,"3212262,61425,2,GZ,1,100,-1.343,-4.974
3212262,61426,2,MX,1,100,68,68
3212262,61427,2,MY,1,100,33,34
3212262,61428,2,MZ,1,100,19,19
"
2026-03-05T00:00:04.587Z,1772668804587,10.168.15.94,3132,"3212376,61429,4,EM,1,100,RS,RE,PS,MN
"
2026-03-05T00:00:04.628Z,1772668804628,10.168.15.94,3132,"3212376,61429,4,EM,1,100,RS,RE,PS,MN
3212370,61430,2,PI,1,100,149274,149251
3212370,61431,2,PR,1,100,113587,113558
3212370,61432,2,PG,1,100,9685,9683
3212342,61433,1,EA,1,100,0.241306
3212342,61434,1,EL,1,100,-13845.799805
3212382,61435,3,AX,1,100,0.691,0.830,0.773
3212382,61436,3,AY,1,100,0.642,0.569,0.593
3212382,61437,3,AZ,1,100,0.339,0.276,0.264
3212382,61438,3,GX,1,100,-2.563,-0.244,1.587
3212382,61439,3,GY,1,100,0.427,-4.913,-0.671
3212382,61440,3,GZ,1,100,-7.111,-4.211,2.899
"
2026-03-05T00:00:04.628Z,1772668804628,10.168.15.94,3132,"3212382,61441,3,MX,1,100,68,68,68
3212382,61442,3,MY,1,100,34,34,33
3212382,61443,3,MZ,1,100,20,19,20
"
2026-03-05T00:00:04.725Z,1772668804725,10.168.15.94,3132,"3212490,61444,3,PI,1,100,149230,149204,149152
3212490,61445,3,PR,1,100,113536,113519,113478
3212490,61446,3,PG,1,100,9688,9693,9682
3212475,61447,2,EA,1,100,0.241273,0.241265
3212475,61448,2,EL,1,100,-13845.000000,-13844.799805
3212401,61449,1,T1,1,100,36.161
3212416,61450,1,TH,1,100,35.013
3212462,61451,2,AX,1,100,0.765,0.788
3212462,61452,2,AY,1,100,0.597,0.625
3212462,61453,2,AZ,1,100,0.266,0.251
3212462,61454,2,GX,1,100,-0.946,-0.458
3212462,61455,2,GY,1,100,-0.885,-6.073
"
2026-03-05T00:00:04.727Z,1772668804727,10.168.15.94,3132,"3212462,61456,2,GZ,1,100,3.418,0.519
3212462,61457,2,MX,1,100,68,68
3212462,61458,2,MY,1,100,34,34
3212462,61459,2,MZ,1,100,20,19
"
2026-03-05T00:00:04.790Z,1772668804790,10.168.15.94,3132,"3212577,61460,4,EM,1,100,RS,RE,PS,MN
"
2026-03-05T00:00:04.826Z,1772668804826,10.168.15.94,3132,"3212577,61460,4,EM,1,100,RS,RE,PS,MN
3212570,61461,2,PI,1,100,149110,149087
3212570,61462,2,PR,1,100,113463,113448
3212570,61463,2,PG,1,100,9662,9643
3212542,61464,1,EA,1,100,0.241215
3212542,61465,1,EL,1,100,-13843.599609
3212535,61466,1,T1,1,100,36.140
3212550,61467,1,TH,1,100,34.934
3212582,61468,3,AX,1,100,0.729,0.733,0.788
3212582,61469,3,AY,1,100,0.610,0.612,0.606
3212582,61470,3,AZ,1,100,0.272,0.293,0.291
3212582,61471,3,GX,1,100,-0.580,-0.061,-0.610
3212582,61472,3,GY,1,100,-2.838,-5.341,-5.829
"
2026-03-05T00:00:04.830Z,1772668804830,10.168.15.94,3132,"3212582,61473,3,GZ,1,100,-0.916,1.221,0.397
3212582,61474,3,MX,1,100,67,68,67
3212582,61475,3,MY,1,100,34,33,34
3212582,61476,3,MZ,1,100,19,19,20
"
2026-03-05T00:00:04.933Z,1772668804933,10.168.15.94,3132,"3212675,61477,1,SF,1,100,11.9139
3212690,61478,3,PI,1,100,149066,149020,149022
3212690,61479,3,PR,1,100,113437,113397,113405
3212690,61480,3,PG,1,100,9646,9624,9628
3212675,61481,2,EA,1,100,0.241032,0.241148
3212675,61482,2,EL,1,100,-13839.200195,-13842.000000
3212668,61483,1,T1,1,100,36.096
3212683,61484,1,TH,1,100,34.934
3212702,61485,3,AX,1,100,0.767,0.766,0.754
3212702,61486,3,AY,1,100,0.624,0.597,0.555
3212702,61487,3,AZ,1,100,0.276,0.251,0.280
3212702,61488,3,GX,1,100,-0.122,-2.167,-7.141
"
2026-03-05T00:00:04.934Z,1772668804934,10.168.15.94,3132,"3212702,61489,3,GY,1,100,-2.838,-0.397,4.211
3212702,61490,3,GZ,1,100,-1.709,-2.716,-0.275
3212702,61491,3,MX,1,100,68,68,67
3212702,61492,3,MY,1,100,34,33,35
3212702,61493,3,MZ,1,100,19,21,21
"
2026-03-05T00:00:04.992Z,1772668804992,10.168.15.94,3132,"3212778,61494,4,EM,1,100,RS,RE,PS,MN
"
2026-03-05T00:00:05.037Z,1772668805037,10.168.15.94,3132,"3212778,61494,4,EM,1,100,RS,RE,PS,MN
3212769,61495,2,PI,1,100,149033,149034
3212769,61496,2,PR,1,100,113419,113434
3212769,61497,2,PG,1,100,9653,9634
3212741,61498,1,EA,1,100,0.241315
3212741,61499,1,EL,1,100,-13846.000000
3212801,61500,1,T1,1,100,36.042
3212782,61501,2,AX,1,100,0.731,0.821
3212782,61502,2,AY,1,100,0.631,0.527
3212782,61503,2,AZ,1,100,0.276,0.287
3212782,61504,2,GX,1,100,-8.911,-11.414
3212782,61505,2,GY,1,100,8.118,1.892
3212782,61506,2,GZ,1,100,3.204,5.646
3212782,61507,2,MX,1,100,68,67
"
2026-03-05T00:00:05.038Z,1772668805038,10.168.15.94,3132,"3212782,61508,2,MY,1,100,33,35
3212782,61509,2,MZ,1,100,21,20
"
2026-03-05T00:00:05.136Z,1772668805136,10.168.15.94,3132,"3212903,61510,3,PI,1,100,149003,148980,148984
3212903,61511,3,PR,1,100,113400,113389,113393
3212903,61512,3,PG,1,100,9636,9654,9646
3212875,61513,2,EA,1,100,0.241256,0.241065
3212875,61514,2,EL,1,100,-13844.599609,-13840.000000
3212816,61515,1,TH,1,100,34.923
3212903,61516,3,AX,1,100,0.723,0.715,0.793
3212903,61517,3,AY,1,100,0.592,0.544,0.575
3212903,61518,3,AZ,1,100,0.285,0.293,0.311
3212903,61519,3,GX,1,100,-7.690,-3.235,-3.571
3212903,61520,3,GY,1,100,9.735,9.338,-2.350
"
2026-03-05T00:00:05.137Z,1772668805137,10.168.15.94,3132,"3212903,61521,3,GZ,1,100,3.479,5.707,10.803
3212903,61522,3,MX,1,100,67,67,66
3212903,61523,3,MY,1,100,34,35,35
3212903,61524,3,MZ,1,100,21,23,21
"
2026-03-05T00:00:05.193Z,1772668805193,10.168.15.94,3132,"3212979,61525,4,EM,1,100,RS,RE,PS,MN
"
2026-03-05T00:00:05.229Z,1772668805229,10.168.15.94,3132,"3212979,61525,4,EM,1,100,RS,RE,PS,MN
3212941,61526,1,SF,1,100,11.7761
3212983,61527,2,PI,1,100,148994,149030
3212983,61528,2,PR,1,100,113408,113418
3212983,61529,2,PG,1,100,9654,9675
3212941,61530,1,EA,1,100,0.241032
3212941,61531,1,EL,1,100,-13839.200195
3212935,61532,1,T1,1,100,36.018
3212950,61533,1,TH,1,100,34.923
3212983,61534,2,AX,1,100,0.749,0.821
3212983,61535,2,AY,1,100,0.566,0.559
3212983,61536,2,AZ,1,100,0.319,0.303
3212983,61537,2,GX,1,100,3.052,4.181
3212983,61538,2,GY,1,100,-1.709,-1.587
"
2026-03-05T00:00:05.235Z,1772668805235,10.168.15.94,3132,"3212983,61539,2,GZ,1,100,8.850,8.850
3212983,61540,2,MX,1,100,66,66
3212983,61541,2,MY,1,100,34,35
3212983,61542,2,MZ,1,100,21,22
"
2026-03-05T00:00:05.341Z,1772668805341,10.168.15.94,3132,"3213103,61543,1,BI,1,100,1960
3213103,61544,1,HR,1,100,50.38
3213103,61545,3,PI,1,100,149025,149021,149014
3213103,61546,3,PR,1,100,113414,113428,113411
3213103,61547,3,PG,1,100,9678,9654,9642
3213075,61548,2,EA,1,100,0.241057,0.241140
3213075,61549,2,EL,1,100,-13839.799805,-13841.799805
3213068,61550,1,T1,1,100,36.079
3213083,61551,1,TH,1,100,34.949
3213103,61552,3,AX,1,100,0.800,0.764,0.786
3213103,61553,3,AY,1,100,0.569,0.607,0.552
3213103,61554,3,AZ,1,100,0.323,0.300,0.299
"
2026-03-05T00:00:05.341Z,1772668805341,10.168.15.94,3132,"3213103,61555,3,GX,1,100,0.610,5.005,5.249
3213103,61556,3,GY,1,100,-9.857,0.031,-5.585
3213103,61557,3,GZ,1,100,4.120,0.824,2.686
3213103,61558,3,MX,1,100,66,67,66
3213103,61559,3,MY,1,100,35,35,36
3213103,61560,3,MZ,1,100,20,19,21
"
2026-03-05T00:00:05.399Z,1772668805399,10.168.15.94,3132,"3213180,61561,4,EM,1,100,RS,RE,PS,MN
"
2026-03-05T00:00:05.444Z,1772668805444,10.168.15.94,3132,"3213180,61561,4,EM,1,100,RS,RE,PS,MN
3213183,61562,2,PI,1,100,149008,149032
3213183,61563,2,PR,1,100,113422,113413
3213183,61564,2,PG,1,100,9650,9641
3213208,61565,2,EA,1,100,0.241115,0.241206
3213208,61566,2,EL,1,100,-13841.200195,-13843.400391
3213201,61567,1,T1,1,100,36.105
3213216,61568,1,TH,1,100,34.949
3213183,61569,2,AX,1,100,0.782,0.741
3213183,61570,2,AY,1,100,0.587,0.550
3213183,61571,2,AZ,1,100,0.265,0.256
3213183,61572,2,GX,1,100,1.038,0.702
3213183,61573,2,GY,1,100,-8.881,-11.780
"
2026-03-05T00:00:05.477Z,1772668805477,10.168.15.94,3132,"3213183,61574,2,GZ,1,100,3.662,0.702
3213183,61575,2,MX,1,100,65,66
3213183,61576,2,MY,1,100,37,35
3213183,61577,2,MZ,1,100,20,19
"
2026-03-05T00:00:05.539Z,1772668805539,10.168.15.94,3132,"3213275,61578,1,SF,1,100,11.6399
3213303,61579,3,PI,1,100,148979,148937,148883
3213303,61580,3,PR,1,100,113401,113368,113349
3213303,61581,3,PG,1,100,9656,9638,9633
3213275,61582,1,EA,1,100,0.241423
3213275,61583,1,EL,1,100,-13848.599609
3213263,61584,2,AX,1,100,0.834,0.807
3213263,61585,2,AY,1,100,0.578,0.589
3213263,61586,2,AZ,1,100,0.248,0.231
3213263,61587,2,GX,1,100,-4.944,-4.150
3213263,61588,2,GY,1,100,-41.626,-37.323
3213263,61589,2,GZ,1,100,-4.242,-6.470
3213263,61590,2,MX,1,100,66,66
"
2026-03-05T00:00:05.542Z,1772668805542,10.168.15.94,3132,"3213263,61591,2,MY,1,100,35,36
3213263,61592,2,MZ,1,100,18,17
"
2026-03-05T00:00:05.599Z,1772668805599,10.168.15.94,3132,"3213384,61593,4,EM,1,100,RS,RE,PS,MN
"
2026-03-05T00:00:05.640Z,1772668805640,10.168.15.94,3132,"3213384,61593,4,EM,1,100,RS,RE,PS,MN
3213383,61594,2,PI,1,100,148772,148677
3213383,61595,2,PR,1,100,113269,113193
3213383,61596,2,PG,1,100,9610,9614
3213408,61597,2,EA,1,100,0.241406,0.241231
3213408,61598,2,EL,1,100,-13848.200195,-13844.000000
3213335,61599,1,T1,1,100,36.081
3213349,61600,1,TH,1,100,35.026
3213395,61601,3,AX,1,100,0.793,0.834,0.733
3213395,61602,3,AY,1,100,0.580,0.583,0.582
3213395,61603,3,AZ,1,100,0.238,0.207,0.186
3213395,61604,3,GX,1,100,-9.277,-8.270,-3.387
"
2026-03-05T00:00:05.650Z,1772668805650,10.168.15.94,3132,"3213395,61605,3,GY,1,100,-28.198,-34.454,-22.125
3213395,61606,3,GZ,1,100,-6.439,-10.315,-9.399
3213395,61607,3,MX,1,100,67,66,66
3213395,61608,3,MY,1,100,35,34,34
3213395,61609,3,MZ,1,100,16,15,15
"
2026-03-05T00:00:05.747Z,1772668805747,10.168.15.94,3132,"3213503,61610,3,PI,1,100,148594,148428,148302
3213503,61611,3,PR,1,100,113145,113029,112899
3213503,61612,3,PG,1,100,9601,9590,9564
3213475,61613,1,EA,1,100,0.241298
3213475,61614,1,EL,1,100,-13845.599609
3213468,61615,1,T1,1,100,36.177
3213483,61616,1,TH,1,100,35.026
3213516,61617,3,AX,1,100,0.810,0.839,0.748
3213516,61618,3,AY,1,100,0.538,0.574,0.583
3213516,61619,3,AZ,1,100,0.176,0.137,0.160
3213516,61620,3,GX,1,100,-6.042,2.533,0.885
3213516,61621,3,GY,1,100,-23.376,-33.203,-34.210
"
2026-03-05T00:00:05.750Z,1772668805750,10.168.15.94,3132,"3213516,61622,3,GZ,1,100,-2.808,-0.702,-5.310
3213516,61623,3,MX,1,100,67,68,68
3213516,61624,3,MY,1,100,35,35,35
3213516,61625,3,MZ,1,100,15,14,12
"
2026-03-05T00:00:05.801Z,1772668805801,10.168.15.94,3132,"3213585,61626,4,EM,1,100,RS,RE,PS,MN
"
2026-03-05T00:00:05.844Z,1772668805844,10.168.15.94,3132,"3213585,61626,4,EM,1,100,RS,RE,PS,MN
3213608,61627,1,SF,1,100,11.5052
3213583,61628,2,PI,1,100,148099,147757
3213583,61629,2,PR,1,100,112727,112481
3213583,61630,2,PG,1,100,9534,9512
3213608,61631,2,EA,1,100,0.241381,0.241256
3213608,61632,2,EL,1,100,-13847.599609,-13844.599609
3213601,61633,1,T1,1,100,36.112
3213616,61634,1,TH,1,100,35.003
3213595,61635,2,AX,1,100,0.882,0.784
3213595,61636,2,AY,1,100,0.570,0.600
3213595,61637,2,AZ,1,100,0.124,0.093
3213595,61638,2,GX,1,100,3.876,13.092
"
2026-03-05T00:00:05.847Z,1772668805847,10.168.15.94,3132,"3213595,61639,2,GY,1,100,-49.103,-30.853
3213595,61640,2,GZ,1,100,-7.172,-7.050
3213595,61641,2,MX,1,100,68,68
3213595,61642,2,MY,1,100,35,34
3213595,61643,2,MZ,1,100,10,10
"
2026-03-05T00:00:05.948Z,1772668805948,10.168.15.94,3132,"3213703,61644,3,PI,1,100,147525,147438,147504
3213703,61645,3,PR,1,100,112328,112251,112296
3213703,61646,3,PG,1,100,9504,9457,9471
3213675,61647,1,EA,1,100,0.241323
3213675,61648,1,EL,1,100,-13846.200195
3213715,61649,3,AX,1,100,0.808,0.810,0.794
3213715,61650,3,AY,1,100,0.555,0.611,0.590
3213715,61651,3,AZ,1,100,0.075,0.061,0.043
3213715,61652,3,GX,1,100,12.299,17.578,19.379
3213715,61653,3,GY,1,100,-16.144,-21.820,-13.184
3213715,61654,3,GZ,1,100,-10.315,-11.292,-9.216
3213715,61655,3,MX,1,100,68,68,67
"
2026-03-05T00:00:05.949Z,1772668805949,10.168.15.94,3132,"3213715,61656,3,MY,1,100,34,33,32
3213715,61657,3,MZ,1,100, 9, 7, 8
"
2026-03-05T00:00:06.009Z,1772668806009,10.168.15.94,3132,"3213786,61658,4,EM,1,100,RS,RE,PS,MN
"
2026-03-05T00:00:06.049Z,1772668806049,10.168.15.94,3132,"3213786,61658,4,EM,1,100,RS,RE,PS,MN
3213783,61659,2,PI,1,100,147628,147792
3213783,61660,2,PR,1,100,112365,112394
3213783,61661,2,PG,1,100,9474,9459
3213808,61662,2,EA,1,100,0.241340,0.241173
3213808,61663,2,EL,1,100,-13846.599609,-13842.599609
3213735,61664,1,T1,1,100,36.119
3213749,61665,1,TH,1,100,35.003
3213795,61666,2,AX,1,100,0.840,0.677
3213795,61667,2,AY,1,100,0.627,0.582
3213795,61668,2,AZ,1,100,-0.003,0.045
3213795,61669,2,GX,1,100,29.938,30.518
3213795,61670,2,GY,1,100,-16.663,-1.007
"
2026-03-05T00:00:06.049Z,1772668806049,10.168.15.94,3132,"3213795,61671,2,GZ,1,100,-10.559,-8.850
3213795,61672,2,MX,1,100,68,68
3213795,61673,2,MY,1,100,33,33
3213795,61674,2,MZ,1,100, 6, 5
"
2026-03-05T00:00:06.149Z,1772668806149,10.168.15.94,3132,"3213903,61675,1,BI,1,100,800
3213903,61676,1,HR,1,100,55.85
3213903,61677,3,PI,1,100,147878,147985,148146
3213903,61678,3,PR,1,100,112379,112408,112438
3213903,61679,3,PG,1,100,9462,9468,9491
3213875,61680,1,EA,1,100,0.241156
3213875,61681,1,EL,1,100,-13842.200195
3213868,61682,1,T1,1,100,36.193
3213883,61683,1,TH,1,100,34.978
3213915,61684,3,AX,1,100,0.840,0.626,0.883
3213915,61685,3,AY,1,100,0.568,0.641,0.593
3213915,61686,3,AZ,1,100,-0.052,-0.060,-0.156
3213915,61687,3,GX,1,100,27.161,35.492,22.369
"
2026-03-05T00:00:06.150Z,1772668806150,10.168.15.94,3132,"3213915,61688,3,GY,1,100,-16.083,-24.017,-24.841
3213915,61689,3,GZ,1,100,1.434,1.923,12.085
3213915,61690,3,MX,1,100,70,67,67
3213915,61691,3,MY,1,100,33,32,31
3213915,61692,3,MZ,1,100, 4, 1, 0
"
2026-03-05T00:00:06.204Z,1772668806204,10.168.15.94,3132,"3213987,61693,4,EM,1,100,RS,RE,PS,MN
"
2026-03-05T00:00:06.260Z,1772668806260,10.168.15.94,3132,"3213987,61693,4,EM,1,100,RS,RE,PS,MN
3214008,61694,1,SF,1,100,11.3721
3214023,61695,3,PI,1,100,148217,148201,148139
3214023,61696,3,PR,1,100,112452,112458,112423
3214023,61697,3,PG,1,100,9483,9507,9528
3214008,61698,2,EA,1,100,0.241065,0.241032
3214008,61699,2,EL,1,100,-13840.000000,-13839.200195
3214001,61700,1,T1,1,100,36.119
3214016,61701,1,TH,1,100,34.978
3213995,61702,2,AX,1,100,0.662,0.828
3213995,61703,2,AY,1,100,0.643,0.599
3213995,61704,2,AZ,1,100,-0.083,-0.118
"
2026-03-05T00:00:06.261Z,1772668806261,10.168.15.94,3132,"3213995,61705,2,GX,1,100,14.832,13.763
3213995,61706,2,GY,1,100,-16.357,-8.636
3213995,61707,2,GZ,1,100,14.343,10.010
3213995,61708,2,MX,1,100,67,67
3213995,61709,2,MY,1,100,34,33
3213995,61710,2,MZ,1,100, 0,-1
"
2026-03-05T00:00:06.352Z,1772668806352,10.168.15.94,3132,"3214103,61711,2,PI,1,100,148075,148158
3214103,61712,2,PR,1,100,112432,112477
3214103,61713,2,PG,1,100,9517,9511
3214075,61714,1,EA,1,100,0.240982
3214075,61715,1,EL,1,100,-13838.000000
3214115,61716,3,AX,1,100,0.903,0.766,0.838
3214115,61717,3,AY,1,100,0.664,0.631,0.585
3214115,61718,3,AZ,1,100,-0.161,-0.130,-0.125
3214115,61719,3,GX,1,100,9.888,6.805,-1.801
3214115,61720,3,GY,1,100,-30.396,-13.031,0.244
3214115,61721,3,GZ,1,100,9.094,0.549,-1.984
3214115,61722,3,MX,1,100,65,66,66
"
2026-03-05T00:00:06.356Z,1772668806356,10.168.15.94,3132,"3214115,61723,3,MY,1,100,32,33,34
3214115,61724,3,MZ,1,100,-1,-2,-2
"
2026-03-05T00:00:06.399Z,1772668806399,10.168.15.94,3132,"3214188,61725,4,EM,1,100,RS,RE,PS,MN
"
2026-03-05T00:00:06.453Z,1772668806453,10.168.15.94,3132,"3214188,61725,4,EM,1,100,RS,RE,PS,MN
3214223,61726,3,PI,1,100,148244,148288,148299
3214223,61727,3,PR,1,100,112554,112607,112607
3214223,61728,3,PG,1,100,9518,9521,9518
3214208,61729,2,EA,1,100,0.241023,0.241065
3214208,61730,2,EL,1,100,-13839.000000,-13840.000000
3214135,61731,1,T1,1,100,36.158
3214149,61732,1,TH,1,100,34.969
3214195,61733,2,AX,1,100,0.812,0.783
3214195,61734,2,AY,1,100,0.603,0.574
3214195,61735,2,AZ,1,100,-0.114,-0.094
3214195,61736,2,GX,1,100,-3.265,-5.463
"
2026-03-05T00:00:06.454Z,1772668806454,10.168.15.94,3132,"3214195,61737,2,GY,1,100,1.221,12.634
3214195,61738,2,GZ,1,100,-0.488,-2.563
3214195,61739,2,MX,1,100,66,66
3214195,61740,2,MY,1,100,33,32
3214195,61741,2,MZ,1,100,-2,-2
"
2026-03-05T00:00:06.566Z,1772668806566,10.168.15.94,3132,"3214275,61742,1,SF,1,100,11.2406
3214303,61743,2,PI,1,100,148324,148330
3214303,61744,2,PR,1,100,112636,112650
3214303,61745,2,PG,1,100,9523,9529
3214275,61746,1,EA,1,100,0.241098
3214275,61747,1,EL,1,100,-13840.799805
3214268,61748,1,T1,1,100,36.104
3214283,61749,1,TH,1,100,34.969
3214315,61750,3,AX,1,100,0.802,0.802,0.795
3214315,61751,3,AY,1,100,0.584,0.586,0.605
3214315,61752,3,AZ,1,100,-0.121,-0.090,-0.087
3214315,61753,3,GX,1,100,-6.042,-5.981,-5.737
3214315,61754,3,GY,1,100,6.958,2.075,11.871
"
2026-03-05T00:00:06.567Z,1772668806567,10.168.15.94,3132,"3214315,61755,3,GZ,1,100,-3.479,-3.021,-3.082
3214315,61756,3,MX,1,100,67,66,67
3214315,61757,3,MY,1,100,33,33,32
3214315,61758,3,MZ,1,100,-1, 0, 0
"
2026-03-05T00:00:06.602Z,1772668806602,10.168.15.94,3132,"3214389,61759,4,EM,1,100,RS,RE,PS,MN
"
2026-03-05T00:00:06.664Z,1772668806664,10.168.15.94,3132,"3214389,61759,4,EM,1,100,RS,RE,PS,MN
3214423,61760,3,PI,1,100,148353,148468,148627
3214423,61761,3,PR,1,100,112667,112719,112808
3214423,61762,3,PG,1,100,9536,9560,9564
3214408,61763,2,EA,1,100,0.241181,0.241248
3214408,61764,2,EL,1,100,-13842.799805,-13844.400391
3214401,61765,1,T1,1,100,36.187
3214416,61766,1,TH,1,100,35.046
3214395,61767,2,AX,1,100,0.788,0.800
3214395,61768,2,AY,1,100,0.578,0.590
3214395,61769,2,AZ,1,100,-0.083,-0.066
3214395,61770,2,GX,1,100,-5.707,-4.242
"
2026-03-05T00:00:06.664Z,1772668806664,10.168.15.94,3132,"3214395,61771,2,GY,1,100,4.425,4.059
3214395,61772,2,GZ,1,100,-3.326,-1.160
3214395,61773,2,MX,1,100,67,67
3214395,61774,2,MY,1,100,33,32
3214395,61775,2,MZ,1,100, 0, 0
"
2026-03-05T00:00:06.767Z,1772668806767,10.168.15.94,3132,"3214503,61776,2,PI,1,100,148818,148870
3214503,61777,2,PR,1,100,112916,112945
3214503,61778,2,PG,1,100,9608,9601
3214475,61779,1,EA,1,100,0.241190
3214475,61780,1,EL,1,100,-13843.000000
3214515,61781,3,AX,1,100,0.774,0.797,0.765
3214515,61782,3,AY,1,100,0.607,0.611,0.611
3214515,61783,3,AZ,1,100,-0.056,-0.064,-0.057
3214515,61784,3,GX,1,100,-1.984,-1.404,0.641
3214515,61785,3,GY,1,100,4.913,8.972,14.404
3214515,61786,3,GZ,1,100,-4.211,-3.448,0.488
3214515,61787,3,MX,1,100,67,68,67
"
2026-03-05T00:00:06.768Z,1772668806768,10.168.15.94,3132,"3214515,61788,3,MY,1,100,32,33,32
3214515,61789,3,MZ,1,100, 0, 1, 0
"
2026-03-05T00:00:06.802Z,1772668806802,10.168.15.94,3132,"3214590,61790,4,EM,1,100,RS,RE,PS,MN
"
2026-03-05T00:00:06.866Z,1772668806866,10.168.15.94,3132,"3214590,61790,4,EM,1,100,RS,RE,PS,MN
3214608,61791,1,SF,1,100,11.1105
3214623,61792,3,PI,1,100,148957,148980,149046
3214623,61793,3,PR,1,100,112975,113010,113022
3214623,61794,3,PG,1,100,9628,9630,9634
3214608,61795,2,EA,1,100,0.241248,0.241290
3214608,61796,2,EL,1,100,-13844.400391,-13845.400391
3214535,61797,1,T1,1,100,36.187
3214549,61798,1,TH,1,100,35.046
3214596,61799,2,AX,1,100,0.811,0.760
3214596,61800,2,AY,1,100,0.607,0.623
3214596,61801,2,AZ,1,100,-0.065,-0.051
3214596,61802,2,GX,1,100,1.678,2.411
"
2026-03-05T00:00:06.869Z,1772668806869,10.168.15.94,3132,"3214596,61803,2,GY,1,100,6.531,3.632
3214596,61804,2,GZ,1,100,-1.648,-2.747
3214596,61805,2,MX,1,100,68,68
3214596,61806,2,MY,1,100,33,33
3214596,61807,2,MZ,1,100, 0, 2
"
2026-03-05T00:00:06.967Z,1772668806967,10.168.15.94,3132,"3214703,61808,2,PI,1,100,149084,149102
3214703,61809,2,PR,1,100,113040,113057
3214703,61810,2,PG,1,100,9618,9625
3214675,61811,1,EA,1,100,0.241265
3214675,61812,1,EL,1,100,-13844.799805
3214668,61813,1,T1,1,100,36.223
3214683,61814,1,TH,1,100,35.069
3214715,61815,3,AX,1,100,0.809,0.787,0.771
3214715,61816,3,AY,1,100,0.629,0.628,0.629
3214715,61817,3,AZ,1,100,-0.051,-0.040,-0.058
3214715,61818,3,GX,1,100,4.700,4.730,6.378
3214715,61819,3,GY,1,100,-1.160,3.632,6.195
"
2026-03-05T00:00:06.967Z,1772668806967,10.168.15.94,3132,"3214715,61820,3,GZ,1,100,-4.211,-3.754,-5.280
3214715,61821,3,MX,1,100,67,67,68
3214715,61822,3,MY,1,100,33,32,32
3214715,61823,3,MZ,1,100, 0, 0, 1
"
2026-03-05T00:00:07.006Z,1772668807006,10.168.15.94,3132,"3214791,61824,4,EM,1,100,RS,RE,PS,MN
"
2026-03-05T00:00:07.070Z,1772668807070,10.168.15.94,3132,"3214791,61824,4,EM,1,100,RS,RE,PS,MN
3214823,61825,3,PI,1,100,149157,149237,149326
3214823,61826,3,PR,1,100,113084,113112,113165
3214823,61827,3,PG,1,100,9630,9651,9645
3214808,61828,2,EA,1,100,0.241265,0.241265
3214808,61829,2,EL,1,100,-13844.799805,-13844.799805
3214801,61830,1,T1,1,100,36.203
3214816,61831,1,TH,1,100,35.069
3214835,61832,3,AX,1,100,0.756,0.759,0.788
3214835,61833,3,AY,1,100,0.591,0.565,0.602
3214835,61834,3,AZ,1,100,-0.055,-0.069,-0.084
3214835,61835,3,GX,1,100,8.331,5.829,6.134
"
2026-03-05T00:00:07.070Z,1772668807070,10.168.15.94,3132,"3214835,61836,3,GY,1,100,6.531,4.547,-9.277
3214835,61837,3,GZ,1,100,-1.099,3.265,2.838
3214835,61838,3,MX,1,100,67,67,68
3214835,61839,3,MY,1,100,33,31,33
3214835,61840,3,MZ,1,100, 2, 0, 0
"
2026-03-05T00:00:07.182Z,1772668807182,10.168.15.94,3132,"3214903,61841,2,PI,1,100,149388,149409
3214903,61842,2,PR,1,100,113204,113233
3214903,61843,2,PG,1,100,9658,9669
3214875,61844,1,EA,1,100,0.241215
3214875,61845,1,EL,1,100,-13843.599609
3214934,61846,1,T1,1,100,36.123
3214915,61847,2,AX,1,100,0.790,0.799
3214915,61848,2,AY,1,100,0.609,0.640
3214915,61849,2,AZ,1,100,-0.053,-0.077
3214915,61850,2,GX,1,100,3.326,5.615
3214915,61851,2,GY,1,100,-6.378,-7.446
3214915,61852,2,GZ,1,100,0.946,-1.770
3214915,61853,2,MX,1,100,67,67
3214915,61854,2,MY,1,100,33,32
"
2026-03-05T00:00:07.182Z,1772668807182,10.168.15.94,3132,"3214915,61855,2,MZ,1,100, 0, 1
"
2026-03-05T00:00:07.211Z,1772668807211,10.168.15.94,3132,"3214992,61856,4,EM,1,100,RS,RE,PS,MN
"
2026-03-05T00:00:07.275Z,1772668807275,10.168.15.94,3132,"3214992,61856,4,EM,1,100,RS,RE,PS,MN
3215008,61857,1,SF,1,100,10.9820
3215036,61858,3,PI,1,100,149401,149459,149504
3215036,61859,3,PR,1,100,113259,113308,113326
3215036,61860,3,PG,1,100,9672,9695,9715
3215008,61861,2,EA,1,100,0.241265,0.241381
3215008,61862,2,EL,1,100,-13844.799805,-13847.599609
3214949,61863,1,TH,1,100,34.983
3215036,61864,3,AX,1,100,0.739,0.778,0.777
3215036,61865,3,AY,1,100,0.635,0.621,0.607
3215036,61866,3,AZ,1,100,-0.103,-0.102,-0.108
3215036,61867,3,GX,1,100,10.010,4.333,-0.244
"
2026-03-05T00:00:07.275Z,1772668807275,10.168.15.94,3132,"3215036,61868,3,GY,1,100,-10.345,-13.397,-13.885
3215036,61869,3,GZ,1,100,-4.974,-0.488,3.418
3215036,61870,3,MX,1,100,68,67,67
3215036,61871,3,MY,1,100,32,32,32
3215036,61872,3,MZ,1,100, 0, 0, 0
"
2026-03-05T00:00:07.366Z,1772668807366,10.168.15.94,3132,"3215116,61873,2,PI,1,100,149484,149459
3215116,61874,2,PR,1,100,113315,113335
3215116,61875,2,PG,1,100,9722,9723
3215075,61876,1,EA,1,100,0.241373
3215075,61877,1,EL,1,100,-13847.400391
3215068,61878,1,T1,1,100,36.089
3215083,61879,1,TH,1,100,34.983
3215116,61880,2,AX,1,100,0.752,0.826
3215116,61881,2,AY,1,100,0.608,0.632
3215116,61882,2,AZ,1,100,-0.096,-0.165
3215116,61883,2,GX,1,100,-2.380,-6.470
3215116,61884,2,GY,1,100,-10.529,-19.714
3215116,61885,2,GZ,1,100,4.364,3.601
3215116,61886,2,MX,1,100,68,67
"
2026-03-05T00:00:07.386Z,1772668807386,10.168.15.94,3132,"3215116,61887,2,MY,1,100,32,32
3215116,61888,2,MZ,1,100,-2,-1
"
2026-03-05T00:00:07.417Z,1772668807417,10.168.15.94,3132,"3215193,61889,4,EM,1,100,RS,RE,PS,MN
"
2026-03-05T00:00:07.469Z,1772668807469,10.168.15.94,3132,"3215193,61889,4,EM,1,100,RS,RE,PS,MN
3215236,61890,3,PI,1,100,149365,149322,149303
3215236,61891,3,PR,1,100,113274,113261,113258
3215236,61892,3,PG,1,100,9721,9700,9690
3215208,61893,2,EA,1,100,0.241265,0.241215
3215208,61894,2,EL,1,100,-13844.799805,-13843.599609
3215201,61895,1,T1,1,100,36.180
3215216,61896,1,TH,1,100,34.990
3215236,61897,3,AX,1,100,0.781,0.783,0.803
3215236,61898,3,AY,1,100,0.610,0.593,0.618
3215236,61899,3,AZ,1,100,-0.104,-0.123,-0.135
3215236,61900,3,GX,1,100,-8.392,-6.073,0.549
"
2026-03-05T00:00:07.491Z,1772668807491,10.168.15.94,3132,"3215236,61901,3,GY,1,100,-17.731,-6.134,-18.921
3215236,61902,3,GZ,1,100,3.204,1.587,0.824
3215236,61903,3,MX,1,100,67,67,68
3215236,61904,3,MY,1,100,33,32,32
3215236,61905,3,MZ,1,100,-1,-2,-2
"
2026-03-05T00:00:07.598Z,1772668807598,10.168.15.94,3132,"3215341,61906,1,SF,1,100,10.8550
3215316,61907,2,PI,1,100,149325,149431
3215316,61908,2,PR,1,100,113302,113369
3215316,61909,2,PG,1,100,9695,9679
3215341,61910,2,EA,1,100,0.241140,0.241023
3215341,61911,2,EL,1,100,-13841.799805,-13839.000000
3215334,61912,1,T1,1,100,36.184
3215349,61913,1,TH,1,100,34.990
3215316,61914,2,AX,1,100,0.724,0.789
3215316,61915,2,AY,1,100,0.587,0.598
3215316,61916,2,AZ,1,100,-0.153,-0.162
3215316,61917,2,GX,1,100,-1.465,-2.777
3215316,61918,2,GY,1,100,-23.407,-27.008
"
2026-03-05T00:00:07.599Z,1772668807599,10.168.15.94,3132,"3215316,61919,2,GZ,1,100,2.991,6.165
3215316,61920,2,MX,1,100,67,66
3215316,61921,2,MY,1,100,31,31
3215316,61922,2,MZ,1,100,-2,-4
"
2026-03-05T00:00:07.599Z,1772668807599,10.168.15.94,3132,"3215374,61923,2,RD,1,100,TL,TU
"
2026-03-05T00:00:07.697Z,1772668807697,10.168.15.94,3132,"3215478,61924,4,EM,1,100,RS,RE,PS,MN
"
2026-03-05T00:00:07.718Z,1772668807718,10.168.15.94,3132,"3215374,61923,2,RD,1,100,TL,TU
3215478,61924,4,EM,1,100,RS,RE,PS,MN
3215396,61925,1,BI,1,100,1480
3215396,61926,1,HR,1,100,52.45
3215476,61927,4,PI,1,100,149412,149353,149427,149495
3215476,61928,4,PR,1,100,113393,113347,113384,113418
3215476,61929,4,PG,1,100,9690,9683,9706,9703
3215475,61930,2,EA,1,100,0.240965,0.240915
3215475,61931,2,EL,1,100,-13837.599609,-13836.400391
3215468,61932,1,T1,1,100,36.080
3215483,61933,1,TH,1,100,35.042
3215476,61934,4,AX,1,100,0.751,0.780,0.815,0.784
"
2026-03-05T00:00:07.718Z,1772668807718,10.168.15.94,3132,"3215476,61935,4,AY,1,100,0.574,0.583,0.585,0.553
3215476,61936,4,AZ,1,100,-0.161,-0.194,-0.209,-0.184
3215476,61937,4,GX,1,100,-6.165,-5.554,-6.042,-6.744
3215476,61938,4,GY,1,100,-22.522,-19.928,-21.515,-19.623
3215476,61939,4,GZ,1,100,7.599,8.545,7.843,6.287
3215476,61940,4,MX,1,100,66,67,67,66
3215476,61941,4,MY,1,100,30,31,30,31
3215476,61942,4,MZ,1,100,-5,-4,-4,-5
"
2026-03-05T00:00:07.823Z,1772668807823,10.168.15.94,3132,"3215556,61943,2,PI,1,100,149603,149731
3215556,61944,2,PR,1,100,113494,113588
3215556,61945,2,PG,1,100,9719,9723
3215541,61946,1,EA,1,100,0.240807
3215541,61947,1,EL,1,100,-13833.799805
3215556,61948,2,AX,1,100,0.807,0.760
3215556,61949,2,AY,1,100,0.592,0.577
3215556,61950,2,AZ,1,100,-0.248,-0.237
3215556,61951,2,GX,1,100,1.984,9.430
3215556,61952,2,GY,1,100,-19.012,-27.100
3215556,61953,2,GZ,1,100,5.157,3.967
3215556,61954,2,MX,1,100,66,66
3215556,61955,2,MY,1,100,31,30
3215556,61956,2,MZ,1,100,-6,-5
"
2026-03-05T00:00:07.895Z,1772668807895,10.168.15.94,3132,"3215678,61957,4,EM,1,100,RS,RE,PS,MN
"
2026-03-05T00:00:07.917Z,1772668807917,10.168.15.94,3132,"3215678,61957,4,EM,1,100,RS,RE,PS,MN
3215675,61958,1,SF,1,100,10.7294
3215676,61959,3,PI,1,100,149954,150067,150094
3215676,61960,3,PR,1,100,113706,113764,113802
3215676,61961,3,PG,1,100,9750,9770,9801
3215675,61962,2,EA,1,100,0.241082,0.241115
3215675,61963,2,EL,1,100,-13840.400391,-13841.200195
3215601,61964,1,T1,1,100,36.105
3215616,61965,1,TH,1,100,35.042
3215676,61966,3,AX,1,100,0.754,0.766,0.770
3215676,61967,3,AY,1,100,0.560,0.582,0.570
3215676,61968,3,AZ,1,100,-0.249,-0.268,-0.280
"
2026-03-05T00:00:07.921Z,1772668807921,10.168.15.94,3132,"3215676,61969,3,GX,1,100,2.960,0.244,4.333
3215676,61970,3,GY,1,100,-18.036,-15.198,-21.088
3215676,61971,3,GZ,1,100,1.862,4.120,2.747
3215676,61972,3,MX,1,100,66,66,66
3215676,61973,3,MY,1,100,33,30,29
3215676,61974,3,MZ,1,100,-7,-8,-9
"
2026-03-05T00:00:08.023Z,1772668808023,10.168.15.94,3132,"3215756,61975,2,PI,1,100,150137,150187
3215756,61976,2,PR,1,100,113829,113881
3215756,61977,2,PG,1,100,9776,9779
3215741,61978,1,EA,1,100,0.241123
3215741,61979,1,EL,1,100,-13841.400391
3215734,61980,1,T1,1,100,36.081
3215749,61981,1,TH,1,100,34.998
3215756,61982,2,AX,1,100,0.785,0.811
3215756,61983,2,AY,1,100,0.564,0.567
3215756,61984,2,AZ,1,100,-0.253,-0.275
3215756,61985,2,GX,1,100,2.167,1.526
3215756,61986,2,GY,1,100,-17.212,-12.207
3215756,61987,2,GZ,1,100,2.899,1.282
3215756,61988,2,MX,1,100,65,65
"
2026-03-05T00:00:08.024Z,1772668808024,10.168.15.94,3132,"3215756,61989,2,MY,1,100,29,29
3215756,61990,2,MZ,1,100,-10,-10
"
2026-03-05T00:00:08.094Z,1772668808094,10.168.15.94,3132,"3215879,61991,4,EM,1,100,RS,RE,PS,MN
"
2026-03-05T00:00:08.118Z,1772668808118,10.168.15.94,3132,"3215879,61991,4,EM,1,100,RS,RE,PS,MN
3215876,61992,3,PI,1,100,150257,150370,150493
3215876,61993,3,PR,1,100,113918,113974,114045
3215876,61994,3,PG,1,100,9790,9812,9818
3215875,61995,2,EA,1,100,0.241273,0.241381
3215875,61996,2,EL,1,100,-13845.000000,-13847.599609
3215868,61997,1,T1,1,100,36.071
3215883,61998,1,TH,1,100,34.998
3215876,61999,3,AX,1,100,0.755,0.787,0.754
3215876,62000,3,AY,1,100,0.554,0.567,0.603
3215876,62001,3,AZ,1,100,-0.255,-0.309,-0.346
3215876,62002,3,GX,1,100,5.798,5.615,4.120
"
2026-03-05T00:00:08.128Z,1772668808128,10.168.15.94,3132,"3215876,62003,3,GY,1,100,-13.977,-16.052,-14.191
3215876,62004,3,GZ,1,100,-0.916,-0.305,-0.366
3215876,62005,3,MX,1,100,65,65,66
3215876,62006,3,MY,1,100,30,28,28
3215876,62007,3,MZ,1,100,-10,-11,-12
"
2026-03-05T00:00:08.227Z,1772668808227,10.168.15.94,3132,"3215941,62008,1,SF,1,100,10.6053
3215956,62009,2,PI,1,100,150556,150638
3215956,62010,2,PR,1,100,114127,114163
3215956,62011,2,PG,1,100,9831,9834
3215941,62012,1,EA,1,100,0.241265
3215941,62013,1,EL,1,100,-13844.799805
3215956,62014,2,AX,1,100,0.723,0.748
3215956,62015,2,AY,1,100,0.593,0.610
3215956,62016,2,AZ,1,100,-0.285,-0.299
3215956,62017,2,GX,1,100,-0.946,-5.188
3215956,62018,2,GY,1,100,-10.651,-4.486
3215956,62019,2,GZ,1,100,-3.937,-0.061
3215956,62020,2,MX,1,100,66,66
3215956,62021,2,MY,1,100,28,28
"
2026-03-05T00:00:08.234Z,1772668808234,10.168.15.94,3132,"3215956,62022,2,MZ,1,100,-12,-12
3215907,62023,1,BV,1,100,3.89
3215907,62024,1,B%,1,100,76
"
2026-03-05T00:00:08.297Z,1772668808297,10.168.15.94,3132,"3216080,62025,4,EM,1,100,RS,RE,PS,MN
"
2026-03-05T00:00:08.321Z,1772668808321,10.168.15.94,3132,"3216080,62025,4,EM,1,100,RS,RE,PS,MN
3216076,62026,3,PI,1,100,150685,150718,150728
3216076,62027,3,PR,1,100,114199,114228,114217
3216076,62028,3,PG,1,100,9843,9852,9879
3216074,62029,2,EA,1,100,0.241398,0.241456
3216074,62030,2,EL,1,100,-13848.000000,-13849.400391
3216001,62031,1,T1,1,100,36.208
3216016,62032,1,TH,1,100,35.010
3216076,62033,3,AX,1,100,0.765,0.702,0.792
3216076,62034,3,AY,1,100,0.607,0.577,0.579
3216076,62035,3,AZ,1,100,-0.343,-0.279,-0.330
3216076,62036,3,GX,1,100,-2.258,-7.050,-10.773
"
2026-03-05T00:00:08.330Z,1772668808330,10.168.15.94,3132,"3216076,62037,3,GY,1,100,-5.280,-4.425,-7.629
3216076,62038,3,GZ,1,100,2.106,0.519,7.477
3216076,62039,3,MX,1,100,65,65,65
3216076,62040,3,MY,1,100,28,27,28
3216076,62041,3,MZ,1,100,-10,-11,-10
"
2026-03-05T00:00:08.431Z,1772668808431,10.168.15.94,3132,"3216196,62042,3,PI,1,100,150734,150774,150818
3216196,62043,3,PR,1,100,114222,114247,114277
3216196,62044,3,PG,1,100,9874,9896,9922
3216141,62045,1,EA,1,100,0.241273
3216141,62046,1,EL,1,100,-13845.000000
3216134,62047,1,T1,1,100,36.196
3216149,62048,1,TH,1,100,35.010
3216196,62049,3,AX,1,100,0.743,0.740,0.784
3216196,62050,3,AY,1,100,0.567,0.550,0.560
3216196,62051,3,AZ,1,100,-0.320,-0.308,-0.327
3216196,62052,3,GX,1,100,-3.418,-6.500,-3.571
3216196,62053,3,GY,1,100,-8.911,1.953,-4.608
"
2026-03-05T00:00:08.434Z,1772668808434,10.168.15.94,3132,"3216196,62054,3,GZ,1,100,5.280,4.395,5.707
3216196,62055,3,MX,1,100,66,65,64
3216196,62056,3,MY,1,100,28,29,29
3216196,62057,3,MZ,1,100,-11,-11,-11
"
2026-03-05T00:00:08.502Z,1772668808502,10.168.15.94,3132,"3216285,62058,4,EM,1,100,RS,RE,PS,MN
"
2026-03-05T00:00:08.533Z,1772668808533,10.168.15.94,3132,"3216285,62058,4,EM,1,100,RS,RE,PS,MN
3216274,62059,1,SF,1,100,10.4826
3216276,62060,2,PI,1,100,150788,150790
3216276,62061,2,PR,1,100,114273,114275
3216276,62062,2,PG,1,100,9909,9898
3216274,62063,2,EA,1,100,0.241223,0.241165
3216274,62064,2,EL,1,100,-13843.799805,-13842.400391
3216268,62065,1,T1,1,100,36.191
3216283,62066,1,TH,1,100,35.003
3216276,62067,2,AX,1,100,0.709,0.792
3216276,62068,2,AY,1,100,0.586,0.567
3216276,62069,2,AZ,1,100,-0.297,-0.340
3216276,62070,2,GX,1,100,-0.122,-0.793
"
2026-03-05T00:00:08.538Z,1772668808538,10.168.15.94,3132,"3216276,62071,2,GY,1,100,-6.348,-0.458
3216276,62072,2,GZ,1,100,3.571,6.805
3216276,62073,2,MX,1,100,66,65
3216276,62074,2,MY,1,100,29,28
3216276,62075,2,MZ,1,100,-12,-12
"
2026-03-05T00:00:08.638Z,1772668808638,10.168.15.94,3132,"3216396,62076,3,PI,1,100,150813,150823,150810
3216396,62077,3,PR,1,100,114279,114277,114280
3216396,62078,3,PG,1,100,9914,9921,9913
3216341,62079,1,EA,1,100,0.241156
3216341,62080,1,EL,1,100,-13842.200195
3216401,62081,1,T1,1,100,36.154
3216396,62082,3,AX,1,100,0.806,0.777,0.830
3216396,62083,3,AY,1,100,0.563,0.553,0.562
3216396,62084,3,AZ,1,100,-0.309,-0.287,-0.297
3216396,62085,3,GX,1,100,2.014,-1.312,1.007
3216396,62086,3,GY,1,100,-9.308,1.495,5.798
3216396,62087,3,GZ,1,100,6.287,0.610,-2.777
"
2026-03-05T00:00:08.639Z,1772668808639,10.168.15.94,3132,"3216396,62088,3,MX,1,100,64,65,66
3216396,62089,3,MY,1,100,28,28,28
3216396,62090,3,MZ,1,100,-11,-11,-11
"
2026-03-05T00:00:08.712Z,1772668808712,10.168.15.94,3132,"3216486,62091,4,EM,1,100,RS,RE,PS,MN
"
2026-03-05T00:00:08.738Z,1772668808738,10.168.15.94,3132,"3216486,62091,4,EM,1,100,RS,RE,PS,MN
3216476,62092,2,PI,1,100,150829,150805
3216476,62093,2,PR,1,100,114287,114275
3216476,62094,2,PG,1,100,9908,9949
3216474,62095,2,EA,1,100,0.241231,0.241273
3216474,62096,2,EL,1,100,-13844.000000,-13845.000000
3216416,62097,1,TH,1,100,35.003
3216476,62098,2,AX,1,100,0.730,0.755
3216476,62099,2,AY,1,100,0.575,0.592
3216476,62100,2,AZ,1,100,-0.298,-0.402
3216476,62101,2,GX,1,100,9.827,13.947
3216476,62102,2,GY,1,100,1.221,15.747
3216476,62103,2,GZ,1,100,-4.333,0.122
"
2026-03-05T00:00:08.738Z,1772668808738,10.168.15.94,3132,"3216476,62104,2,MX,1,100,66,65
3216476,62105,2,MY,1,100,30,28
3216476,62106,2,MZ,1,100,-11,-11
"
2026-03-05T00:00:08.841Z,1772668808841,10.168.15.94,3132,"3216596,62107,3,PI,1,100,150816,150830,150834
3216596,62108,3,PR,1,100,114285,114291,114302
3216596,62109,3,PG,1,100,9938,9935,9963
3216541,62110,1,EA,1,100,0.241223
3216541,62111,1,EL,1,100,-13843.799805
3216534,62112,1,T1,1,100,36.173
3216549,62113,1,TH,1,100,34.995
3216596,62114,3,AX,1,100,0.727,0.719,0.747
3216596,62115,3,AY,1,100,0.567,0.524,0.546
3216596,62116,3,AZ,1,100,-0.346,-0.344,-0.300
3216596,62117,3,GX,1,100,5.737,-6.561,-7.538
3216596,62118,3,GY,1,100,-1.678,1.465,0.153
"
2026-03-05T00:00:08.841Z,1772668808841,10.168.15.94,3132,"3216596,62119,3,GZ,1,100,5.585,0.610,0.061
3216596,62120,3,MX,1,100,64,66,64
3216596,62121,3,MY,1,100,29,29,28
3216596,62122,3,MZ,1,100,-11,-11,-11
"
2026-03-05T00:00:08.903Z,1772668808903,10.168.15.94,3132,"3216689,62123,4,EM,1,100,RS,RE,PS,MN
"
2026-03-05T00:00:08.943Z,1772668808943,10.168.15.94,3132,"3216689,62123,4,EM,1,100,RS,RE,PS,MN
3216674,62124,1,SF,1,100,10.3613
3216676,62125,2,PI,1,100,150829,150832
3216676,62126,2,PR,1,100,114312,114316
3216676,62127,2,PG,1,100,9963,9984
3216674,62128,2,EA,1,100,0.241040,0.241190
3216674,62129,2,EL,1,100,-13839.400391,-13843.000000
3216668,62130,1,T1,1,100,36.146
3216682,62131,1,TH,1,100,34.995
3216676,62132,2,AX,1,100,0.737,0.795
3216676,62133,2,AY,1,100,0.533,0.557
3216676,62134,2,AZ,1,100,-0.281,-0.352
3216676,62135,2,GX,1,100,-1.434,2.411
"
2026-03-05T00:00:08.944Z,1772668808944,10.168.15.94,3132,"3216676,62136,2,GY,1,100,-10.406,-0.366
3216676,62137,2,GZ,1,100,0.946,2.991
3216676,62138,2,MX,1,100,64,65
3216676,62139,2,MY,1,100,29,28
3216676,62140,2,MZ,1,100,-12,-11
"
2026-03-05T00:00:09.040Z,1772668809040,10.168.15.94,3132,"3216796,62141,3,PI,1,100,150853,150821,150770
3216796,62142,3,PR,1,100,114296,114297,114281
3216796,62143,3,PG,1,100,9978,9994,9978
3216741,62144,1,EA,1,100,0.241265
3216741,62145,1,EL,1,100,-13844.799805
3216801,62146,1,T1,1,100,36.205
3216796,62147,3,AX,1,100,0.763,0.759,0.742
3216796,62148,3,AY,1,100,0.526,0.541,0.577
3216796,62149,3,AZ,1,100,-0.316,-0.308,-0.256
3216796,62150,3,GX,1,100,-0.824,-4.272,-5.066
3216796,62151,3,GY,1,100,-3.265,1.862,7.324
3216796,62152,3,GZ,1,100,4.364,2.625,3.815
"
2026-03-05T00:00:09.043Z,1772668809043,10.168.15.94,3132,"3216796,62153,3,MX,1,100,64,63,64
3216796,62154,3,MY,1,100,30,29,30
3216796,62155,3,MZ,1,100,-11,-10,-12
"
2026-03-05T00:00:09.107Z,1772668809107,10.168.15.94,3132,"3216890,62156,4,EM,1,100,RS,RE,PS,MN
"
2026-03-05T00:00:09.142Z,1772668809142,10.168.15.94,3132,"3216890,62156,4,EM,1,100,RS,RE,PS,MN
3216876,62157,2,PI,1,100,150702,150639
3216876,62158,2,PR,1,100,114227,114171
3216876,62159,2,PG,1,100,9985,9981
3216874,62160,2,EA,1,100,0.241248,0.241198
3216874,62161,2,EL,1,100,-13844.400391,-13843.200195
3216816,62162,1,TH,1,100,34.932
3216876,62163,2,AX,1,100,0.810,0.694
3216876,62164,2,AY,1,100,0.605,0.579
3216876,62165,2,AZ,1,100,-0.331,-0.278
3216876,62166,2,GX,1,100,-2.960,-2.441
3216876,62167,2,GY,1,100,5.402,1.953
3216876,62168,2,GZ,1,100,3.937,4.852
"
2026-03-05T00:00:09.155Z,1772668809155,10.168.15.94,3132,"3216876,62169,2,MX,1,100,64,64
3216876,62170,2,MY,1,100,30,30
3216876,62171,2,MZ,1,100,-12,-11
"
2026-03-05T00:00:09.244Z,1772668809244,10.168.15.94,3132,"3217008,62172,1,SF,1,100,10.2415
3216996,62173,3,PI,1,100,150621,150628,150608
3216996,62174,3,PR,1,100,114145,114136,114125
3216996,62175,3,PG,1,100,9985,9976,9968
3217008,62176,2,EA,1,100,0.241057,0.241240
3217008,62177,2,EL,1,100,-13839.799805,-13844.200195
3216934,62178,1,T1,1,100,36.195
3216949,62179,1,TH,1,100,34.932
3216996,62180,3,AX,1,100,0.833,0.793,0.779
3216996,62181,3,AY,1,100,0.533,0.533,0.549
3216996,62182,3,AZ,1,100,-0.312,-0.293,-0.300
3216996,62183,3,GX,1,100,0.275,2.319,2.441
"
2026-03-05T00:00:09.244Z,1772668809244,10.168.15.94,3132,"3216996,62184,3,GY,1,100,-10.345,-9.766,2.563
3216996,62185,3,GZ,1,100,5.951,-0.153,-5.676
3216996,62186,3,MX,1,100,64,64,63
3216996,62187,3,MY,1,100,28,29,30
3216996,62188,3,MZ,1,100,-11,-11,-11
"
2026-03-05T00:00:09.305Z,1772668809305,10.168.15.94,3132,"3217091,62189,4,EM,1,100,RS,RE,PS,MN
"
2026-03-05T00:00:09.336Z,1772668809336,10.168.15.94,3132,"3217091,62189,4,EM,1,100,RS,RE,PS,MN
3217089,62190,2,PI,1,100,150608,150555
3217089,62191,2,PR,1,100,114119,114103
3217089,62192,2,PG,1,100,9990,9981
3217074,62193,1,EA,1,100,0.241381
3217074,62194,1,EL,1,100,-13847.599609
3217068,62195,1,T1,1,100,36.191
3217082,62196,1,TH,1,100,35.136
3217075,62197,2,AX,1,100,0.742,0.791
3217075,62198,2,AY,1,100,0.579,0.567
3217075,62199,2,AZ,1,100,-0.285,-0.329
3217075,62200,2,GX,1,100,0.244,2.319
3217075,62201,2,GY,1,100,4.120,5.127
3217075,62202,2,GZ,1,100,-1.343,1.801
"
2026-03-05T00:00:09.343Z,1772668809343,10.168.15.94,3132,"3217075,62203,2,MX,1,100,64,64
3217075,62204,2,MY,1,100,31,29
3217075,62205,2,MZ,1,100,-10,-12
"
2026-03-05T00:00:09.455Z,1772668809455,10.168.15.94,3132,"3217209,62206,3,PI,1,100,150484,150496,150521
3217209,62207,3,PR,1,100,114056,114022,114022
3217209,62208,3,PG,1,100,9984,9989,10003
3217208,62209,2,EA,1,100,0.241348,0.241231
3217208,62210,2,EL,1,100,-13846.799805,-13844.000000
3217201,62211,1,T1,1,100,36.189
3217216,62212,1,TH,1,100,35.136
3217195,62213,3,AX,1,100,0.740,0.754,0.760
3217195,62214,3,AY,1,100,0.556,0.539,0.460
3217195,62215,3,AZ,1,100,-0.320,-0.284,-0.271
3217195,62216,3,GX,1,100,0.549,-9.338,-3.815
"
2026-03-05T00:00:09.456Z,1772668809456,10.168.15.94,3132,"3217195,62217,3,GY,1,100,4.883,-5.493,-8.057
3217195,62218,3,GZ,1,100,2.258,1.343,0.549
3217195,62219,3,MX,1,100,64,65,64
3217195,62220,3,MY,1,100,30,29,30
3217195,62221,3,MZ,1,100,-11,-11,-12
"
2026-03-05T00:00:09.505Z,1772668809505,10.168.15.94,3132,"3217292,62222,4,EM,1,100,RS,RE,PS,MN
"
2026-03-05T00:00:09.540Z,1772668809540,10.168.15.94,3132,"3217292,62222,4,EM,1,100,RS,RE,PS,MN
3217274,62223,1,SF,1,100,10.1230
3217289,62224,2,PI,1,100,150503,150485
3217289,62225,2,PR,1,100,114004,113994
3217289,62226,2,PG,1,100,10012,9995
3217274,62227,1,EA,1,100,0.241040
3217274,62228,1,EL,1,100,-13839.400391
3217275,62229,2,AX,1,100,0.769,0.784
3217275,62230,2,AY,1,100,0.561,0.513
3217275,62231,2,AZ,1,100,-0.357,-0.246
3217275,62232,2,GX,1,100,6.653,4.181
3217275,62233,2,GY,1,100,-6.958,-6.439
3217275,62234,2,GZ,1,100,2.136,2.472
"
2026-03-05T00:00:09.541Z,1772668809541,10.168.15.94,3132,"3217275,62235,2,MX,1,100,64,64
3217275,62236,2,MY,1,100,30,31
3217275,62237,2,MZ,1,100,-11,-11
"
2026-03-05T00:00:09.643Z,1772668809643,10.168.15.94,3132,"3217409,62238,3,PI,1,100,150450,150446,150393
3217409,62239,3,PR,1,100,113981,113962,113938
3217409,62240,3,PG,1,100,9981,9991,9965
3217408,62241,2,EA,1,100,0.240915,0.240965
3217408,62242,2,EL,1,100,-13836.400391,-13837.599609
3217334,62243,1,T1,1,100,36.188
3217349,62244,1,TH,1,100,35.008
3217395,62245,3,AX,1,100,0.785,0.768,0.729
3217395,62246,3,AY,1,100,0.586,0.587,0.520
3217395,62247,3,AZ,1,100,-0.391,-0.338,-0.327
3217395,62248,3,GX,1,100,11.444,5.676,-3.876
"
2026-03-05T00:00:09.644Z,1772668809644,10.168.15.94,3132,"3217395,62249,3,GY,1,100,-5.371,-0.977,2.411
3217395,62250,3,GZ,1,100,1.434,-3.113,-10.345
3217395,62251,3,MX,1,100,63,63,64
3217395,62252,3,MY,1,100,31,29,29
3217395,62253,3,MZ,1,100,-12,-10,-12
"
2026-03-05T00:00:09.707Z,1772668809707,10.168.15.94,3132,"3217493,62254,4,EM,1,100,RS,RE,PS,MN
"
2026-03-05T00:00:09.744Z,1772668809744,10.168.15.94,3132,"3217493,62254,4,EM,1,100,RS,RE,PS,MN
3217489,62255,2,PI,1,100,150435,150434
3217489,62256,2,PR,1,100,113939,113944
3217489,62257,2,PG,1,100,9974,9962
3217474,62258,1,EA,1,100,0.241007
3217474,62259,1,EL,1,100,-13838.599609
3217468,62260,1,T1,1,100,36.223
3217482,62261,1,TH,1,100,35.008
3217515,62262,3,AX,1,100,0.670,0.758,0.784
3217515,62263,3,AY,1,100,0.534,0.548,0.540
3217515,62264,3,AZ,1,100,-0.335,-0.360,-0.381
3217515,62265,3,GX,1,100,0.946,4.028,4.700
3217515,62266,3,GY,1,100,5.096,-2.533,-6.958
"
2026-03-05T00:00:09.749Z,1772668809749,10.168.15.94,3132,"3217515,62267,3,GZ,1,100,-6.592,1.862,1.587
3217515,62268,3,MX,1,100,64,64,64
3217515,62269,3,MY,1,100,30,29,29
3217515,62270,3,MZ,1,100,-11,-12,-11
"
2026-03-05T00:00:09.848Z,1772668809848,10.168.15.94,3132,"3217608,62271,1,SF,1,100,10.0059
3217609,62272,3,PI,1,100,150377,150365,150367
3217609,62273,3,PR,1,100,113917,113885,113880
3217609,62274,3,PG,1,100,9968,9955,9973
3217608,62275,2,EA,1,100,0.240874,0.241048
3217608,62276,2,EL,1,100,-13835.400391,-13839.599609
3217601,62277,1,T1,1,100,36.167
3217616,62278,1,TH,1,100,34.962
3217595,62279,2,AX,1,100,0.824,0.804
3217595,62280,2,AY,1,100,0.561,0.522
3217595,62281,2,AZ,1,100,-0.325,-0.326
3217595,62282,2,GX,1,100,-0.702,-2.350
"
2026-03-05T00:00:09.849Z,1772668809849,10.168.15.94,3132,"3217595,62283,2,GY,1,100,-7.202,-7.782
3217595,62284,2,GZ,1,100,-2.045,-6.073
3217595,62285,2,MX,1,100,64,65
3217595,62286,2,MY,1,100,29,28
3217595,62287,2,MZ,1,100,-12,-13
"
2026-03-05T00:00:09.906Z,1772668809906,10.168.15.94,3132,"3217694,62288,4,EM,1,100,RS,RE,PS,MN
"
2026-03-05T00:00:09.945Z,1772668809945,10.168.15.94,3132,"3217694,62288,4,EM,1,100,RS,RE,PS,MN
3217689,62289,2,PI,1,100,150375,150388
3217689,62290,2,PR,1,100,113900,113894
3217689,62291,2,PG,1,100,9967,9960
3217674,62292,1,EA,1,100,0.240915
3217674,62293,1,EL,1,100,-13836.400391
3217715,62294,3,AX,1,100,0.764,0.759,0.782
3217715,62295,3,AY,1,100,0.546,0.588,0.559
3217715,62296,3,AZ,1,100,-0.313,-0.353,-0.336
3217715,62297,3,GX,1,100,-1.495,-2.167,-2.411
3217715,62298,3,GY,1,100,2.960,0.977,1.740
3217715,62299,3,GZ,1,100,-3.510,1.373,2.350
"
2026-03-05T00:00:09.953Z,1772668809953,10.168.15.94,3132,"3217715,62300,3,MX,1,100,64,64,65
3217715,62301,3,MY,1,100,29,28,28
3217715,62302,3,MZ,1,100,-11,-12,-12
"
2026-03-05T00:00:10.050Z,1772668810050,10.168.15.94,3132,"3217809,62303,3,PI,1,100,150354,150328,150310
3217809,62304,3,PR,1,100,113870,113849,113839
3217809,62305,3,PG,1,100,9961,9980,9974
3217808,62306,2,EA,1,100,0.240949,0.240974
3217808,62307,2,EL,1,100,-13837.200195,-13837.799805
3217734,62308,1,T1,1,100,36.285
3217749,62309,1,TH,1,100,34.962
3217795,62310,2,AX,1,100,0.756,0.751
3217795,62311,2,AY,1,100,0.554,0.521
3217795,62312,2,AZ,1,100,-0.336,-0.393
3217795,62313,2,GX,1,100,-2.014,-0.977
3217795,62314,2,GY,1,100,-2.228,3.143
"
2026-03-05T00:00:10.051Z,1772668810051,10.168.15.94,3132,"3217795,62315,2,GZ,1,100,-4.639,-8.545
3217795,62316,2,MX,1,100,65,65
3217795,62317,2,MY,1,100,29,28
3217795,62318,2,MZ,1,100,-12,-12
"
2026-03-05T00:00:10.111Z,1772668810111,10.168.15.94,3132,"3217895,62319,4,EM,1,100,RS,RE,PS,MN
"
2026-03-05T00:00:10.146Z,1772668810146,10.168.15.94,3132,"3217895,62319,4,EM,1,100,RS,RE,PS,MN
3217889,62320,2,PI,1,100,150325,150272
3217889,62321,2,PR,1,100,113848,113815
3217889,62322,2,PG,1,100,9962,9954
3217874,62323,1,EA,1,100,0.240932
3217874,62324,1,EL,1,100,-13836.799805
3217867,62325,1,T1,1,100,36.301
3217882,62326,1,TH,1,100,34.962
3217915,62327,3,AX,1,100,0.676,0.769,0.803
3217915,62328,3,AY,1,100,0.554,0.554,0.556
3217915,62329,3,AZ,1,100,-0.295,-0.286,-0.370
3217915,62330,3,GX,1,100,-6.378,-3.143,7.202
3217915,62331,3,GY,1,100,7.721,-3.204,-5.310
"
2026-03-05T00:00:10.148Z,1772668810148,10.168.15.94,3132,"3217915,62332,3,GZ,1,100,-2.808,3.632,5.310
3217915,62333,3,MX,1,100,66,65,64
3217915,62334,3,MY,1,100,29,29,28
3217915,62335,3,MZ,1,100,-11,-12,-12
"
2026-03-05T00:00:10.250Z,1772668810250,10.168.15.94,3132,"3218008,62336,1,SF,1,100,9.8901
3218009,62337,3,PI,1,100,150269,150242,150271
3218009,62338,3,PR,1,100,113824,113839,113833
3218009,62339,3,PG,1,100,9934,9938,9934
3218008,62340,2,EA,1,100,0.240799,0.240824
3218008,62341,2,EL,1,100,-13833.599609,-13834.200195
3218001,62342,1,T1,1,100,36.201
3218016,62343,1,TH,1,100,34.962
3217995,62344,2,AX,1,100,0.771,0.738
3217995,62345,2,AY,1,100,0.573,0.569
3217995,62346,2,AZ,1,100,-0.322,-0.323
3217995,62347,2,GX,1,100,2.472,-3.357
3217995,62348,2,GY,1,100,0.366,0.641
"
2026-03-05T00:00:10.251Z,1772668810251,10.168.15.94,3132,"3217995,62349,2,GZ,1,100,-1.373,-4.089
3217995,62350,2,MX,1,100,65,64
3217995,62351,2,MY,1,100,29,28
3217995,62352,2,MZ,1,100,-11,-12
"
2026-03-05T00:00:10.311Z,1772668810311,10.168.15.94,3132,"3218096,62353,4,EM,1,100,RS,RE,PS,MN
"
2026-03-05T00:00:10.361Z,1772668810361,10.168.15.94,3132,"3218096,62353,4,EM,1,100,RS,RE,PS,MN
3218089,62354,2,PI,1,100,150261,150246
3218089,62355,2,PR,1,100,113834,113812
3218089,62356,2,PG,1,100,9924,9925
3218074,62357,1,EA,1,100,0.240807
3218074,62358,1,EL,1,100,-13833.799805
3218115,62359,3,AX,1,100,0.768,0.729,0.814
3218115,62360,3,AY,1,100,0.560,0.576,0.558
3218115,62361,3,AZ,1,100,-0.300,-0.313,-0.393
3218115,62362,3,GX,1,100,-4.211,2.045,8.636
3218115,62363,3,GY,1,100,4.395,-2.502,-1.465
3218115,62364,3,GZ,1,100,0.824,6.927,4.730
"
2026-03-05T00:00:10.361Z,1772668810361,10.168.15.94,3132,"3218115,62365,3,MX,1,100,65,65,64
3218115,62366,3,MY,1,100,29,29,28
3218115,62367,3,MZ,1,100,-12,-12,-11
"
2026-03-05T00:00:10.453Z,1772668810453,10.168.15.94,3132,"3218209,62368,3,PI,1,100,150216,150226,150239
3218209,62369,3,PR,1,100,113814,113813,113802
3218209,62370,3,PG,1,100,9938,9930,9938
3218208,62371,2,EA,1,100,0.240675,0.240799
3218208,62372,2,EL,1,100,-13830.599609,-13833.599609
3218134,62373,1,T1,1,100,36.158
3218149,62374,1,TH,1,100,35.031
3218195,62375,2,AX,1,100,0.743,0.744
3218195,62376,2,AY,1,100,0.557,0.563
3218195,62377,2,AZ,1,100,-0.326,-0.361
3218195,62378,2,GX,1,100,0.000,-4.089
3218195,62379,2,GY,1,100,0.397,5.585
"
2026-03-05T00:00:10.454Z,1772668810454,10.168.15.94,3132,"3218195,62380,2,GZ,1,100,-3.204,-4.791
3218195,62381,2,MX,1,100,64,65
3218195,62382,2,MY,1,100,28,29
3218195,62383,2,MZ,1,100,-12,-12
"
2026-03-05T00:00:10.523Z,1772668810523,10.168.15.94,3132,"3218297,62384,4,EM,1,100,RS,RE,PS,MN
"
2026-03-05T00:00:10.556Z,1772668810556,10.168.15.94,3132,"3218297,62384,4,EM,1,100,RS,RE,PS,MN
3218274,62385,1,SF,1,100,9.7757
3218289,62386,2,PI,1,100,150221,150113
3218289,62387,2,PR,1,100,113811,113747
3218289,62388,2,PG,1,100,9940,9946
3218274,62389,1,EA,1,100,0.240857
3218274,62390,1,EL,1,100,-13835.000000
3218267,62391,1,T1,1,100,36.210
3218282,62392,1,TH,1,100,35.031
3218315,62393,3,AX,1,100,0.693,0.807,0.745
3218315,62394,3,AY,1,100,0.514,0.475,0.569
3218315,62395,3,AZ,1,100,-0.263,-0.339,-0.386
3218315,62396,3,GX,1,100,-5.920,1.495,10.437
"
2026-03-05T00:00:10.568Z,1772668810568,10.168.15.94,3132,"3218315,62397,3,GY,1,100,11.444,5.463,1.404
3218315,62398,3,GZ,1,100,2.502,11.993,9.705
3218315,62399,3,MX,1,100,64,66,64
3218315,62400,3,MY,1,100,29,29,30
3218315,62401,3,MZ,1,100,-11,-11,-11
"
2026-03-05T00:00:10.653Z,1772668810653,10.168.15.94,3132,"3218409,62402,3,PI,1,100,150077,150121,150135
3218409,62403,3,PR,1,100,113740,113768,113768
3218409,62404,3,PG,1,100,9934,9926,9891
3218408,62405,2,EA,1,100,0.240716,0.240667
3218408,62406,2,EL,1,100,-13831.599609,-13830.400391
3218401,62407,1,T1,1,100,36.197
3218416,62408,1,TH,1,100,35.003
3218395,62409,2,AX,1,100,0.777,0.717
3218395,62410,2,AY,1,100,0.639,0.639
3218395,62411,2,AZ,1,100,-0.310,-0.243
3218395,62412,2,GX,1,100,-4.791,-11.169
3218395,62413,2,GY,1,100,5.798,3.387
"
2026-03-05T00:00:10.654Z,1772668810654,10.168.15.94,3132,"3218395,62414,2,GZ,1,100,0.183,0.519
3218395,62415,2,MX,1,100,65,64
3218395,62416,2,MY,1,100,30,30
3218395,62417,2,MZ,1,100,-10,-10
"
2026-03-05T00:00:10.709Z,1772668810709,10.168.15.94,3132,"3218498,62418,4,EM,1,100,RS,RE,PS,MN
"
2026-03-05T00:00:10.755Z,1772668810755,10.168.15.94,3132,"3218498,62418,4,EM,1,100,RS,RE,PS,MN
3218529,62419,3,PI,1,100,150130,150105,150133
3218529,62420,3,PR,1,100,113778,113769,113775
3218529,62421,3,PG,1,100,9864,9868,9880
3218474,62422,1,EA,1,100,0.240716
3218474,62423,1,EL,1,100,-13831.599609
3218515,62424,3,AX,1,100,0.839,0.808,0.800
3218515,62425,3,AY,1,100,0.515,0.494,0.560
3218515,62426,3,AZ,1,100,-0.276,-0.336,-0.378
3218515,62427,3,GX,1,100,-6.775,3.479,4.150
3218515,62428,3,GY,1,100,-7.111,-13.092,0.122
3218515,62429,3,GZ,1,100,-1.007,-5.371,-8.057
"
2026-03-05T00:00:10.761Z,1772668810761,10.168.15.94,3132,"3218515,62430,3,MX,1,100,64,64,64
3218515,62431,3,MY,1,100,31,29,28
3218515,62432,3,MZ,1,100,-10,-12,-11
"
2026-03-05T00:00:10.859Z,1772668810859,10.168.15.94,3132,"3218608,62433,1,SF,1,100,9.6626
3218609,62434,2,PI,1,100,150131,150148
3218609,62435,2,PR,1,100,113766,113765
3218609,62436,2,PG,1,100,9861,9865
3218608,62437,2,EA,1,100,0.240791,0.240749
3218608,62438,2,EL,1,100,-13833.400391,-13832.400391
3218534,62439,1,T1,1,100,36.227
3218549,62440,1,TH,1,100,35.003
3218595,62441,2,AX,1,100,0.716,0.677
3218595,62442,2,AY,1,100,0.542,0.522
3218595,62443,2,AZ,1,100,-0.292,-0.264
3218595,62444,2,GX,1,100,-13.184,-13.519
3218595,62445,2,GY,1,100,9.460,9.766
"
2026-03-05T00:00:10.862Z,1772668810862,10.168.15.94,3132,"3218595,62446,2,GZ,1,100,-7.751,-0.061
3218595,62447,2,MX,1,100,65,65
3218595,62448,2,MY,1,100,29,29
3218595,62449,2,MZ,1,100,-10,-10
"
2026-03-05T00:00:10.909Z,1772668810909,10.168.15.94,3132,"3218699,62450,4,EM,1,100,RS,RE,PS,MN
"
2026-03-05T00:00:10.959Z,1772668810959,10.168.15.94,3132,"3218699,62450,4,EM,1,100,RS,RE,PS,MN
3218689,62451,1,BI,1,100,3280
3218689,62452,1,HR,1,100,44.86
3218729,62453,3,PI,1,100,150149,150130,150137
3218729,62454,3,PR,1,100,113783,113768,113747
3218729,62455,3,PG,1,100,9866,9860,9852
3218674,62456,1,EA,1,100,0.240749
3218674,62457,1,EL,1,100,-13832.400391
3218667,62458,1,T1,1,100,36.169
3218682,62459,1,TH,1,100,34.970
3218715,62460,3,AX,1,100,0.783,0.785,0.816
3218715,62461,3,AY,1,100,0.509,0.562,0.569
3218715,62462,3,AZ,1,100,-0.276,-0.340,-0.338
"
2026-03-05T00:00:10.965Z,1772668810965,10.168.15.94,3132,"3218715,62463,3,GX,1,100,-2.441,6.439,5.219
3218715,62464,3,GY,1,100,-8.270,-5.585,-1.068
3218715,62465,3,GZ,1,100,8.423,8.270,4.578
3218715,62466,3,MX,1,100,65,65,64
3218715,62467,3,MY,1,100,30,30,30
3218715,62468,3,MZ,1,100,-9,-11,-9
"
2026-03-05T00:00:11.067Z,1772668811067,10.168.15.94,3132,"3218809,62469,2,PI,1,100,150237,150244
3218809,62470,2,PR,1,100,113816,113816
3218809,62471,2,PG,1,100,9859,9867
3218808,62472,2,EA,1,100,0.240774,0.240874
3218808,62473,2,EL,1,100,-13833.000000,-13835.400391
3218801,62474,1,T1,1,100,36.144
3218816,62475,1,TH,1,100,34.970
3218835,62476,3,AX,1,100,0.755,0.776,0.794
3218835,62477,3,AY,1,100,0.572,0.492,0.572
3218835,62478,3,AZ,1,100,-0.321,-0.223,-0.383
3218835,62479,3,GX,1,100,-2.197,-4.333,9.735
3218835,62480,3,GY,1,100,-8.575,-1.343,-3.082
"
2026-03-05T00:00:11.069Z,1772668811069,10.168.15.94,3132,"3218835,62481,3,GZ,1,100,-0.427,-1.068,6.439
3218835,62482,3,MX,1,100,64,64,63
3218835,62483,3,MY,1,100,30,29,29
3218835,62484,3,MZ,1,100,-9,-10,-11
"
2026-03-05T00:00:11.113Z,1772668811113,10.168.15.94,3132,"3218902,62485,4,EM,1,100,RS,RE,PS,MN
"
2026-03-05T00:00:11.163Z,1772668811163,10.168.15.94,3132,"3218902,62485,4,EM,1,100,RS,RE,PS,MN
3218929,62486,3,PI,1,100,150160,150147,150145
3218929,62487,3,PR,1,100,113783,113791,113797
3218929,62488,3,PG,1,100,9862,9856,9861
3218874,62489,1,EA,1,100,0.240642
3218874,62490,1,EL,1,100,-13829.799805
3218934,62491,1,T1,1,100,36.169
3218915,62492,2,AX,1,100,0.739,0.766
3218915,62493,2,AY,1,100,0.535,0.555
3218915,62494,2,AZ,1,100,-0.388,-0.331
3218915,62495,2,GX,1,100,12.909,-3.052
3218915,62496,2,GY,1,100,-0.061,1.862
3218915,62497,2,GZ,1,100,3.876,-1.373
"
2026-03-05T00:00:11.166Z,1772668811166,10.168.15.94,3132,"3218915,62498,2,MX,1,100,64,65
3218915,62499,2,MY,1,100,30,30
3218915,62500,2,MZ,1,100,-11,-11
"
2026-03-05T00:00:11.272Z,1772668811272,10.168.15.94,3132,"3219008,62501,1,SF,1,100,9.5509
3219009,62502,2,PI,1,100,150129,150116
3219009,62503,2,PR,1,100,113806,113790
3219009,62504,2,PG,1,100,9826,9822
3219008,62505,2,EA,1,100,0.240575,0.240725
3219008,62506,2,EL,1,100,-13828.200195,-13831.799805
3218949,62507,1,TH,1,100,34.996
3219035,62508,3,AX,1,100,0.761,0.714,0.841
3219035,62509,3,AY,1,100,0.564,0.540,0.489
3219035,62510,3,AZ,1,100,-0.296,-0.281,-0.393
3219035,62511,3,GX,1,100,-4.700,0.000,2.106
3219035,62512,3,GY,1,100,-2.411,-5.768,-5.402
"
2026-03-05T00:00:11.272Z,1772668811272,10.168.15.94,3132,"3219035,62513,3,GZ,1,100,-5.646,-3.845,2.106
3219035,62514,3,MX,1,100,64,65,64
3219035,62515,3,MY,1,100,29,30,30
3219035,62516,3,MZ,1,100,-10,-11,-11
"
2026-03-05T00:00:11.320Z,1772668811320,10.168.15.94,3132,"3219103,62517,4,EM,1,100,RS,RE,PS,MN
"
2026-03-05T00:00:11.368Z,1772668811368,10.168.15.94,3132,"3219103,62517,4,EM,1,100,RS,RE,PS,MN
3219102,62518,2,PI,1,100,150078,150086
3219102,62519,2,PR,1,100,113768,113761
3219102,62520,2,PG,1,100,9837,9829
3219074,62521,1,EA,1,100,0.240824
3219074,62522,1,EL,1,100,-13834.200195
3219067,62523,1,T1,1,100,36.215
3219082,62524,1,TH,1,100,34.996
3219115,62525,2,AX,1,100,0.709,0.783
3219115,62526,2,AY,1,100,0.519,0.543
3219115,62527,2,AZ,1,100,-0.334,-0.294
3219115,62528,2,GX,1,100,1.251,-6.866
3219115,62529,2,GY,1,100,-3.387,0.824
"
2026-03-05T00:00:11.368Z,1772668811368,10.168.15.94,3132,"3219115,62530,2,GZ,1,100,1.465,1.709
3219115,62531,2,MX,1,100,65,64
3219115,62532,2,MY,1,100,29,29
3219115,62533,2,MZ,1,100,-12,-10
"
2026-03-05T00:00:11.475Z,1772668811475,10.168.15.94,3132,"3219222,62534,3,PI,1,100,150062,150066,150071
3219222,62535,3,PR,1,100,113750,113754,113739
3219222,62536,3,PG,1,100,9824,9840,9836
3219208,62537,2,EA,1,100,0.240716,0.240667
3219208,62538,2,EL,1,100,-13831.599609,-13830.400391
3219201,62539,1,T1,1,100,36.199
3219216,62540,1,TH,1,100,34.911
3219235,62541,3,AX,1,100,0.807,0.724,0.748
3219235,62542,3,AY,1,100,0.564,0.515,0.548
3219235,62543,3,AZ,1,100,-0.305,-0.292,-0.317
3219235,62544,3,GX,1,100,-4.578,-2.045,3.021
"
2026-03-05T00:00:11.475Z,1772668811475,10.168.15.94,3132,"3219235,62545,3,GY,1,100,-7.751,4.181,2.533
3219235,62546,3,GZ,1,100,1.526,0.092,2.167
3219235,62547,3,MX,1,100,65,64,64
3219235,62548,3,MY,1,100,29,29,29
3219235,62549,3,MZ,1,100,-10,-13,-11
"
2026-03-05T00:00:11.514Z,1772668811514,10.168.15.94,3132,"3219304,62550,4,EM,1,100,RS,RE,PS,MN
"
2026-03-05T00:00:11.580Z,1772668811580,10.168.15.94,3132,"3219304,62550,4,EM,1,100,RS,RE,PS,MN
3219341,62551,1,SF,1,100,9.4404
3219342,62552,3,PI,1,100,150022,149999,149981
3219342,62553,3,PR,1,100,113761,113737,113736
3219342,62554,3,PG,1,100,9848,9836,9852
3219341,62555,2,EA,1,100,0.240567,0.240559
3219341,62556,2,EL,1,100,-13828.000000,-13827.799805
3219334,62557,1,T1,1,100,36.122
3219349,62558,1,TH,1,100,34.911
3219315,62559,2,AX,1,100,0.702,0.756
3219315,62560,2,AY,1,100,0.522,0.561
3219315,62561,2,AZ,1,100,-0.364,-0.380
3219315,62562,2,GX,1,100,8.179,6.256
"
2026-03-05T00:00:11.581Z,1772668811581,10.168.15.94,3132,"3219315,62563,2,GY,1,100,1.770,0.336
3219315,62564,2,GZ,1,100,5.493,3.113
3219315,62565,2,MX,1,100,64,65
3219315,62566,2,MY,1,100,29,29
3219315,62567,2,MZ,1,100,-12,-11
"
2026-03-05T00:00:11.676Z,1772668811676,10.168.15.94,3132,"3219422,62568,2,PI,1,100,149992,150023
3219422,62569,2,PR,1,100,113729,113723
3219422,62570,2,PG,1,100,9855,9878
3219408,62571,1,EA,1,100,0.240633
3219408,62572,1,EL,1,100,-13829.599609
3219435,62573,3,AX,1,100,0.801,0.764,0.801
3219435,62574,3,AY,1,100,0.558,0.554,0.490
3219435,62575,3,AZ,1,100,-0.329,-0.315,-0.255
3219435,62576,3,GX,1,100,-2.106,-4.059,-3.784
3219435,62577,3,GY,1,100,-9.033,-7.202,-2.869
3219435,62578,3,GZ,1,100,-2.319,-3.906,0.916
3219435,62579,3,MX,1,100,65,63,65
"
2026-03-05T00:00:11.676Z,1772668811676,10.168.15.94,3132,"3219435,62580,3,MY,1,100,29,30,29
3219435,62581,3,MZ,1,100,-11,-11,-11
"
2026-03-05T00:00:11.720Z,1772668811720,10.168.15.94,3132,"3219505,62582,4,EM,1,100,RS,RE,PS,MN
"
2026-03-05T00:00:11.780Z,1772668811780,10.168.15.94,3132,"3219505,62582,4,EM,1,100,RS,RE,PS,MN
3219542,62583,3,PI,1,100,149989,149982,149999
3219542,62584,3,PR,1,100,113724,113720,113740
3219542,62585,3,PG,1,100,9855,9857,9840
3219541,62586,2,EA,1,100,0.240633,0.240609
3219541,62587,2,EL,1,100,-13829.599609,-13829.000000
3219467,62588,1,T1,1,100,36.230
3219482,62589,1,TH,1,100,35.024
3219515,62590,2,AX,1,100,0.840,0.748
3219515,62591,2,AY,1,100,0.588,0.532
3219515,62592,2,AZ,1,100,-0.372,-0.340
3219515,62593,2,GX,1,100,5.219,3.723
"
2026-03-05T00:00:11.781Z,1772668811781,10.168.15.94,3132,"3219515,62594,2,GY,1,100,-11.322,5.096
3219515,62595,2,GZ,1,100,4.120,-0.153
3219515,62596,2,MX,1,100,63,65
3219515,62597,2,MY,1,100,30,29
3219515,62598,2,MZ,1,100,-12,-12
"
2026-03-05T00:00:11.883Z,1772668811883,10.168.15.94,3132,"3219607,62599,1,SF,1,100,9.3312
3219622,62600,2,PI,1,100,149957,149982
3219622,62601,2,PR,1,100,113721,113745
3219622,62602,2,PG,1,100,9839,9827
3219607,62603,1,EA,1,100,0.240633
3219607,62604,1,EL,1,100,-13829.599609
3219601,62605,1,T1,1,100,36.241
3219616,62606,1,TH,1,100,35.023
3219635,62607,3,AX,1,100,0.763,0.738,0.716
3219635,62608,3,AY,1,100,0.529,0.556,0.526
3219635,62609,3,AZ,1,100,-0.336,-0.343,-0.295
3219635,62610,3,GX,1,100,-2.869,-0.092,-0.793
3219635,62611,3,GY,1,100,7.294,0.000,-0.031
"
2026-03-05T00:00:11.884Z,1772668811884,10.168.15.94,3132,"3219635,62612,3,GZ,1,100,-3.296,-6.653,-7.965
3219635,62613,3,MX,1,100,64,64,64
3219635,62614,3,MY,1,100,30,29,29
3219635,62615,3,MZ,1,100,-12,-12,-11
"
2026-03-05T00:00:11.917Z,1772668811917,10.168.15.94,3132,"3219706,62616,4,EM,1,100,RS,RE,PS,MN
"
2026-03-05T00:00:11.984Z,1772668811984,10.168.15.94,3132,"3219706,62616,4,EM,1,100,RS,RE,PS,MN
3219742,62617,3,PI,1,100,149998,149983,149977
3219742,62618,3,PR,1,100,113768,113734,113732
3219742,62619,3,PG,1,100,9847,9847,9850
3219741,62620,2,EA,1,100,0.240658,0.240559
3219741,62621,2,EL,1,100,-13830.200195,-13827.799805
3219734,62622,1,T1,1,100,36.175
3219749,62623,1,TH,1,100,34.931
3219715,62624,2,AX,1,100,0.789,0.756
3219715,62625,2,AY,1,100,0.598,0.560
3219715,62626,2,AZ,1,100,-0.358,-0.347
3219715,62627,2,GX,1,100,1.556,3.204
"
2026-03-05T00:00:11.985Z,1772668811985,10.168.15.94,3132,"3219715,62628,2,GY,1,100,-6.866,-6.805
3219715,62629,2,GZ,1,100,-4.395,-1.282
3219715,62630,2,MX,1,100,64,65
3219715,62631,2,MY,1,100,28,27
3219715,62632,2,MZ,1,100,-12,-12
"
2026-03-05T00:00:12.078Z,1772668812078,10.168.15.94,3132,"3219822,62633,2,PI,1,100,149969,149988
3219822,62634,2,PR,1,100,113742,113740
3219822,62635,2,PG,1,100,9855,9868
3219807,62636,1,EA,1,100,0.240426
3219807,62637,1,EL,1,100,-13824.599609
3219835,62638,3,AX,1,100,0.752,0.765,0.744
3219835,62639,3,AY,1,100,0.534,0.577,0.562
3219835,62640,3,AZ,1,100,-0.331,-0.381,-0.279
3219835,62641,3,GX,1,100,0.702,2.167,-0.061
3219835,62642,3,GY,1,100,6.165,-3.113,-3.937
3219835,62643,3,GZ,1,100,0.671,0.183,-2.960
3219835,62644,3,MX,1,100,64,65,64
"
2026-03-05T00:00:12.085Z,1772668812085,10.168.15.94,3132,"3219835,62645,3,MY,1,100,28,29,29
3219835,62646,3,MZ,1,100,-14,-11,-12
"
2026-03-05T00:00:12.138Z,1772668812138,10.168.15.94,3132,"3219907,62647,4,EM,1,100,RS,RE,PS,MN
"
2026-03-05T00:00:12.200Z,1772668812200,10.168.15.94,3132,"3219907,62647,4,EM,1,100,RS,RE,PS,MN
3219941,62648,1,SF,1,100,9.2232
3219942,62649,3,PI,1,100,149983,149972,149975
3219942,62650,3,PR,1,100,113731,113730,113733
3219942,62651,3,PG,1,100,9845,9868,9883
3219941,62652,2,EA,1,100,0.240575,0.240592
3219941,62653,2,EL,1,100,-13828.200195,-13828.599609
3219867,62654,1,T1,1,100,36.147
3219882,62655,1,TH,1,100,34.932
3219955,62656,3,AX,1,100,0.784,0.707,0.743
3219955,62657,3,AY,1,100,0.542,0.531,0.568
3219955,62658,3,AZ,1,100,-0.343,-0.389,-0.337
"
2026-03-05T00:00:12.202Z,1772668812202,10.168.15.94,3132,"3219955,62659,3,GX,1,100,2.686,6.836,-2.014
3219955,62660,3,GY,1,100,0.854,3.296,5.768
3219955,62661,3,GZ,1,100,-4.150,-3.326,-1.099
3219955,62662,3,MX,1,100,64,66,66
3219955,62663,3,MY,1,100,29,28,28
3219955,62664,3,MZ,1,100,-12,-12,-12
"
2026-03-05T00:00:12.332Z,1772668812332,10.168.15.94,3132,"3220022,62665,2,PI,1,100,149956,149964
3220022,62666,2,PR,1,100,113708,113734
3220022,62667,2,PG,1,100,9879,9869
3220007,62668,1,EA,1,100,0.240551
3220007,62669,1,EL,1,100,-13827.599609
3220001,62670,1,T1,1,100,36.170
3220015,62671,1,TH,1,100,34.990
3220048,62672,2,AX,1,100,0.747,0.739
3220048,62673,2,AY,1,100,0.540,0.564
3220048,62674,2,AZ,1,100,-0.307,-0.343
3220048,62675,2,GX,1,100,-3.082,1.068
3220048,62676,2,GY,1,100,-4.364,-0.610
3220048,62677,2,GZ,1,100,-0.671,1.129
3220048,62678,2,MX,1,100,65,64
"
2026-03-05T00:00:12.333Z,1772668812333,10.168.15.94,3132,"3220048,62679,2,MY,1,100,27,28
3220048,62680,2,MZ,1,100,-11,-12
"
2026-03-05T00:00:12.333Z,1772668812333,10.168.15.94,3132,"3220108,62681,4,EM,1,100,RS,RE,PS,MN
"
2026-03-05T00:00:12.381Z,1772668812381,10.168.15.94,3132,"3220108,62681,4,EM,1,100,RS,RE,PS,MN
3220142,62682,3,PI,1,100,149959,149927,149897
3220142,62683,3,PR,1,100,113747,113721,113691
3220142,62684,3,PG,1,100,9871,9866,9855
3220141,62685,2,EA,1,100,0.240468,0.240435
3220141,62686,2,EL,1,100,-13825.599609,-13824.799805
3220134,62687,1,T1,1,100,36.180
3220149,62688,1,TH,1,100,34.990
3220128,62689,2,AX,1,100,0.748,0.749
3220128,62690,2,AY,1,100,0.567,0.578
3220128,62691,2,AZ,1,100,-0.361,-0.330
3220128,62692,2,GX,1,100,2.441,-0.885
"
2026-03-05T00:00:12.383Z,1772668812383,10.168.15.94,3132,"3220128,62693,2,GY,1,100,-0.092,-2.441
3220128,62694,2,GZ,1,100,4.517,4.913
3220128,62695,2,MX,1,100,64,65
3220128,62696,2,MY,1,100,29,28
3220128,62697,2,MZ,1,100,-12,-12
"
2026-03-05T00:00:12.487Z,1772668812487,10.168.15.94,3132,"3220222,62698,2,PI,1,100,149896,149933
3220222,62699,2,PR,1,100,113699,113701
3220222,62700,2,PG,1,100,9865,9875
3220207,62701,1,EA,1,100,0.240352
3220207,62702,1,EL,1,100,-13822.799805
3220248,62703,3,AX,1,100,0.785,0.763,0.747
3220248,62704,3,AY,1,100,0.562,0.526,0.556
3220248,62705,3,AZ,1,100,-0.338,-0.331,-0.323
3220248,62706,3,GX,1,100,-3.937,-3.479,0.763
3220248,62707,3,GY,1,100,-2.411,-5.615,-2.411
3220248,62708,3,GZ,1,100,3.448,-0.061,-4.028
3220248,62709,3,MX,1,100,65,65,64
"
2026-03-05T00:00:12.487Z,1772668812487,10.168.15.94,3132,"3220248,62710,3,MY,1,100,28,28,28
3220248,62711,3,MZ,1,100,-12,-11,-12
"
2026-03-05T00:00:12.528Z,1772668812528,10.168.15.94,3132,"3220309,62712,4,EM,1,100,RS,RE,PS,MN
"
2026-03-05T00:00:12.598Z,1772668812598,10.168.15.94,3132,"3220309,62712,4,EM,1,100,RS,RE,PS,MN
3220341,62713,1,SF,1,100,9.1165
3220342,62714,3,PI,1,100,149944,149919,149933
3220342,62715,3,PR,1,100,113706,113699,113718
3220342,62716,3,PG,1,100,9856,9879,9874
3220341,62717,2,EA,1,100,0.240253,0.240327
3220341,62718,2,EL,1,100,-13820.400391,-13822.200195
3220267,62719,1,T1,1,100,36.149
3220282,62720,1,TH,1,100,34.988
3220328,62721,2,AX,1,100,0.695,0.774
3220328,62722,2,AY,1,100,0.592,0.563
3220328,62723,2,AZ,1,100,-0.388,-0.404
3220328,62724,2,GX,1,100,5.402,3.021
"
2026-03-05T00:00:12.604Z,1772668812604,10.168.15.94,3132,"3220328,62725,2,GY,1,100,7.294,-3.235
3220328,62726,2,GZ,1,100,3.174,7.751
3220328,62727,2,MX,1,100,64,64
3220328,62728,2,MY,1,100,29,28
3220328,62729,2,MZ,1,100,-12,-12
"
2026-03-05T00:00:12.690Z,1772668812690,10.168.15.94,3132,"3220422,62730,2,PI,1,100,149987,150009
3220422,62731,2,PR,1,100,113736,113763
3220422,62732,2,PG,1,100,9881,9886
3220407,62733,1,EA,1,100,0.240451
3220407,62734,1,EL,1,100,-13825.200195
3220401,62735,1,T1,1,100,36.206
3220415,62736,1,TH,1,100,34.988
3220448,62737,3,AX,1,100,0.718,0.789,0.744
3220448,62738,3,AY,1,100,0.536,0.549,0.569
3220448,62739,3,AZ,1,100,-0.288,-0.365,-0.302
3220448,62740,3,GX,1,100,-5.829,-3.052,1.923
3220448,62741,3,GY,1,100,-10.773,-1.740,-8.606
"
2026-03-05T00:00:12.690Z,1772668812690,10.168.15.94,3132,"3220448,62742,3,GZ,1,100,-0.153,-4.364,-3.754
3220448,62743,3,MX,1,100,65,64,64
3220448,62744,3,MY,1,100,28,29,28
3220448,62745,3,MZ,1,100,-12,-12,-12
"
2026-03-05T00:00:12.699Z,1772668812699,10.168.15.94,3132,"3220483,62746,2,RD,1,100,TL,TU
"
2026-03-05T00:00:12.802Z,1772668812802,10.168.15.94,3132,"3220585,62747,4,EM,1,100,RS,RE,PS,MN
"
2026-03-05T00:00:12.816Z,1772668812816,10.168.15.94,3132,"3220483,62746,2,RD,1,100,TL,TU
3220585,62747,4,EM,1,100,RS,RE,PS,MN
3220582,62748,4,PI,1,100,150017,150018,150016,150027
3220582,62749,4,PR,1,100,113768,113785,113766,113775
3220582,62750,4,PG,1,100,9910,9909,9901,9914
3220541,62751,2,EA,1,100,0.240460,0.240385
3220541,62752,2,EL,1,100,-13825.400391,-13823.599609
3220534,62753,1,T1,1,100,36.160
3220549,62754,1,TH,1,100,34.904
3220568,62755,3,AX,1,100,0.740,0.769,0.733
3220568,62756,3,AY,1,100,0.589,0.556,0.531
3220568,62757,3,AZ,1,100,-0.412,-0.387,-0.312
"
2026-03-05T00:00:12.826Z,1772668812826,10.168.15.94,3132,"3220568,62758,3,GX,1,100,4.089,2.289,-5.646
3220568,62759,3,GY,1,100,6.561,-3.326,-4.608
3220568,62760,3,GZ,1,100,4.456,3.815,-4.211
3220568,62761,3,MX,1,100,64,65,64
3220568,62762,3,MY,1,100,29,30,28
3220568,62763,3,MZ,1,100,-14,-13,-12
"
2026-03-05T00:00:12.918Z,1772668812918,10.168.15.94,3132,"3220674,62764,1,SF,1,100,9.0111
3220662,62765,2,PI,1,100,150025,150042
3220662,62766,2,PR,1,100,113803,113837
3220662,62767,2,PG,1,100,9888,9892
3220674,62768,2,EA,1,100,0.240393,0.240311
3220674,62769,2,EL,1,100,-13823.799805,-13821.799805
3220667,62770,1,T1,1,100,36.211
3220682,62771,1,TH,1,100,34.904
3220688,62772,3,AX,1,100,0.753,0.744,0.767
3220688,62773,3,AY,1,100,0.529,0.572,0.590
3220688,62774,3,AZ,1,100,-0.340,-0.315,-0.393
3220688,62775,3,GX,1,100,-2.838,2.258,6.165
"
2026-03-05T00:00:12.921Z,1772668812921,10.168.15.94,3132,"3220688,62776,3,GY,1,100,0.214,-3.632,2.563
3220688,62777,3,GZ,1,100,-5.341,-2.167,3.448
3220688,62778,3,MX,1,100,64,65,64
3220688,62779,3,MY,1,100,28,28,27
3220688,62780,3,MZ,1,100,-13,-14,-13
"
2026-03-05T00:00:13.006Z,1772668813006,10.168.15.94,3132,"3220786,62781,4,EM,1,100,RS,RE,PS,MN
"
2026-03-05T00:00:13.015Z,1772668813015,10.168.15.94,3132,"3220786,62781,4,EM,1,100,RS,RE,PS,MN
3220782,62782,3,PI,1,100,150061,150019,150041
3220782,62783,3,PR,1,100,113822,113789,113802
3220782,62784,3,PG,1,100,9906,9908,9914
3220741,62785,1,EA,1,100,0.240195
3220741,62786,1,EL,1,100,-13819.000000
3220768,62787,2,AX,1,100,0.752,0.765
3220768,62788,2,AY,1,100,0.535,0.514
3220768,62789,2,AZ,1,100,-0.381,-0.343
3220768,62790,2,GX,1,100,5.005,-2.014
3220768,62791,2,GY,1,100,6.531,0.061
3220768,62792,2,GZ,1,100,2.655,-0.641
3220768,62793,2,MX,1,100,64,64
"
2026-03-05T00:00:13.019Z,1772668813019,10.168.15.94,3132,"3220768,62794,2,MY,1,100,28,28
3220768,62795,2,MZ,1,100,-12,-13
"
2026-03-05T00:00:13.121Z,1772668813121,10.168.15.94,3132,"3220862,62796,2,PI,1,100,150023,149985
3220862,62797,2,PR,1,100,113803,113767
3220862,62798,2,PG,1,100,9921,9926
3220874,62799,2,EA,1,100,0.240352,0.240369
3220874,62800,2,EL,1,100,-13822.799805,-13823.200195
3220801,62801,1,T1,1,100,36.198
3220815,62802,1,TH,1,100,34.947
3220888,62803,3,AX,1,100,0.742,0.737,0.795
3220888,62804,3,AY,1,100,0.516,0.570,0.590
3220888,62805,3,AZ,1,100,-0.315,-0.327,-0.393
3220888,62806,3,GX,1,100,-1.160,3.815,7.782
3220888,62807,3,GY,1,100,2.319,10.040,7.019
"
2026-03-05T00:00:13.132Z,1772668813132,10.168.15.94,3132,"3220888,62808,3,GZ,1,100,0.977,6.348,5.157
3220888,62809,3,MX,1,100,64,64,63
3220888,62810,3,MY,1,100,30,28,30
3220888,62811,3,MZ,1,100,-11,-13,-13
"
2026-03-05T00:00:13.213Z,1772668813213,10.168.15.94,3132,"3220987,62812,4,EM,1,100,RS,RE,PS,MN
"
2026-03-05T00:00:13.229Z,1772668813229,10.168.15.94,3132,"3220987,62812,4,EM,1,100,RS,RE,PS,MN
3220941,62813,1,SF,1,100,8.9068
3220982,62814,3,PI,1,100,149927,149932,149906
3220982,62815,3,PR,1,100,113737,113732,113709
3220982,62816,3,PG,1,100,9908,9916,9937
3220941,62817,1,EA,1,100,0.240336
3220941,62818,1,EL,1,100,-13822.400391
3220934,62819,1,T1,1,100,36.192
3220949,62820,1,TH,1,100,34.947
3220968,62821,2,AX,1,100,0.714,0.806
3220968,62822,2,AY,1,100,0.532,0.532
3220968,62823,2,AZ,1,100,-0.341,-0.333
3220968,62824,2,GX,1,100,1.373,-6.348
"
2026-03-05T00:00:13.230Z,1772668813230,10.168.15.94,3132,"3220968,62825,2,GY,1,100,7.874,3.723
3220968,62826,2,GZ,1,100,2.045,-0.916
3220968,62827,2,MX,1,100,64,65
3220968,62828,2,MY,1,100,30,29
3220968,62829,2,MZ,1,100,-13,-12
3220907,62830,1,BV,1,100,3.90
3220907,62831,1,B%,1,100,76
"
2026-03-05T00:00:13.324Z,1772668813324,10.168.15.94,3132,"3221062,62832,2,PI,1,100,149911,149879
3221062,62833,2,PR,1,100,113699,113684
3221062,62834,2,PG,1,100,9922,9936
3221074,62835,2,EA,1,100,0.240195,0.240071
3221074,62836,2,EL,1,100,-13819.000000,-13816.000000
3221067,62837,1,T1,1,100,36.225
3221082,62838,1,TH,1,100,35.047
3221088,62839,3,AX,1,100,0.736,0.762,0.777
3221088,62840,3,AY,1,100,0.433,0.577,0.568
3221088,62841,3,AZ,1,100,-0.261,-0.380,-0.389
3221088,62842,3,GX,1,100,-2.075,6.439,3.601
3221088,62843,3,GY,1,100,-1.282,6.042,-3.723
"
2026-03-05T00:00:13.326Z,1772668813326,10.168.15.94,3132,"3221088,62844,3,GZ,1,100,-4.364,0.793,1.617
3221088,62845,3,MX,1,100,64,64,65
3221088,62846,3,MY,1,100,29,30,29
3221088,62847,3,MZ,1,100,-11,-12,-12
"
2026-03-05T00:00:13.402Z,1772668813402,10.168.15.94,3132,"3221188,62848,4,EM,1,100,RS,RE,PS,MN
"
2026-03-05T00:00:13.424Z,1772668813424,10.168.15.94,3132,"3221188,62848,4,EM,1,100,RS,RE,PS,MN
3221195,62849,3,PI,1,100,149889,149852,149838
3221195,62850,3,PR,1,100,113682,113669,113675
3221195,62851,3,PG,1,100,9919,9900,9889
3221141,62852,1,EA,1,100,0.240096
3221141,62853,1,EL,1,100,-13816.599609
3221168,62854,2,AX,1,100,0.731,0.752
3221168,62855,2,AY,1,100,0.533,0.504
3221168,62856,2,AZ,1,100,-0.301,-0.272
3221168,62857,2,GX,1,100,-8.850,-4.211
3221168,62858,2,GY,1,100,2.502,-0.122
3221168,62859,2,GZ,1,100,0.031,-1.678
3221168,62860,2,MX,1,100,64,64
"
2026-03-05T00:00:13.427Z,1772668813427,10.168.15.94,3132,"3221168,62861,2,MY,1,100,30,29
3221168,62862,2,MZ,1,100,-12,-11
"
2026-03-05T00:00:13.533Z,1772668813533,10.168.15.94,3132,"3221274,62863,1,SF,1,100,8.8038
3221275,62864,2,PI,1,100,149836,149820
3221275,62865,2,PR,1,100,113669,113649
3221275,62866,2,PG,1,100,9908,9902
3221274,62867,2,EA,1,100,0.240113,0.240005
3221274,62868,2,EL,1,100,-13817.000000,-13814.400391
3221201,62869,1,T1,1,100,36.239
3221215,62870,1,TH,1,100,35.047
3221288,62871,3,AX,1,100,0.763,0.812,0.732
3221288,62872,3,AY,1,100,0.539,0.627,0.562
3221288,62873,3,AZ,1,100,-0.327,-0.427,-0.326
3221288,62874,3,GX,1,100,5.737,12.939,-0.702
"
2026-03-05T00:00:13.541Z,1772668813541,10.168.15.94,3132,"3221288,62875,3,GY,1,100,-0.366,-3.540,-0.214
3221288,62876,3,GZ,1,100,1.190,4.059,2.441
3221288,62877,3,MX,1,100,64,64,63
3221288,62878,3,MY,1,100,28,29,28
3221288,62879,3,MZ,1,100,-12,-12,-12
"
2026-03-05T00:00:13.600Z,1772668813600,10.168.15.94,3132,"3221389,62880,4,EM,1,100,RS,RE,PS,MN
"
2026-03-05T00:00:13.627Z,1772668813627,10.168.15.94,3132,"3221389,62880,4,EM,1,100,RS,RE,PS,MN
3221395,62881,3,PI,1,100,149865,149867,149858
3221395,62882,3,PR,1,100,113676,113676,113681
3221395,62883,3,PG,1,100,9911,9896,9902
3221341,62884,1,EA,1,100,0.240063
3221341,62885,1,EL,1,100,-13815.799805
3221334,62886,1,T1,1,100,36.281
3221349,62887,1,TH,1,100,34.924
3221368,62888,2,AX,1,100,0.791,0.720
3221368,62889,2,AY,1,100,0.538,0.517
3221368,62890,2,AZ,1,100,-0.334,-0.301
3221368,62891,2,GX,1,100,-9.613,-6.775
3221368,62892,2,GY,1,100,1.740,-0.244
"
2026-03-05T00:00:13.627Z,1772668813627,10.168.15.94,3132,"3221368,62893,2,GZ,1,100,-1.648,-3.326
3221368,62894,2,MX,1,100,64,64
3221368,62895,2,MY,1,100,30,29
3221368,62896,2,MZ,1,100,-12,-12
"
2026-03-05T00:00:13.730Z,1772668813730,10.168.15.94,3132,"3221475,62897,2,PI,1,100,149819,149770
3221475,62898,2,PR,1,100,113645,113607
3221475,62899,2,PG,1,100,9899,9916
3221474,62900,2,EA,1,100,0.240146,0.240055
3221474,62901,2,EL,1,100,-13817.799805,-13815.599609
3221467,62902,1,T1,1,100,36.228
3221482,62903,1,TH,1,100,34.924
3221488,62904,3,AX,1,100,0.742,0.797,0.810
3221488,62905,3,AY,1,100,0.540,0.572,0.524
3221488,62906,3,AZ,1,100,-0.315,-0.418,-0.311
3221488,62907,3,GX,1,100,-3.510,0.336,-2.441
3221488,62908,3,GY,1,100,6.134,5.402,-8.453
"
2026-03-05T00:00:13.733Z,1772668813733,10.168.15.94,3132,"3221488,62909,3,GZ,1,100,2.411,5.890,1.373
3221488,62910,3,MX,1,100,64,64,64
3221488,62911,3,MY,1,100,28,29,29
3221488,62912,3,MZ,1,100,-10,-10,-12
"
2026-03-05T00:00:13.802Z,1772668813802,10.168.15.94,3132,"3221590,62913,4,EM,1,100,RS,RE,PS,MN
"
2026-03-05T00:00:13.832Z,1772668813832,10.168.15.94,3132,"3221590,62913,4,EM,1,100,RS,RE,PS,MN
3221595,62914,3,PI,1,100,149811,149842,149836
3221595,62915,3,PR,1,100,113593,113647,113637
3221595,62916,3,PG,1,100,9903,9903,9909
3221541,62917,1,EA,1,100,0.240047
3221541,62918,1,EL,1,100,-13815.400391
3221600,62919,1,T1,1,100,36.240
3221568,62920,2,AX,1,100,0.804,0.722
3221568,62921,2,AY,1,100,0.494,0.530
3221568,62922,2,AZ,1,100,-0.282,-0.313
3221568,62923,2,GX,1,100,-5.096,2.747
3221568,62924,2,GY,1,100,-5.859,10.345
3221568,62925,2,GZ,1,100,-7.294,-5.890
"
2026-03-05T00:00:13.839Z,1772668813839,10.168.15.94,3132,"3221568,62926,2,MX,1,100,64,64
3221568,62927,2,MY,1,100,30,30
3221568,62928,2,MZ,1,100,-11,-11
"
2026-03-05T00:00:13.941Z,1772668813941,10.168.15.94,3132,"3221674,62929,1,SF,1,100,8.7020
3221675,62930,2,PI,1,100,149805,149788
3221675,62931,2,PR,1,100,113619,113610
3221675,62932,2,PG,1,100,9913,9889
3221674,62933,2,EA,1,100,0.240154,0.240080
3221674,62934,2,EL,1,100,-13818.000000,-13816.200195
3221615,62935,1,TH,1,100,35.026
3221688,62936,3,AX,1,100,0.753,0.725,0.747
3221688,62937,3,AY,1,100,0.557,0.592,0.598
3221688,62938,3,AZ,1,100,-0.330,-0.362,-0.358
3221688,62939,3,GX,1,100,6.439,5.890,-0.397
3221688,62940,3,GY,1,100,8.057,2.350,2.075
"
2026-03-05T00:00:13.942Z,1772668813942,10.168.15.94,3132,"3221688,62941,3,GZ,1,100,3.723,6.134,2.045
3221688,62942,3,MX,1,100,64,64,64
3221688,62943,3,MY,1,100,30,29,29
3221688,62944,3,MZ,1,100,-11,-10,-11
"
2026-03-05T00:00:14.004Z,1772668814004,10.168.15.94,3132,"3221791,62945,4,EM,1,100,RS,RE,PS,MN
"
2026-03-05T00:00:14.031Z,1772668814031,10.168.15.94,3132,"3221791,62945,4,EM,1,100,RS,RE,PS,MN
3221795,62946,3,PI,1,100,149808,149819,149820
3221795,62947,3,PR,1,100,113628,113610,113636
3221795,62948,3,PG,1,100,9886,9885,9886
3221741,62949,1,EA,1,100,0.240212
3221741,62950,1,EL,1,100,-13819.400391
3221734,62951,1,T1,1,100,36.246
3221749,62952,1,TH,1,100,35.026
3221768,62953,2,AX,1,100,0.770,0.757
3221768,62954,2,AY,1,100,0.536,0.515
3221768,62955,2,AZ,1,100,-0.271,-0.339
3221768,62956,2,GX,1,100,-5.920,-1.953
3221768,62957,2,GY,1,100,-8.667,-4.456
"
2026-03-05T00:00:14.041Z,1772668814041,10.168.15.94,3132,"3221768,62958,2,GZ,1,100,-2.930,-3.693
3221768,62959,2,MX,1,100,64,64
3221768,62960,2,MY,1,100,30,29
3221768,62961,2,MZ,1,100,-12,-11
"
2026-03-05T00:00:14.136Z,1772668814136,10.168.15.94,3132,"3221875,62962,1,BI,1,100,3160
3221875,62963,1,HR,1,100,39.11
3221875,62964,2,PI,1,100,149830,149795
3221875,62965,2,PR,1,100,113631,113613
3221875,62966,2,PG,1,100,9892,9897
3221874,62967,2,EA,1,100,0.240014,0.239939
3221874,62968,2,EL,1,100,-13814.599609,-13812.799805
3221867,62969,1,T1,1,100,36.177
3221882,62970,1,TH,1,100,35.117
3221888,62971,3,AX,1,100,0.791,0.803,0.754
3221888,62972,3,AY,1,100,0.561,0.575,0.523
3221888,62973,3,AZ,1,100,-0.311,-0.367,-0.337
3221888,62974,3,GX,1,100,2.289,1.068,-2.716
"
2026-03-05T00:00:14.138Z,1772668814138,10.168.15.94,3132,"3221888,62975,3,GY,1,100,-9.094,-2.228,4.120
3221888,62976,3,GZ,1,100,0.946,2.655,2.136
3221888,62977,3,MX,1,100,65,64,64
3221888,62978,3,MY,1,100,29,30,29
3221888,62979,3,MZ,1,100,-11,-11,-11
"
2026-03-05T00:00:14.208Z,1772668814208,10.168.15.94,3132,"3221992,62980,4,EM,1,100,RS,RE,PS,MN
"
2026-03-05T00:00:14.236Z,1772668814236,10.168.15.94,3132,"3221992,62980,4,EM,1,100,RS,RE,PS,MN
3221941,62981,1,SF,1,100,8.6013
3221995,62982,3,PI,1,100,149791,149819,149831
3221995,62983,3,PR,1,100,113593,113603,113622
3221995,62984,3,PG,1,100,9879,9897,9904
3221941,62985,1,EA,1,100,0.239997
3221941,62986,1,EL,1,100,-13814.200195
3222000,62987,1,T1,1,100,36.254
3221968,62988,2,AX,1,100,0.776,0.724
3221968,62989,2,AY,1,100,0.531,0.564
3221968,62990,2,AZ,1,100,-0.330,-0.275
3221968,62991,2,GX,1,100,-5.737,-2.991
3221968,62992,2,GY,1,100,-5.127,-0.610
"
2026-03-05T00:00:14.240Z,1772668814240,10.168.15.94,3132,"3221968,62993,2,GZ,1,100,-2.075,-6.592
3221968,62994,2,MX,1,100,64,64
3221968,62995,2,MY,1,100,29,28
3221968,62996,2,MZ,1,100,-11,-11
"
2026-03-05T00:00:14.343Z,1772668814343,10.168.15.94,3132,"3222075,62997,2,PI,1,100,149825,149826
3222075,62998,2,PR,1,100,113623,113628
3222075,62999,2,PG,1,100,9904,9899
3222074,63000,2,EA,1,100,0.240170,0.240022
3222074,63001,2,EL,1,100,-13818.400391,-13814.799805
3222015,63002,1,TH,1,100,35.117
3222088,63003,3,AX,1,100,0.771,0.780,0.799
3222088,63004,3,AY,1,100,0.556,0.520,0.551
3222088,63005,3,AZ,1,100,-0.301,-0.384,-0.407
3222088,63006,3,GX,1,100,2.716,11.566,5.646
3222088,63007,3,GY,1,100,-1.648,-0.031,5.737
3222088,63008,3,GZ,1,100,-2.014,0.610,4.425
"
2026-03-05T00:00:14.343Z,1772668814343,10.168.15.94,3132,"3222088,63009,3,MX,1,100,64,64,64
3222088,63010,3,MY,1,100,29,28,30
3222088,63011,3,MZ,1,100,-12,-12,-11
"
2026-03-05T00:00:14.409Z,1772668814409,10.168.15.94,3132,"3222196,63012,4,EM,1,100,RS,RE,PS,MN
"
2026-03-05T00:00:14.441Z,1772668814441,10.168.15.94,3132,"3222196,63012,4,EM,1,100,RS,RE,PS,MN
3222195,63013,3,PI,1,100,149842,149863,149880
3222195,63014,3,PR,1,100,113627,113644,113649
3222195,63015,3,PG,1,100,9915,9903,9890
3222207,63016,2,EA,1,100,0.240038,0.240121
3222207,63017,2,EL,1,100,-13815.200195,-13817.200195
3222134,63018,1,T1,1,100,36.181
3222149,63019,1,TH,1,100,34.977
3222208,63020,3,AX,1,100,0.765,0.725,0.731
3222208,63021,3,AY,1,100,0.548,0.547,0.542
3222208,63022,3,AZ,1,100,-0.318,-0.278,-0.299
3222208,63023,3,GX,1,100,-9.552,-12.695,-5.005
"
2026-03-05T00:00:14.441Z,1772668814441,10.168.15.94,3132,"3222208,63024,3,GY,1,100,-3.479,3.082,7.660
3222208,63025,3,GZ,1,100,4.639,3.113,5.524
3222208,63026,3,MX,1,100,64,64,64
3222208,63027,3,MY,1,100,30,29,30
3222208,63028,3,MZ,1,100,-12,-10,-10
"
2026-03-05T00:00:14.543Z,1772668814543,10.168.15.94,3132,"3222274,63029,1,SF,1,100,8.5018
3222275,63030,2,PI,1,100,149874,149889
3222275,63031,2,PR,1,100,113666,113659
3222275,63032,2,PG,1,100,9875,9896
3222274,63033,1,EA,1,100,0.240055
3222274,63034,1,EL,1,100,-13815.599609
3222267,63035,1,T1,1,100,36.149
3222282,63036,1,TH,1,100,34.978
3222288,63037,2,AX,1,100,0.779,0.743
3222288,63038,2,AY,1,100,0.534,0.536
3222288,63039,2,AZ,1,100,-0.331,-0.335
3222288,63040,2,GX,1,100,4.456,7.416
3222288,63041,2,GY,1,100,-1.312,4.517
3222288,63042,2,GZ,1,100,4.272,-1.190
"
2026-03-05T00:00:14.544Z,1772668814544,10.168.15.94,3132,"3222288,63043,2,MX,1,100,64,64
3222288,63044,2,MY,1,100,30,31
3222288,63045,2,MZ,1,100,-10,-12
"
2026-03-05T00:00:14.610Z,1772668814610,10.168.15.94,3132,"3222397,63046,4,EM,1,100,RS,RE,PS,MN
"
2026-03-05T00:00:14.647Z,1772668814647,10.168.15.94,3132,"3222397,63046,4,EM,1,100,RS,RE,PS,MN
3222395,63047,3,PI,1,100,149849,149844,149833
3222395,63048,3,PR,1,100,113648,113613,113619
3222395,63049,3,PG,1,100,9875,9882,9889
3222407,63050,2,EA,1,100,0.239907,0.239849
3222407,63051,2,EL,1,100,-13812.000000,-13810.599609
3222400,63052,1,T1,1,100,36.171
3222415,63053,1,TH,1,100,34.970
3222408,63054,3,AX,1,100,0.800,0.760,0.769
3222408,63055,3,AY,1,100,0.550,0.550,0.540
3222408,63056,3,AZ,1,100,-0.335,-0.312,-0.310
3222408,63057,3,GX,1,100,3.876,0.641,0.183
"
2026-03-05T00:00:14.650Z,1772668814650,10.168.15.94,3132,"3222408,63058,3,GY,1,100,0.153,3.937,6.775
3222408,63059,3,GZ,1,100,-4.395,-3.601,1.434
3222408,63060,3,MX,1,100,64,64,64
3222408,63061,3,MY,1,100,30,29,31
3222408,63062,3,MZ,1,100,-11,-10,-10
"
2026-03-05T00:00:14.749Z,1772668814749,10.168.15.94,3132,"3222515,63063,3,PI,1,100,149816,149805,149799
3222515,63064,3,PR,1,100,113590,113591,113584
3222515,63065,3,PG,1,100,9877,9873,9877
3222474,63066,1,EA,1,100,0.239882
3222474,63067,1,EL,1,100,-13811.400391
3222488,63068,2,AX,1,100,0.801,0.750
3222488,63069,2,AY,1,100,0.538,0.575
3222488,63070,2,AZ,1,100,-0.319,-0.342
3222488,63071,2,GX,1,100,3.143,2.045
3222488,63072,2,GY,1,100,-3.723,-1.740
3222488,63073,2,GZ,1,100,2.594,-1.099
3222488,63074,2,MX,1,100,64,64
3222488,63075,2,MY,1,100,30,30
"
2026-03-05T00:00:14.749Z,1772668814749,10.168.15.94,3132,"3222488,63076,2,MZ,1,100,-12,-10
"
2026-03-05T00:00:14.809Z,1772668814809,10.168.15.94,3132,"3222598,63077,4,EM,1,100,RS,RE,PS,MN
"
2026-03-05T00:00:14.849Z,1772668814849,10.168.15.94,3132,"3222598,63077,4,EM,1,100,RS,RE,PS,MN
3222607,63078,1,SF,1,100,8.4034
3222595,63079,2,PI,1,100,149770,149767
3222595,63080,2,PR,1,100,113560,113548
3222595,63081,2,PG,1,100,9886,9876
3222607,63082,2,EA,1,100,0.239923,0.239923
3222607,63083,2,EL,1,100,-13812.400391,-13812.400391
3222534,63084,1,T1,1,100,36.216
3222549,63085,1,TH,1,100,34.970
3222608,63086,3,AX,1,100,0.762,0.765,0.727
3222608,63087,3,AY,1,100,0.528,0.530,0.488
3222608,63088,3,AZ,1,100,-0.313,-0.333,-0.281
"
2026-03-05T00:00:14.863Z,1772668814863,10.168.15.94,3132,"3222608,63089,3,GX,1,100,-3.967,-2.686,0.946
3222608,63090,3,GY,1,100,-0.031,-9.094,-5.829
3222608,63091,3,GZ,1,100,-0.824,0.092,3.784
3222608,63092,3,MX,1,100,63,64,65
3222608,63093,3,MY,1,100,30,29,30
3222608,63094,3,MZ,1,100,-10,-11,-10
"
2026-03-05T00:00:14.945Z,1772668814945,10.168.15.94,3132,"3222715,63095,3,PI,1,100,149721,149775,149777
3222715,63096,3,PR,1,100,113574,113620,113658
3222715,63097,3,PG,1,100,9884,9898,9880
3222674,63098,1,EA,1,100,0.239865
3222674,63099,1,EL,1,100,-13811.000000
3222667,63100,1,T1,1,100,36.200
3222682,63101,1,TH,1,100,34.901
3222688,63102,2,AX,1,100,0.808,0.741
3222688,63103,2,AY,1,100,0.534,0.567
3222688,63104,2,AZ,1,100,-0.367,-0.344
3222688,63105,2,GX,1,100,10.925,10.315
3222688,63106,2,GY,1,100,-15.533,-7.965
3222688,63107,2,GZ,1,100,7.019,4.303
"
2026-03-05T00:00:14.953Z,1772668814953,10.168.15.94,3132,"3222688,63108,2,MX,1,100,64,63
3222688,63109,2,MY,1,100,30,30
3222688,63110,2,MZ,1,100,-12,-12
"
2026-03-05T00:00:15.019Z,1772668815019,10.168.15.94,3132,"3222799,63111,4,EM,1,100,RS,RE,PS,MN
"
2026-03-05T00:00:15.055Z,1772668815055,10.168.15.94,3132,"3222799,63111,4,EM,1,100,RS,RE,PS,MN
3222795,63112,2,PI,1,100,149779,149812
3222795,63113,2,PR,1,100,113626,113639
3222795,63114,2,PG,1,100,9877,9895
3222807,63115,2,EA,1,100,0.239808,0.239849
3222807,63116,2,EL,1,100,-13809.599609,-13810.599609
3222800,63117,1,T1,1,100,36.193
3222815,63118,1,TH,1,100,34.901
3222808,63119,3,AX,1,100,0.789,0.780,0.768
3222808,63120,3,AY,1,100,0.525,0.535,0.536
3222808,63121,3,AZ,1,100,-0.357,-0.374,-0.320
3222808,63122,3,GX,1,100,3.357,3.601,-7.233
"
2026-03-05T00:00:15.063Z,1772668815063,10.168.15.94,3132,"3222808,63123,3,GY,1,100,4.547,-6.714,4.364
3222808,63124,3,GZ,1,100,3.998,4.059,2.167
3222808,63125,3,MX,1,100,63,64,63
3222808,63126,3,MY,1,100,30,30,30
3222808,63127,3,MZ,1,100,-13,-12,-13
"
2026-03-05T00:00:15.173Z,1772668815173,10.168.15.94,3132,"3222835,63128,1,BI,1,100,960
3222835,63129,1,HR,1,100,44.31
3222915,63130,3,PI,1,100,149812,149796,149846
3222915,63131,3,PR,1,100,113633,113645,113667
3222915,63132,3,PG,1,100,9889,9899,9896
3222874,63133,1,EA,1,100,0.240038
3222874,63134,1,EL,1,100,-13815.200195
3222888,63135,2,AX,1,100,0.759,0.781
3222888,63136,2,AY,1,100,0.578,0.523
3222888,63137,2,AZ,1,100,-0.362,-0.293
3222888,63138,2,GX,1,100,-9.033,-4.700
3222888,63139,2,GY,1,100,-3.021,-11.963
3222888,63140,2,GZ,1,100,1.862,2.472
"
2026-03-05T00:00:15.174Z,1772668815174,10.168.15.94,3132,"3222888,63141,2,MX,1,100,63,64
3222888,63142,2,MY,1,100,30,30
3222888,63143,2,MZ,1,100,-12,-12
"
2026-03-05T00:00:15.211Z,1772668815211,10.168.15.94,3132,"3223000,63144,4,EM,1,100,RS,RE,PS,MN
"
2026-03-05T00:00:15.248Z,1772668815248,10.168.15.94,3132,"3223000,63144,4,EM,1,100,RS,RE,PS,MN
3223007,63145,1,SF,1,100,8.3062
3222995,63146,2,PI,1,100,149840,149878
3222995,63147,2,PR,1,100,113703,113714
3222995,63148,2,PG,1,100,9899,9910
3223007,63149,2,EA,1,100,0.240014,0.239800
3223007,63150,2,EL,1,100,-13814.599609,-13809.400391
3222934,63151,1,T1,1,100,36.190
3222949,63152,1,TH,1,100,34.972
3223008,63153,3,AX,1,100,0.746,0.788,0.786
3223008,63154,3,AY,1,100,0.489,0.527,0.503
3223008,63155,3,AZ,1,100,-0.336,-0.422,-0.350
"
2026-03-05T00:00:15.250Z,1772668815250,10.168.15.94,3132,"3223008,63156,3,GX,1,100,0.092,5.066,-2.838
3223008,63157,3,GY,1,100,-10.132,0.641,1.312
3223008,63158,3,GZ,1,100,2.838,3.632,1.678
3223008,63159,3,MX,1,100,63,63,63
3223008,63160,3,MY,1,100,31,29,30
3223008,63161,3,MZ,1,100,-13,-12,-13
"
2026-03-05T00:00:15.351Z,1772668815351,10.168.15.94,3132,"3223115,63162,3,PI,1,100,149933,149982,150006
3223115,63163,3,PR,1,100,113755,113774,113801
3223115,63164,3,PG,1,100,9927,9928,9947
3223074,63165,1,EA,1,100,0.239775
3223074,63166,1,EL,1,100,-13808.799805
3223067,63167,1,T1,1,100,36.118
3223082,63168,1,TH,1,100,34.972
3223088,63169,2,AX,1,100,0.794,0.756
3223088,63170,2,AY,1,100,0.511,0.511
3223088,63171,2,AZ,1,100,-0.315,-0.330
3223088,63172,2,GX,1,100,-6.012,-2.441
3223088,63173,2,GY,1,100,0.092,12.543
3223088,63174,2,GZ,1,100,-2.960,-1.678
"
2026-03-05T00:00:15.352Z,1772668815352,10.168.15.94,3132,"3223088,63175,2,MX,1,100,63,62
3223088,63176,2,MY,1,100,30,30
3223088,63177,2,MZ,1,100,-11,-12
"
2026-03-05T00:00:15.413Z,1772668815413,10.168.15.94,3132,"3223201,63178,4,EM,1,100,RS,RE,PS,MN
"
2026-03-05T00:00:15.451Z,1772668815451,10.168.15.94,3132,"3223201,63178,4,EM,1,100,RS,RE,PS,MN
3223195,63179,2,PI,1,100,150024,149986
3223195,63180,2,PR,1,100,113787,113768
3223195,63181,2,PG,1,100,9936,9930
3223207,63182,2,EA,1,100,0.239635,0.239791
3223207,63183,2,EL,1,100,-13805.400391,-13809.200195
3223200,63184,1,T1,1,100,36.193
3223215,63185,1,TH,1,100,34.998
3223208,63186,3,AX,1,100,0.804,0.703,0.791
3223208,63187,3,AY,1,100,0.507,0.525,0.515
3223208,63188,3,AZ,1,100,-0.389,-0.301,-0.326
3223208,63189,3,GX,1,100,-0.702,-3.113,-1.892
"
2026-03-05T00:00:15.466Z,1772668815466,10.168.15.94,3132,"3223208,63190,3,GY,1,100,5.890,-1.923,-9.735
3223208,63191,3,GZ,1,100,-1.526,-3.815,-1.678
3223208,63192,3,MX,1,100,64,64,64
3223208,63193,3,MY,1,100,31,30,31
3223208,63194,3,MZ,1,100,-13,-11,-12
"
2026-03-05T00:00:15.551Z,1772668815551,10.168.15.94,3132,"3223274,63195,1,SF,1,100,8.2101
3223288,63196,2,PI,1,100,150000,150053
3223288,63197,2,PR,1,100,113796,113881
3223288,63198,2,PG,1,100,9924,9920
3223274,63199,1,EA,1,100,0.239857
3223274,63200,1,EL,1,100,-13810.799805
3223288,63201,2,AX,1,100,0.776,0.713
3223288,63202,2,AY,1,100,0.515,0.520
3223288,63203,2,AZ,1,100,-0.333,-0.374
3223288,63204,2,GX,1,100,13.062,11.841
3223288,63205,2,GY,1,100,-15.900,10.071
3223288,63206,2,GZ,1,100,-3.204,-2.472
3223288,63207,2,MX,1,100,64,63
3223288,63208,2,MY,1,100,30,29
"
2026-03-05T00:00:15.552Z,1772668815552,10.168.15.94,3132,"3223288,63209,2,MZ,1,100,-13,-12
"
2026-03-05T00:00:15.620Z,1772668815620,10.168.15.94,3132,"3223402,63210,4,EM,1,100,RS,RE,PS,MN
"
2026-03-05T00:00:15.651Z,1772668815651,10.168.15.94,3132,"3223402,63210,4,EM,1,100,RS,RE,PS,MN
3223408,63211,3,PI,1,100,150066,150060,150087
3223408,63212,3,PR,1,100,113864,113867,113888
3223408,63213,3,PG,1,100,9931,9930,9945
3223407,63214,2,EA,1,100,0.239726,0.239767
3223407,63215,2,EL,1,100,-13807.599609,-13808.599609
3223334,63216,1,T1,1,100,36.190
3223348,63217,1,TH,1,100,34.998
3223409,63218,3,AX,1,100,0.776,0.780,0.842
3223409,63219,3,AY,1,100,0.525,0.543,0.496
3223409,63220,3,AZ,1,100,-0.382,-0.370,-0.312
3223409,63221,3,GX,1,100,0.183,-1.312,0.244
"
2026-03-05T00:00:15.653Z,1772668815653,10.168.15.94,3132,"3223409,63222,3,GY,1,100,12.848,-5.096,-3.815
3223409,63223,3,GZ,1,100,4.395,6.104,0.885
3223409,63224,3,MX,1,100,62,63,63
3223409,63225,3,MY,1,100,30,29,30
3223409,63226,3,MZ,1,100,-13,-13,-13
"
2026-03-05T00:00:15.754Z,1772668815754,10.168.15.94,3132,"3223488,63227,2,PI,1,100,150188,150240
3223488,63228,2,PR,1,100,113927,113982
3223488,63229,2,PG,1,100,9950,9941
3223474,63230,1,EA,1,100,0.239808
3223474,63231,1,EL,1,100,-13809.599609
3223467,63232,1,T1,1,100,36.118
3223482,63233,1,TH,1,100,34.983
3223528,63234,3,AX,1,100,0.766,0.782,0.738
3223528,63235,3,AY,1,100,0.546,0.541,0.562
3223528,63236,3,AZ,1,100,-0.308,-0.331,-0.387
3223528,63237,3,GX,1,100,-0.336,1.770,6.897
3223528,63238,3,GY,1,100,2.777,10.712,6.378
"
2026-03-05T00:00:15.755Z,1772668815755,10.168.15.94,3132,"3223528,63239,3,GZ,1,100,-5.829,-5.066,-4.120
3223528,63240,3,MX,1,100,64,64,63
3223528,63241,3,MY,1,100,29,28,30
3223528,63242,3,MZ,1,100,-13,-13,-12
"
2026-03-05T00:00:15.822Z,1772668815822,10.168.15.94,3132,"3223603,63243,4,EM,1,100,RS,RE,PS,MN
"
2026-03-05T00:00:15.856Z,1772668815856,10.168.15.94,3132,"3223603,63243,4,EM,1,100,RS,RE,PS,MN
3223607,63244,1,SF,1,100,8.1152
3223609,63245,3,PI,1,100,150250,150243,150222
3223609,63246,3,PR,1,100,113985,113954,113937
3223609,63247,3,PG,1,100,9956,9975,9959
3223607,63248,2,EA,1,100,0.239660,0.239537
3223607,63249,2,EL,1,100,-13806.000000,-13803.000000
3223600,63250,1,T1,1,100,36.122
3223615,63251,1,TH,1,100,34.983
3223609,63252,2,AX,1,100,0.720,0.813
3223609,63253,2,AY,1,100,0.532,0.522
3223609,63254,2,AZ,1,100,-0.335,-0.362
3223609,63255,2,GX,1,100,0.366,-3.845
"
2026-03-05T00:00:15.856Z,1772668815856,10.168.15.94,3132,"3223609,63256,2,GY,1,100,17.242,-3.479
3223609,63257,2,GZ,1,100,0.153,-1.770
3223609,63258,2,MX,1,100,63,63
3223609,63259,2,MY,1,100,30,30
3223609,63260,2,MZ,1,100,-11,-13
"
2026-03-05T00:00:15.960Z,1772668815960,10.168.15.94,3132,"3223728,63261,3,PI,1,100,150287,150291,150225
3223728,63262,3,PR,1,100,113951,113962,113930
3223728,63263,3,PG,1,100,9969,9945,9940
3223674,63264,1,EA,1,100,0.239471
3223674,63265,1,EL,1,100,-13801.400391
3223688,63266,2,AX,1,100,0.762,0.766
3223688,63267,2,AY,1,100,0.475,0.579
3223688,63268,2,AZ,1,100,-0.320,-0.296
3223688,63269,2,GX,1,100,-2.991,-3.082
3223688,63270,2,GY,1,100,-1.617,8.118
3223688,63271,2,GZ,1,100,-7.446,-5.463
3223688,63272,2,MX,1,100,64,64
3223688,63273,2,MY,1,100,30,28
"
2026-03-05T00:00:15.974Z,1772668815974,10.168.15.94,3132,"3223688,63274,2,MZ,1,100,-13,-12
"
2026-03-05T00:00:16.016Z,1772668816016,10.168.15.94,3132,"3223804,63275,4,EM,1,100,RS,RE,PS,MN
"
2026-03-05T00:00:16.062Z,1772668816062,10.168.15.94,3132,"3223804,63275,4,EM,1,100,RS,RE,PS,MN
3223809,63276,2,PI,1,100,150203,150190
3223809,63277,2,PR,1,100,113909,113902
3223809,63278,2,PG,1,100,9931,9928
3223807,63279,2,EA,1,100,0.239578,0.239545
3223807,63280,2,EL,1,100,-13804.000000,-13803.200195
3223734,63281,1,T1,1,100,36.088
3223748,63282,1,TH,1,100,35.008
3223809,63283,3,AX,1,100,0.784,0.732,0.776
3223809,63284,3,AY,1,100,0.584,0.501,0.506
3223809,63285,3,AZ,1,100,-0.326,-0.316,-0.331
3223809,63286,3,GX,1,100,-1.648,-3.082,-2.258
"
2026-03-05T00:00:16.062Z,1772668816062,10.168.15.94,3132,"3223809,63287,3,GY,1,100,-5.249,11.444,-1.862
3223809,63288,3,GZ,1,100,-7.050,3.693,6.622
3223809,63289,3,MX,1,100,64,64,64
3223809,63290,3,MY,1,100,30,30,30
3223809,63291,3,MZ,1,100,-11,-11,-10
"
2026-03-05T00:00:16.162Z,1772668816162,10.168.15.94,3132,"3223928,63292,3,PI,1,100,150174,150176,150169
3223928,63293,3,PR,1,100,113875,113880,113866
3223928,63294,3,PG,1,100,9931,9920,9926
3223874,63295,1,EA,1,100,0.239496
3223874,63296,1,EL,1,100,-13802.000000
3223867,63297,1,T1,1,100,36.180
3223882,63298,1,TH,1,100,35.008
3223928,63299,3,AX,1,100,0.826,0.796,0.787
3223928,63300,3,AY,1,100,0.471,0.574,0.585
3223928,63301,3,AZ,1,100,-0.296,-0.323,-0.298
3223928,63302,3,GX,1,100,6.287,6.714,1.709
3223928,63303,3,GY,1,100,-10.834,5.493,9.369
"
2026-03-05T00:00:16.163Z,1772668816163,10.168.15.94,3132,"3223928,63304,3,GZ,1,100,-4.272,-9.735,-8.698
3223928,63305,3,MX,1,100,64,66,65
3223928,63306,3,MY,1,100,29,30,30
3223928,63307,3,MZ,1,100,-12,-11,-10
"
2026-03-05T00:00:16.221Z,1772668816221,10.168.15.94,3132,"3224005,63308,4,EM,1,100,RS,RE,PS,MN
"
2026-03-05T00:00:16.264Z,1772668816264,10.168.15.94,3132,"3224005,63308,4,EM,1,100,RS,RE,PS,MN
3224007,63309,1,SF,1,100,8.0213
3224008,63310,2,PI,1,100,150157,150129
3224008,63311,2,PR,1,100,113849,113839
3224008,63312,2,PG,1,100,9928,9915
3224007,63313,2,EA,1,100,0.239693,0.239717
3224007,63314,2,EL,1,100,-13806.799805,-13807.400391
3224000,63315,1,T1,1,100,36.149
3224015,63316,1,TH,1,100,34.995
3224008,63317,2,AX,1,100,0.706,0.748
3224008,63318,2,AY,1,100,0.571,0.550
3224008,63319,2,AZ,1,100,-0.342,-0.341
3224008,63320,2,GX,1,100,4.395,2.136
"
2026-03-05T00:00:16.286Z,1772668816286,10.168.15.94,3132,"3224008,63321,2,GY,1,100,5.646,6.989
3224008,63322,2,GZ,1,100,-2.777,-3.204
3224008,63323,2,MX,1,100,65,65
3224008,63324,2,MY,1,100,30,29
3224008,63325,2,MZ,1,100,-11,-12
"
2026-03-05T00:00:16.373Z,1772668816373,10.168.15.94,3132,"3224128,63326,3,PI,1,100,150129,150118,150113
3224128,63327,3,PR,1,100,113815,113797,113784
3224128,63328,3,PG,1,100,9912,9910,9912
3224074,63329,1,EA,1,100,0.239569
3224074,63330,1,EL,1,100,-13803.799805
3224134,63331,1,T1,1,100,36.171
3224128,63332,3,AX,1,100,0.789,0.745,0.736
3224128,63333,3,AY,1,100,0.525,0.551,0.562
3224128,63334,3,AZ,1,100,-0.337,-0.267,-0.295
3224128,63335,3,GX,1,100,-1.648,-1.678,1.251
3224128,63336,3,GY,1,100,4.089,1.678,4.578
3224128,63337,3,GZ,1,100,-5.127,-8.514,-5.219
"
2026-03-05T00:00:16.374Z,1772668816374,10.168.15.94,3132,"3224128,63338,3,MX,1,100,65,65,65
3224128,63339,3,MY,1,100,30,28,29
3224128,63340,3,MZ,1,100,-10,-10,-11
"
2026-03-05T00:00:16.423Z,1772668816423,10.168.15.94,3132,"3224209,63341,4,EM,1,100,RS,RE,PS,MN
"
2026-03-05T00:00:16.465Z,1772668816465,10.168.15.94,3132,"3224209,63341,4,EM,1,100,RS,RE,PS,MN
3224208,63342,2,PI,1,100,150064,150034
3224208,63343,2,PR,1,100,113768,113743
3224208,63344,2,PG,1,100,9916,9886
3224207,63345,2,EA,1,100,0.239709,0.239643
3224207,63346,2,EL,1,100,-13807.200195,-13805.599609
3224148,63347,1,TH,1,100,34.995
3224208,63348,2,AX,1,100,0.787,0.754
3224208,63349,2,AY,1,100,0.599,0.569
3224208,63350,2,AZ,1,100,-0.320,-0.319
3224208,63351,2,GX,1,100,2.533,-1.312
3224208,63352,2,GY,1,100,-6.226,6.226
3224208,63353,2,GZ,1,100,-6.561,0.732
"
2026-03-05T00:00:16.470Z,1772668816470,10.168.15.94,3132,"3224208,63354,2,MX,1,100,66,65
3224208,63355,2,MY,1,100,29,29
3224208,63356,2,MZ,1,100,-10,-11
"
2026-03-05T00:00:16.574Z,1772668816574,10.168.15.94,3132,"3224274,63357,1,SF,1,100,7.9285
3224328,63358,3,PI,1,100,150003,150022,150002
3224328,63359,3,PR,1,100,113723,113733,113711
3224328,63360,3,PG,1,100,9875,9854,9824
3224274,63361,1,EA,1,100,0.239537
3224274,63362,1,EL,1,100,-13803.000000
3224267,63363,1,T1,1,100,36.145
3224282,63364,1,TH,1,100,34.996
3224328,63365,3,AX,1,100,0.791,0.766,0.771
3224328,63366,3,AY,1,100,0.528,0.600,0.551
3224328,63367,3,AZ,1,100,-0.312,-0.347,-0.285
3224328,63368,3,GX,1,100,-4.456,-2.991,-1.251
"
2026-03-05T00:00:16.574Z,1772668816574,10.168.15.94,3132,"3224328,63369,3,GY,1,100,-2.197,0.732,-0.031
3224328,63370,3,GZ,1,100,2.594,-0.061,-1.068
3224328,63371,3,MX,1,100,65,66,66
3224328,63372,3,MY,1,100,29,30,29
3224328,63373,3,MZ,1,100,-11,-12,-10
"
2026-03-05T00:00:16.623Z,1772668816623,10.168.15.94,3132,"3224410,63374,4,EM,1,100,RS,RE,PS,MN
"
2026-03-05T00:00:16.677Z,1772668816677,10.168.15.94,3132,"3224410,63374,4,EM,1,100,RS,RE,PS,MN
3224408,63375,2,PI,1,100,150013,150003
3224408,63376,2,PR,1,100,113711,113699
3224408,63377,2,PG,1,100,9849,9851
3224407,63378,2,EA,1,100,0.239635,0.239668
3224407,63379,2,EL,1,100,-13805.400391,-13806.200195
3224400,63380,1,T1,1,100,36.204
3224415,63381,1,TH,1,100,34.996
3224408,63382,2,AX,1,100,0.690,0.680
3224408,63383,2,AY,1,100,0.581,0.569
3224408,63384,2,AZ,1,100,-0.260,-0.292
3224408,63385,2,GX,1,100,-3.876,1.923
3224408,63386,2,GY,1,100,-4.089,17.395
"
2026-03-05T00:00:16.678Z,1772668816678,10.168.15.94,3132,"3224408,63387,2,GZ,1,100,-8.423,2.899
3224408,63388,2,MX,1,100,66,66
3224408,63389,2,MY,1,100,29,28
3224408,63390,2,MZ,1,100,-10,-12
"
2026-03-05T00:00:16.787Z,1772668816787,10.168.15.94,3132,"3224528,63391,3,PI,1,100,149995,150007,150046
3224528,63392,3,PR,1,100,113698,113711,113742
3224528,63393,3,PG,1,100,9839,9838,9837
3224540,63394,2,EA,1,100,0.239504,0.239512
3224540,63395,2,EL,1,100,-13802.200195,-13802.400391
3224533,63396,1,T1,1,100,36.124
3224548,63397,1,TH,1,100,34.967
3224528,63398,3,AX,1,100,0.774,0.826,0.761
3224528,63399,3,AY,1,100,0.561,0.560,0.531
3224528,63400,3,AZ,1,100,-0.340,-0.346,-0.246
3224528,63401,3,GX,1,100,9.857,12.543,3.479
"
2026-03-05T00:00:16.787Z,1772668816787,10.168.15.94,3132,"3224528,63402,3,GY,1,100,-2.686,-12.512,2.533
3224528,63403,3,GZ,1,100,10.529,3.693,-9.247
3224528,63404,3,MX,1,100,65,64,65
3224528,63405,3,MY,1,100,30,29,29
3224528,63406,3,MZ,1,100,-10,-11,-10
"
2026-03-05T00:00:16.836Z,1772668816836,10.168.15.94,3132,"3224611,63407,4,EM,1,100,RS,RE,PS,MN
"
2026-03-05T00:00:16.869Z,1772668816869,10.168.15.94,3132,"3224611,63407,4,EM,1,100,RS,RE,PS,MN
3224608,63408,1,BI,1,100,1760
3224608,63409,1,HR,1,100,42.04
3224607,63410,1,SF,1,100,7.8368
3224608,63411,2,PI,1,100,150064,150030
3224608,63412,2,PR,1,100,113746,113721
3224608,63413,2,PG,1,100,9842,9842
3224607,63414,1,EA,1,100,0.239463
3224607,63415,1,EL,1,100,-13801.200195
3224608,63416,2,AX,1,100,0.780,0.735
3224608,63417,2,AY,1,100,0.569,0.547
3224608,63418,2,AZ,1,100,-0.332,-0.371
3224608,63419,2,GX,1,100,3.784,5.554
3224608,63420,2,GY,1,100,12.482,3.113
"
2026-03-05T00:00:16.876Z,1772668816876,10.168.15.94,3132,"3224608,63421,2,GZ,1,100,-4.089,5.646
3224608,63422,2,MX,1,100,65,65
3224608,63423,2,MY,1,100,29,29
3224608,63424,2,MZ,1,100,-10,-10
"
2026-03-05T00:00:17.002Z,1772668817002,10.168.15.94,3132,"3224728,63425,3,PI,1,100,150012,150003,150001
3224728,63426,3,PR,1,100,113707,113713,113716
3224728,63427,3,PG,1,100,9835,9850,9809
3224740,63428,2,EA,1,100,0.239413,0.239405
3224740,63429,2,EL,1,100,-13800.000000,-13799.799805
3224667,63430,1,T1,1,100,36.195
3224682,63431,1,TH,1,100,34.967
3224728,63432,3,AX,1,100,0.735,0.807,0.749
3224728,63433,3,AY,1,100,0.566,0.510,0.541
3224728,63434,3,AZ,1,100,-0.311,-0.305,-0.259
3224728,63435,3,GX,1,100,-5.981,-4.608,-3.326
"
2026-03-05T00:00:17.005Z,1772668817005,10.168.15.94,3132,"3224728,63436,3,GY,1,100,2.441,-5.035,2.991
3224728,63437,3,GZ,1,100,7.874,-0.854,-7.385
3224728,63438,3,MX,1,100,66,65,65
3224728,63439,3,MY,1,100,30,29,29
3224728,63440,3,MZ,1,100,-11,-11,-12
"
2026-03-05T00:00:17.032Z,1772668817032,10.168.15.94,3132,"3224812,63441,4,EM,1,100,RS,RE,PS,MN
"
2026-03-05T00:00:17.085Z,1772668817085,10.168.15.94,3132,"3224812,63441,4,EM,1,100,RS,RE,PS,MN
3224808,63442,2,PI,1,100,149966,149974
3224808,63443,2,PR,1,100,113704,113682
3224808,63444,2,PG,1,100,9795,9797
3224807,63445,1,EA,1,100,0.239356
3224807,63446,1,EL,1,100,-13798.599609
3224800,63447,1,T1,1,100,36.191
3224815,63448,1,TH,1,100,34.983
3224848,63449,3,AX,1,100,0.790,0.726,0.730
3224848,63450,3,AY,1,100,0.576,0.576,0.562
3224848,63451,3,AZ,1,100,-0.286,-0.313,-0.326
3224848,63452,3,GX,1,100,-0.427,6.378,3.815
3224848,63453,3,GY,1,100,4.120,-0.610,2.411
"
2026-03-05T00:00:17.085Z,1772668817085,10.168.15.94,3132,"3224848,63454,3,GZ,1,100,-4.242,1.312,3.662
3224848,63455,3,MX,1,100,64,65,65
3224848,63456,3,MY,1,100,30,29,30
3224848,63457,3,MZ,1,100,-10,-10,-9
"
2026-03-05T00:00:17.183Z,1772668817183,10.168.15.94,3132,"3224940,63458,1,SF,1,100,7.7461
3224928,63459,3,PI,1,100,149998,149987,150008
3224928,63460,3,PR,1,100,113707,113688,113732
3224928,63461,3,PG,1,100,9807,9791,9779
3224940,63462,2,EA,1,100,0.239356,0.239446
3224940,63463,2,EL,1,100,-13798.599609,-13800.799805
3224933,63464,1,T1,1,100,36.224
3224948,63465,1,TH,1,100,34.983
3224928,63466,2,AX,1,100,0.803,0.732
3224928,63467,2,AY,1,100,0.586,0.535
3224928,63468,2,AZ,1,100,-0.332,-0.268
3224928,63469,2,GX,1,100,-1.190,-0.641
"
2026-03-05T00:00:17.183Z,1772668817183,10.168.15.94,3132,"3224928,63470,2,GY,1,100,-4.852,-8.453
3224928,63471,2,GZ,1,100,3.601,-3.784
3224928,63472,2,MX,1,100,65,65
3224928,63473,2,MY,1,100,29,30
3224928,63474,2,MZ,1,100,-10,-11
"
2026-03-05T00:00:17.229Z,1772668817229,10.168.15.94,3132,"3225013,63475,4,EM,1,100,RS,RE,PS,MN
"
2026-03-05T00:00:17.282Z,1772668817282,10.168.15.94,3132,"3225013,63475,4,EM,1,100,RS,RE,PS,MN
3225008,63476,1,BI,1,100,400
3225008,63477,1,HR,1,100,66.03
3225048,63478,3,PI,1,100,150027,149987,150004
3225048,63479,3,PR,1,100,113721,113701,113712
3225048,63480,3,PG,1,100,9781,9796,9772
3225007,63481,1,EA,1,100,0.239422
3225007,63482,1,EL,1,100,-13800.200195
3225048,63483,3,AX,1,100,0.765,0.768,0.737
3225048,63484,3,AY,1,100,0.555,0.576,0.572
3225048,63485,3,AZ,1,100,-0.305,-0.325,-0.328
3225048,63486,3,GX,1,100,-2.747,1.038,0.519
"
2026-03-05T00:00:17.285Z,1772668817285,10.168.15.94,3132,"3225048,63487,3,GY,1,100,6.256,-4.730,-1.587
3225048,63488,3,GZ,1,100,-4.700,0.397,2.777
3225048,63489,3,MX,1,100,66,65,64
3225048,63490,3,MY,1,100,29,30,29
3225048,63491,3,MZ,1,100,-9,-10,-9
"
2026-03-05T00:00:17.380Z,1772668817380,10.168.15.94,3132,"3225128,63492,2,PI,1,100,150009,150040
3225128,63493,2,PR,1,100,113725,113741
3225128,63494,2,PG,1,100,9819,9817
3225140,63495,2,EA,1,100,0.239446,0.239413
3225140,63496,2,EL,1,100,-13800.799805,-13800.000000
3225067,63497,1,T1,1,100,36.203
3225082,63498,1,TH,1,100,34.926
3225128,63499,2,AX,1,100,0.766,0.784
3225128,63500,2,AY,1,100,0.569,0.515
3225128,63501,2,AZ,1,100,-0.329,-0.276
3225128,63502,2,GX,1,100,-3.448,-7.538
3225128,63503,2,GY,1,100,-5.920,-10.895
3225128,63504,2,GZ,1,100,2.502,-2.228
"
2026-03-05T00:00:17.382Z,1772668817382,10.168.15.94,3132,"3225128,63505,2,MX,1,100,64,65
3225128,63506,2,MY,1,100,29,28
3225128,63507,2,MZ,1,100,-11,-10
"
2026-03-05T00:00:17.429Z,1772668817429,10.168.15.94,3132,"3225217,63508,4,EM,1,100,RS,RE,PS,MN
"
2026-03-05T00:00:17.483Z,1772668817483,10.168.15.94,3132,"3225217,63508,4,EM,1,100,RS,RE,PS,MN
3225248,63509,3,PI,1,100,150038,150037,150068
3225248,63510,3,PR,1,100,113741,113723,113754
3225248,63511,3,PG,1,100,9806,9790,9793
3225207,63512,1,EA,1,100,0.239397
3225207,63513,1,EL,1,100,-13799.599609
3225200,63514,1,T1,1,100,36.053
3225215,63515,1,TH,1,100,34.926
3225248,63516,3,AX,1,100,0.784,0.766,0.757
3225248,63517,3,AY,1,100,0.554,0.562,0.565
3225248,63518,3,AZ,1,100,-0.315,-0.313,-0.267
3225248,63519,3,GX,1,100,-7.141,-2.167,-5.432
"
2026-03-05T00:00:17.488Z,1772668817488,10.168.15.94,3132,"3225248,63520,3,GY,1,100,0.397,-2.960,-5.310
3225248,63521,3,GZ,1,100,-4.486,-3.357,-12.360
3225248,63522,3,MX,1,100,65,66,67
3225248,63523,3,MY,1,100,29,29,28
3225248,63524,3,MZ,1,100,-10,-12,-9
"
2026-03-05T00:00:17.582Z,1772668817582,10.168.15.94,3132,"3225340,63525,1,SF,1,100,7.6565
3225342,63526,2,PI,1,100,150062,150036
3225342,63527,2,PR,1,100,113729,113749
3225342,63528,2,PG,1,100,9766,9760
3225340,63529,2,EA,1,100,0.239364,0.239389
3225340,63530,2,EL,1,100,-13798.799805,-13799.400391
3225333,63531,1,T1,1,100,36.094
3225348,63532,1,TH,1,100,35.021
3225328,63533,2,AX,1,100,0.701,0.723
3225328,63534,2,AY,1,100,0.547,0.559
3225328,63535,2,AZ,1,100,-0.295,-0.326
3225328,63536,2,GX,1,100,-3.540,0.061
3225328,63537,2,GY,1,100,17.914,4.639
"
2026-03-05T00:00:17.587Z,1772668817587,10.168.15.94,3132,"3225328,63538,2,GZ,1,100,-4.120,4.242
3225328,63539,2,MX,1,100,67,66
3225328,63540,2,MY,1,100,29,28
3225328,63541,2,MZ,1,100,-9,-9
"
2026-03-05T00:00:17.637Z,1772668817637,10.168.15.94,3132,"3225418,63542,4,EM,1,100,RS,RE,PS,MN
"
2026-03-05T00:00:17.682Z,1772668817682,10.168.15.94,3132,"3225418,63542,4,EM,1,100,RS,RE,PS,MN
3225422,63543,2,PI,1,100,150056,150069
3225422,63544,2,PR,1,100,113729,113744
3225422,63545,2,PG,1,100,9778,9777
3225407,63546,1,EA,1,100,0.239364
3225407,63547,1,EL,1,100,-13798.799805
3225448,63548,3,AX,1,100,0.676,0.838,0.835
3225448,63549,3,AY,1,100,0.512,0.620,0.593
3225448,63550,3,AZ,1,100,-0.284,-0.335,-0.254
3225448,63551,3,GX,1,100,5.249,7.599,1.343
3225448,63552,3,GY,1,100,-8.911,-5.371,-8.789
3225448,63553,3,GZ,1,100,4.791,7.172,-6.531
"
2026-03-05T00:00:17.691Z,1772668817691,10.168.15.94,3132,"3225448,63554,3,MX,1,100,66,66,65
3225448,63555,3,MY,1,100,30,28,28
3225448,63556,3,MZ,1,100,-11,-10,-9
"
2026-03-05T00:00:17.787Z,1772668817787,10.168.15.94,3132,"3225541,63557,3,PI,1,100,150094,150069,150051
3225542,63558,3,PR,1,100,113750,113744,113739
3225542,63559,3,PG,1,100,9764,9765,9783
3225540,63560,2,EA,1,100,0.239291,0.239356
3225540,63561,2,EL,1,100,-13797.000000,-13798.599609
3225467,63562,1,T1,1,100,36.111
3225482,63563,1,TH,1,100,35.021
3225528,63564,2,AX,1,100,0.722,0.788
3225528,63565,2,AY,1,100,0.565,0.558
3225528,63566,2,AZ,1,100,-0.314,-0.312
3225528,63567,2,GX,1,100,5.859,6.073
3225528,63568,2,GY,1,100,3.693,1.953
"
2026-03-05T00:00:17.787Z,1772668817787,10.168.15.94,3132,"3225528,63569,2,GZ,1,100,-1.923,2.808
3225528,63570,2,MX,1,100,65,66
3225528,63571,2,MY,1,100,28,29
3225528,63572,2,MZ,1,100,-10,-10
"
2026-03-05T00:00:17.805Z,1772668817805,10.168.15.94,3132,"3225591,63573,2,RD,1,100,TL,TU
"
2026-03-05T00:00:17.909Z,1772668817909,10.168.15.94,3132,"3225695,63574,4,EM,1,100,RS,RE,PS,MN
"
2026-03-05T00:00:17.935Z,1772668817935,10.168.15.94,3132,"3225591,63573,2,RD,1,100,TL,TU
3225695,63574,4,EM,1,100,RS,RE,PS,MN
3225673,63575,1,SF,1,100,7.5679
3225661,63576,3,PI,1,100,150054,150061,150069
3225661,63577,3,PR,1,100,113741,113738,113743
3225661,63578,3,PG,1,100,9765,9785,9784
3225673,63579,2,EA,1,100,0.239430,0.239405
3225673,63580,2,EL,1,100,-13800.400391,-13799.799805
3225600,63581,1,T1,1,100,36.155
3225615,63582,1,TH,1,100,34.962
3225688,63583,4,AX,1,100,0.749,0.800,0.763,0.723
3225688,63584,4,AY,1,100,0.588,0.590,0.572,0.587
"
2026-03-05T00:00:17.935Z,1772668817935,10.168.15.94,3132,"3225688,63585,4,AZ,1,100,-0.311,-0.332,-0.252,-0.310
3225688,63586,4,GX,1,100,2.258,1.190,-5.341,-2.258
3225688,63587,4,GY,1,100,0.793,4.364,5.585,12.146
3225688,63588,4,GZ,1,100,0.153,-1.434,-4.883,-2.167
3225688,63589,4,MX,1,100,66,66,66,66
3225688,63590,4,MY,1,100,29,29,30,29
3225688,63591,4,MZ,1,100,-11,-11,-10,-10
"
2026-03-05T00:00:18.035Z,1772668818035,10.168.15.94,3132,"3225781,63592,3,PI,1,100,150020,149999,149951
3225781,63593,3,PR,1,100,113712,113704,113677
3225781,63594,3,PG,1,100,9788,9759,9742
3225740,63595,1,EA,1,100,0.239315
3225740,63596,1,EL,1,100,-13797.599609
3225733,63597,1,T1,1,100,36.102
3225748,63598,1,TH,1,100,34.962
3225768,63599,2,AX,1,100,0.760,0.800
3225768,63600,2,AY,1,100,0.587,0.523
3225768,63601,2,AZ,1,100,-0.303,-0.268
3225768,63602,2,GX,1,100,1.495,0.488
3225768,63603,2,GY,1,100,6.348,-3.754
3225768,63604,2,GZ,1,100,-0.549,-3.601
"
2026-03-05T00:00:18.035Z,1772668818035,10.168.15.94,3132,"3225768,63605,2,MX,1,100,66,66
3225768,63606,2,MY,1,100,28,29
3225768,63607,2,MZ,1,100,-10,-11
"
2026-03-05T00:00:18.108Z,1772668818108,10.168.15.94,3132,"3225896,63608,4,EM,1,100,RS,RE,PS,MN
"
2026-03-05T00:00:18.131Z,1772668818131,10.168.15.94,3132,"3225896,63608,4,EM,1,100,RS,RE,PS,MN
3225902,63609,3,PI,1,100,149925,149891,149879
3225902,63610,3,PR,1,100,113647,113647,113613
3225902,63611,3,PG,1,100,9713,9716,9703
3225874,63612,2,EA,1,100,0.239233,0.239373
3225874,63613,2,EL,1,100,-13795.599609,-13799.000000
3225867,63614,1,T1,1,100,36.151
3225882,63615,1,TH,1,100,34.993
3225888,63616,3,AX,1,100,0.771,0.730,0.733
3225888,63617,3,AY,1,100,0.618,0.604,0.575
3225888,63618,3,AZ,1,100,-0.306,-0.305,-0.251
3225888,63619,3,GX,1,100,2.350,2.258,-5.066
"
2026-03-05T00:00:18.134Z,1772668818134,10.168.15.94,3132,"3225888,63620,3,GY,1,100,-0.275,5.554,4.425
3225888,63621,3,GZ,1,100,-7.141,-5.310,-5.371
3225888,63622,3,MX,1,100,66,65,66
3225888,63623,3,MY,1,100,30,28,27
3225888,63624,3,MZ,1,100,-10,-11,-9
"
2026-03-05T00:00:18.237Z,1772668818237,10.168.15.94,3132,"3225940,63625,1,SF,1,100,7.4804
3225981,63626,2,PI,1,100,149833,149792
3225981,63627,2,PR,1,100,113605,113592
3225981,63628,2,PG,1,100,9683,9687
3225940,63629,1,EA,1,100,0.239348
3225940,63630,1,EL,1,100,-13798.400391
3226000,63631,1,T1,1,100,36.207
3225968,63632,2,AX,1,100,0.699,0.673
3225968,63633,2,AY,1,100,0.569,0.544
3225968,63634,2,AZ,1,100,-0.278,-0.287
3225968,63635,2,GX,1,100,-0.732,7.263
3225968,63636,2,GY,1,100,17.609,18.250
3225968,63637,2,GZ,1,100,-1.801,6.470
3225968,63638,2,MX,1,100,67,66
"
2026-03-05T00:00:18.243Z,1772668818243,10.168.15.94,3132,"3225968,63639,2,MY,1,100,29,30
3225968,63640,2,MZ,1,100,-10,-10
3225906,63641,1,BV,1,100,3.89
3225906,63642,1,B%,1,100,74
"
2026-03-05T00:00:18.312Z,1772668818312,10.168.15.94,3132,"3226097,63643,4,EM,1,100,RS,RE,PS,MN
"
2026-03-05T00:00:18.341Z,1772668818341,10.168.15.94,3132,"3226097,63643,4,EM,1,100,RS,RE,PS,MN
3226102,63644,3,PI,1,100,149736,149685,149659
3226102,63645,3,PR,1,100,113563,113550,113527
3226102,63646,3,PG,1,100,9685,9659,9660
3226073,63647,2,EA,1,100,0.239233,0.239209
3226073,63648,2,EL,1,100,-13795.599609,-13795.000000
3226015,63649,1,TH,1,100,34.993
3226088,63650,3,AX,1,100,0.787,0.795,0.795
3226088,63651,3,AY,1,100,0.596,0.548,0.565
3226088,63652,3,AZ,1,100,-0.325,-0.292,-0.247
3226088,63653,3,GX,1,100,9.186,8.942,-0.824
"
2026-03-05T00:00:18.341Z,1772668818341,10.168.15.94,3132,"3226088,63654,3,GY,1,100,0.000,-3.998,4.608
3226088,63655,3,GZ,1,100,8.606,0.275,-5.066
3226088,63656,3,MX,1,100,66,66,66
3226088,63657,3,MY,1,100,30,29,29
3226088,63658,3,MZ,1,100,-8,-9,-10
"
2026-03-05T00:00:18.437Z,1772668818437,10.168.15.94,3132,"3226181,63659,2,PI,1,100,149633,149580
3226181,63660,2,PR,1,100,113518,113499
3226181,63661,2,PG,1,100,9662,9660
3226140,63662,1,EA,1,100,0.239291
3226140,63663,1,EL,1,100,-13797.000000
3226133,63664,1,T1,1,100,36.125
3226148,63665,1,TH,1,100,34.988
3226208,63666,3,AX,1,100,0.750,0.714,0.761
3226208,63667,3,AY,1,100,0.586,0.586,0.574
3226208,63668,3,AZ,1,100,-0.284,-0.288,-0.308
3226208,63669,3,GX,1,100,1.648,2.594,0.549
3226208,63670,3,GY,1,100,1.984,6.561,0.610
3226208,63671,3,GZ,1,100,-2.167,4.608,6.439
"
2026-03-05T00:00:18.437Z,1772668818437,10.168.15.94,3132,"3226208,63672,3,MX,1,100,66,66,64
3226208,63673,3,MY,1,100,29,30,31
3226208,63674,3,MZ,1,100,-8,-9,-9
"
2026-03-05T00:00:18.515Z,1772668818515,10.168.15.94,3132,"3226298,63675,4,EM,1,100,RS,RE,PS,MN
"
2026-03-05T00:00:18.537Z,1772668818537,10.168.15.94,3132,"3226298,63675,4,EM,1,100,RS,RE,PS,MN
3226273,63676,1,SF,1,100,7.3939
3226301,63677,3,PI,1,100,149532,149524,149510
3226302,63678,3,PR,1,100,113467,113475,113464
3226302,63679,3,PG,1,100,9639,9614,9612
3226273,63680,2,EA,1,100,0.239225,0.239127
3226273,63681,2,EL,1,100,-13795.400391,-13793.000000
3226267,63682,1,T1,1,100,36.196
3226281,63683,1,TH,1,100,34.988
3226288,63684,2,AX,1,100,0.770,0.787
3226288,63685,2,AY,1,100,0.640,0.580
3226288,63686,2,AZ,1,100,-0.312,-0.262
"
2026-03-05T00:00:18.538Z,1772668818538,10.168.15.94,3132,"3226288,63687,2,GX,1,100,-0.793,-3.906
3226288,63688,2,GY,1,100,-6.653,-8.728
3226288,63689,2,GZ,1,100,4.150,-3.998
3226288,63690,2,MX,1,100,66,65
3226288,63691,2,MY,1,100,29,29
3226288,63692,2,MZ,1,100,-8,-9
"
2026-03-05T00:00:18.651Z,1772668818651,10.168.15.94,3132,"3226382,63693,2,PI,1,100,149509,149493
3226382,63694,2,PR,1,100,113459,113486
3226382,63695,2,PG,1,100,9584,9592
3226407,63696,2,EA,1,100,0.239274,0.239307
3226407,63697,2,EL,1,100,-13796.599609,-13797.400391
3226400,63698,1,T1,1,100,36.227
3226415,63699,1,TH,1,100,35.018
3226408,63700,3,AX,1,100,0.770,0.756,0.723
3226408,63701,3,AY,1,100,0.556,0.552,0.573
3226408,63702,3,AZ,1,100,-0.256,-0.269,-0.281
3226408,63703,3,GX,1,100,-4.333,-1.709,-1.221
3226408,63704,3,GY,1,100,1.373,4.364,3.723
"
2026-03-05T00:00:18.652Z,1772668818652,10.168.15.94,3132,"3226408,63705,3,GZ,1,100,-7.263,-5.310,1.312
3226408,63706,3,MX,1,100,66,67,66
3226408,63707,3,MY,1,100,30,29,29
3226408,63708,3,MZ,1,100,-9,-9,-8
"
2026-03-05T00:00:18.714Z,1772668818714,10.168.15.94,3132,"3226499,63709,4,EM,1,100,RS,RE,PS,MN
"
2026-03-05T00:00:18.741Z,1772668818741,10.168.15.94,3132,"3226499,63709,4,EM,1,100,RS,RE,PS,MN
3226501,63710,3,PI,1,100,149506,149483,149498
3226501,63711,3,PR,1,100,113473,113465,113482
3226501,63712,3,PG,1,100,9593,9579,9570
3226473,63713,1,EA,1,100,0.239266
3226473,63714,1,EL,1,100,-13796.400391
3226487,63715,2,AX,1,100,0.769,0.755
3226487,63716,2,AY,1,100,0.583,0.571
3226487,63717,2,AZ,1,100,-0.312,-0.270
3226487,63718,2,GX,1,100,-0.580,0.641
3226487,63719,2,GY,1,100,-0.977,-4.791
3226487,63720,2,GZ,1,100,5.157,-0.366
3226487,63721,2,MX,1,100,66,66
"
2026-03-05T00:00:18.741Z,1772668818741,10.168.15.94,3132,"3226487,63722,2,MY,1,100,28,30
3226487,63723,2,MZ,1,100,-8,-7
"
2026-03-05T00:00:18.848Z,1772668818848,10.168.15.94,3132,"3226607,63724,1,SF,1,100,7.3083
3226581,63725,2,PI,1,100,149527,149518
3226581,63726,2,PR,1,100,113501,113507
3226581,63727,2,PG,1,100,9585,9581
3226607,63728,2,EA,1,100,0.239184,0.239241
3226607,63729,2,EL,1,100,-13794.400391,-13795.799805
3226533,63730,1,T1,1,100,36.134
3226548,63731,1,TH,1,100,35.018
3226607,63732,3,AX,1,100,0.754,0.804,0.745
3226607,63733,3,AY,1,100,0.549,0.587,0.554
3226607,63734,3,AZ,1,100,-0.259,-0.278,-0.271
3226607,63735,3,GX,1,100,0.549,0.793,1.465
"
2026-03-05T00:00:18.849Z,1772668818849,10.168.15.94,3132,"3226607,63736,3,GY,1,100,1.862,-4.608,3.326
3226607,63737,3,GZ,1,100,-2.899,-5.798,-3.510
3226607,63738,3,MX,1,100,66,66,66
3226607,63739,3,MY,1,100,28,30,30
3226607,63740,3,MZ,1,100,-9,-9,-9
"
2026-03-05T00:00:18.916Z,1772668818916,10.168.15.94,3132,"3226702,63741,4,EM,1,100,RS,RE,PS,MN
"
2026-03-05T00:00:18.952Z,1772668818952,10.168.15.94,3132,"3226702,63741,4,EM,1,100,RS,RE,PS,MN
3226661,63742,1,BI,1,100,1640
3226661,63743,1,HR,1,100,59.49
3226701,63744,3,PI,1,100,149531,149573,149563
3226701,63745,3,PR,1,100,113529,113541,113556
3226701,63746,3,PG,1,100,9584,9578,9599
3226673,63747,1,EA,1,100,0.239241
3226673,63748,1,EL,1,100,-13795.799805
3226667,63749,1,T1,1,100,36.164
3226681,63750,1,TH,1,100,34.945
3226687,63751,2,AX,1,100,0.747,0.773
3226687,63752,2,AY,1,100,0.578,0.594
3226687,63753,2,AZ,1,100,-0.284,-0.307
"
2026-03-05T00:00:18.953Z,1772668818953,10.168.15.94,3132,"3226687,63754,2,GX,1,100,1.038,0.824
3226687,63755,2,GY,1,100,2.502,-2.136
3226687,63756,2,GZ,1,100,1.953,3.082
3226687,63757,2,MX,1,100,66,65
3226687,63758,2,MY,1,100,29,29
3226687,63759,2,MZ,1,100,-8,-8
"
2026-03-05T00:00:19.054Z,1772668819054,10.168.15.94,3132,"3226781,63760,2,PI,1,100,149551,149490
3226781,63761,2,PR,1,100,113548,113516
3226781,63762,2,PG,1,100,9585,9570
3226807,63763,2,EA,1,100,0.239102,0.239078
3226807,63764,2,EL,1,100,-13792.400391,-13791.799805
3226800,63765,1,T1,1,100,36.142
3226815,63766,1,TH,1,100,34.945
3226808,63767,3,AX,1,100,0.761,0.750,0.774
3226808,63768,3,AY,1,100,0.623,0.574,0.592
3226808,63769,3,AZ,1,100,-0.271,-0.265,-0.278
3226808,63770,3,GX,1,100,-1.587,-0.092,4.211
3226808,63771,3,GY,1,100,1.007,5.005,3.540
"
2026-03-05T00:00:19.055Z,1772668819055,10.168.15.94,3132,"3226808,63772,3,GZ,1,100,-1.709,-3.357,-2.716
3226808,63773,3,MX,1,100,67,66,67
3226808,63774,3,MY,1,100,30,30,29
3226808,63775,3,MZ,1,100,-9,-8,-9
"
2026-03-05T00:00:19.118Z,1772668819118,10.168.15.94,3132,"3226903,63776,4,EM,1,100,RS,RE,PS,MN
"
2026-03-05T00:00:19.142Z,1772668819142,10.168.15.94,3132,"3226903,63776,4,EM,1,100,RS,RE,PS,MN
3226901,63777,3,PI,1,100,149455,149428,149396
3226901,63778,3,PR,1,100,113503,113485,113455
3226901,63779,3,PG,1,100,9542,9544,9516
3226873,63780,1,EA,1,100,0.239021
3226873,63781,1,EL,1,100,-13790.400391
3226887,63782,2,AX,1,100,0.758,0.772
3226887,63783,2,AY,1,100,0.559,0.568
3226887,63784,2,AZ,1,100,-0.262,-0.271
3226887,63785,2,GX,1,100,4.486,2.258
3226887,63786,2,GY,1,100,4.517,5.219
3226887,63787,2,GZ,1,100,-1.099,0.305
3226887,63788,2,MX,1,100,67,66
"
2026-03-05T00:00:19.144Z,1772668819144,10.168.15.94,3132,"3226887,63789,2,MY,1,100,29,29
3226887,63790,2,MZ,1,100,-8,-8
"
2026-03-05T00:00:19.255Z,1772668819255,10.168.15.94,3132,"3227007,63791,1,SF,1,100,7.2238
3226981,63792,2,PI,1,100,149352,149341
3226981,63793,2,PR,1,100,113439,113435
3226981,63794,2,PG,1,100,9519,9518
3227007,63795,2,EA,1,100,0.239037,0.239021
3227007,63796,2,EL,1,100,-13790.799805,-13790.400391
3226933,63797,1,T1,1,100,36.132
3226948,63798,1,TH,1,100,35.042
3227021,63799,3,AX,1,100,0.742,0.760,0.756
3227021,63800,3,AY,1,100,0.586,0.588,0.585
3227021,63801,3,AZ,1,100,-0.272,-0.282,-0.272
3227021,63802,3,GX,1,100,2.991,3.418,1.831
"
2026-03-05T00:00:19.256Z,1772668819256,10.168.15.94,3132,"3227021,63803,3,GY,1,100,4.303,2.930,1.129
3227021,63804,3,GZ,1,100,0.061,1.282,1.892
3227021,63805,3,MX,1,100,66,66,66
3227021,63806,3,MY,1,100,29,30,31
3227021,63807,3,MZ,1,100,-8,-8,-9
"
2026-03-05T00:00:19.316Z,1772668819316,10.168.15.94,3132,"3227104,63808,4,EM,1,100,RS,RE,PS,MN
"
2026-03-05T00:00:19.356Z,1772668819356,10.168.15.94,3132,"3227104,63808,4,EM,1,100,RS,RE,PS,MN
3227101,63809,3,PI,1,100,149318,149306,149305
3227101,63810,3,PR,1,100,113421,113399,113417
3227101,63811,3,PG,1,100,9511,9509,9504
3227073,63812,1,EA,1,100,0.239037
3227073,63813,1,EL,1,100,-13790.799805
3227067,63814,1,T1,1,100,36.305
3227081,63815,1,TH,1,100,35.042
3227101,63816,2,AX,1,100,0.769,0.777
3227101,63817,2,AY,1,100,0.580,0.584
3227101,63818,2,AZ,1,100,-0.257,-0.270
3227101,63819,2,GX,1,100,1.068,2.899
3227101,63820,2,GY,1,100,-0.732,-2.808
"
2026-03-05T00:00:19.357Z,1772668819357,10.168.15.94,3132,"3227101,63821,2,GZ,1,100,0.885,0.183
3227101,63822,2,MX,1,100,67,66
3227101,63823,2,MY,1,100,30,30
3227101,63824,2,MZ,1,100,-9,-9
"
2026-03-05T00:00:19.458Z,1772668819458,10.168.15.94,3132,"3227221,63825,3,PI,1,100,149313,149361,149331
3227221,63826,3,PR,1,100,113421,113419,113398
3227221,63827,3,PG,1,100,9515,9507,9519
3227207,63828,2,EA,1,100,0.239110,0.239094
3227207,63829,2,EL,1,100,-13792.599609,-13792.200195
3227200,63830,1,T1,1,100,36.203
3227215,63831,1,TH,1,100,34.962
3227221,63832,3,AX,1,100,0.727,0.767,0.779
3227221,63833,3,AY,1,100,0.585,0.534,0.623
3227221,63834,3,AZ,1,100,-0.276,-0.255,-0.294
3227221,63835,3,GX,1,100,1.862,-1.251,-1.495
"
2026-03-05T00:00:19.460Z,1772668819460,10.168.15.94,3132,"3227221,63836,3,GY,1,100,-2.075,-3.754,-6.805
3227221,63837,3,GZ,1,100,0.916,3.357,-0.427
3227221,63838,3,MX,1,100,66,66,65
3227221,63839,3,MY,1,100,30,29,30
3227221,63840,3,MZ,1,100,-10,-9,-9
"
2026-03-05T00:00:19.534Z,1772668819534,10.168.15.94,3132,"3227305,63841,4,EM,1,100,RS,RE,PS,MN
"
2026-03-05T00:00:19.552Z,1772668819552,10.168.15.94,3132,"3227305,63841,4,EM,1,100,RS,RE,PS,MN
3227273,63842,1,SF,1,100,7.1402
3227301,63843,2,PI,1,100,149308,149288
3227301,63844,2,PR,1,100,113371,113368
3227301,63845,2,PG,1,100,9528,9502
3227273,63846,1,EA,1,100,0.238971
3227273,63847,1,EL,1,100,-13789.200195
3227301,63848,2,AX,1,100,0.765,0.736
3227301,63849,2,AY,1,100,0.576,0.589
3227301,63850,2,AZ,1,100,-0.283,-0.279
3227301,63851,2,GX,1,100,-0.549,-3.784
3227301,63852,2,GY,1,100,-3.876,3.418
3227301,63853,2,GZ,1,100,-4.700,-1.068
"
2026-03-05T00:00:19.552Z,1772668819552,10.168.15.94,3132,"3227301,63854,2,MX,1,100,66,66
3227301,63855,2,MY,1,100,30,29
3227301,63856,2,MZ,1,100,-8,-10
"
2026-03-05T00:00:19.653Z,1772668819653,10.168.15.94,3132,"3227395,63857,2,PI,1,100,149283,149252
3227395,63858,2,PR,1,100,113351,113336
3227395,63859,2,PG,1,100,9507,9484
3227407,63860,2,EA,1,100,0.239119,0.239110
3227407,63861,2,EL,1,100,-13792.799805,-13792.599609
3227333,63862,1,T1,1,100,36.088
3227348,63863,1,TH,1,100,34.962
3227421,63864,3,AX,1,100,0.755,0.756,0.740
3227421,63865,3,AY,1,100,0.556,0.627,0.552
3227421,63866,3,AZ,1,100,-0.276,-0.304,-0.269
3227421,63867,3,GX,1,100,-3.754,-1.556,-1.953
3227421,63868,3,GY,1,100,-0.153,-4.639,-5.096
"
2026-03-05T00:00:19.654Z,1772668819654,10.168.15.94,3132,"3227421,63869,3,GZ,1,100,-0.061,2.075,1.526
3227421,63870,3,MX,1,100,66,66,67
3227421,63871,3,MY,1,100,30,30,29
3227421,63872,3,MZ,1,100,-9,-9,-8
"
2026-03-05T00:00:19.719Z,1772668819719,10.168.15.94,3132,"3227506,63873,4,EM,1,100,RS,RE,PS,MN
"
2026-03-05T00:00:19.753Z,1772668819753,10.168.15.94,3132,"3227506,63873,4,EM,1,100,RS,RE,PS,MN
3227515,63874,3,PI,1,100,149259,149269,149306
3227515,63875,3,PR,1,100,113353,113356,113369
3227515,63876,3,PG,1,100,9483,9472,9466
3227473,63877,1,EA,1,100,0.239037
3227473,63878,1,EL,1,100,-13790.799805
3227467,63879,1,T1,1,100,36.144
3227481,63880,1,TH,1,100,34.972
3227501,63881,2,AX,1,100,0.783,0.729
3227501,63882,2,AY,1,100,0.564,0.542
3227501,63883,2,AZ,1,100,-0.271,-0.234
3227501,63884,2,GX,1,100,-4.303,-2.808
3227501,63885,2,GY,1,100,-1.862,0.427
"
2026-03-05T00:00:19.754Z,1772668819754,10.168.15.94,3132,"3227501,63886,2,GZ,1,100,-1.495,-2.045
3227501,63887,2,MX,1,100,66,66
3227501,63888,2,MY,1,100,29,30
3227501,63889,2,MZ,1,100,-8,-9
"
2026-03-05T00:00:19.859Z,1772668819859,10.168.15.94,3132,"3227607,63890,1,SF,1,100,7.0576
3227595,63891,2,PI,1,100,149279,149312
3227595,63892,2,PR,1,100,113365,113392
3227595,63893,2,PG,1,100,9467,9475
3227607,63894,2,EA,1,100,0.239045,0.239004
3227607,63895,2,EL,1,100,-13791.000000,-13790.000000
3227600,63896,1,T1,1,100,36.204
3227615,63897,1,TH,1,100,34.972
3227621,63898,3,AX,1,100,0.832,0.784,0.720
3227621,63899,3,AY,1,100,0.685,0.603,0.550
3227621,63900,3,AZ,1,100,-0.312,-0.246,-0.241
3227621,63901,3,GX,1,100,-0.732,-2.991,-5.096
"
2026-03-05T00:00:19.859Z,1772668819859,10.168.15.94,3132,"3227621,63902,3,GY,1,100,3.571,-4.883,8.636
3227621,63903,3,GZ,1,100,4.303,-1.678,-4.791
3227621,63904,3,MX,1,100,67,66,66
3227621,63905,3,MY,1,100,29,29,29
3227621,63906,3,MZ,1,100,-7,-8,-7
"
2026-03-05T00:00:19.920Z,1772668819920,10.168.15.94,3132,"3227707,63907,4,EM,1,100,RS,RE,PS,MN
"
2026-03-05T00:00:19.958Z,1772668819958,10.168.15.94,3132,"3227707,63907,4,EM,1,100,RS,RE,PS,MN
3227635,63908,1,BI,1,100,960
3227635,63909,1,HR,1,100,60.16
3227715,63910,3,PI,1,100,149293,149274,149250
3227715,63911,3,PR,1,100,113379,113366,113345
3227715,63912,3,PG,1,100,9480,9479,9499
3227673,63913,1,EA,1,100,0.239037
3227673,63914,1,EL,1,100,-13790.799805
3227701,63915,2,AX,1,100,0.756,0.754
3227701,63916,2,AY,1,100,0.563,0.542
3227701,63917,2,AZ,1,100,-0.283,-0.252
3227701,63918,2,GX,1,100,2.197,1.892
3227701,63919,2,GY,1,100,5.554,-1.038
"
2026-03-05T00:00:19.983Z,1772668819983,10.168.15.94,3132,"3227701,63920,2,GZ,1,100,-0.092,1.892
3227701,63921,2,MX,1,100,67,68
3227701,63922,2,MY,1,100,30,28
3227701,63923,2,MZ,1,100,-9,-7
"
2026-03-05T00:00:20.056Z,1772668820056,10.168.15.94,3132,"3227795,63924,2,PI,1,100,149202,149192
3227795,63925,2,PR,1,100,113340,113304
3227795,63926,2,PG,1,100,9487,9488
3227807,63927,2,EA,1,100,0.238963,0.238922
3227807,63928,2,EL,1,100,-13789.000000,-13788.000000
3227733,63929,1,T1,1,100,36.195
3227748,63930,1,TH,1,100,35.020
3227821,63931,3,AX,1,100,0.807,0.759,0.802
3227821,63932,3,AY,1,100,0.591,0.586,0.650
3227821,63933,3,AZ,1,100,-0.262,-0.238,-0.271
3227821,63934,3,GX,1,100,3.204,1.984,1.953
3227821,63935,3,GY,1,100,3.296,3.632,2.136
"
2026-03-05T00:00:20.059Z,1772668820059,10.168.15.94,3132,"3227821,63936,3,GZ,1,100,-0.488,-4.364,-1.801
3227821,63937,3,MX,1,100,67,67,67
3227821,63938,3,MY,1,100,30,29,28
3227821,63939,3,MZ,1,100,-9,-7,-8
"
2026-03-05T00:00:20.121Z,1772668820121,10.168.15.94,3132,"3227908,63940,4,EM,1,100,RS,RE,PS,MN
"
2026-03-05T00:00:20.157Z,1772668820157,10.168.15.94,3132,"3227908,63940,4,EM,1,100,RS,RE,PS,MN
3227915,63941,3,PI,1,100,149128,149075,149064
3227915,63942,3,PR,1,100,113267,113253,113236
3227915,63943,3,PG,1,100,9490,9459,9453
3227873,63944,1,EA,1,100,0.238922
3227873,63945,1,EL,1,100,-13788.000000
3227866,63946,1,T1,1,100,36.155
3227881,63947,1,TH,1,100,35.020
3227901,63948,2,AX,1,100,0.748,0.722
3227901,63949,2,AY,1,100,0.568,0.577
3227901,63950,2,AZ,1,100,-0.254,-0.264
3227901,63951,2,GX,1,100,0.946,-0.549
3227901,63952,2,GY,1,100,4.242,2.625
"
2026-03-05T00:00:20.157Z,1772668820157,10.168.15.94,3132,"3227901,63953,2,GZ,1,100,-0.092,-0.061
3227901,63954,2,MX,1,100,67,66
3227901,63955,2,MY,1,100,30,30
3227901,63956,2,MZ,1,100,-9,-7
"
2026-03-05T00:00:20.264Z,1772668820264,10.168.15.94,3132,"3228007,63957,1,SF,1,100,6.9760
3227995,63958,2,PI,1,100,149019,148989
3227995,63959,2,PR,1,100,113212,113198
3227995,63960,2,PG,1,100,9462,9434
3228007,63961,2,EA,1,100,0.238971,0.238947
3228007,63962,2,EL,1,100,-13789.200195,-13788.599609
3228000,63963,1,T1,1,100,36.280
3228015,63964,1,TH,1,100,34.937
3228021,63965,3,AX,1,100,0.775,0.725,0.803
3228021,63966,3,AY,1,100,0.593,0.528,0.592
3228021,63967,3,AZ,1,100,-0.301,-0.228,-0.262
3228021,63968,3,GX,1,100,1.038,-2.991,0.671
"
2026-03-05T00:00:20.268Z,1772668820268,10.168.15.94,3132,"3228021,63969,3,GY,1,100,-1.038,-5.127,-4.669
3228021,63970,3,GZ,1,100,3.998,4.242,2.960
3228021,63971,3,MX,1,100,67,67,66
3228021,63972,3,MY,1,100,30,29,30
3228021,63973,3,MZ,1,100,-8,-8,-8
"
2026-03-05T00:00:20.323Z,1772668820323,10.168.15.94,3132,"3228109,63974,4,EM,1,100,RS,RE,PS,MN
"
2026-03-05T00:00:20.371Z,1772668820371,10.168.15.94,3132,"3228109,63974,4,EM,1,100,RS,RE,PS,MN
3228115,63975,3,PI,1,100,148986,149002,148993
3228115,63976,3,PR,1,100,113181,113182,113189
3228115,63977,3,PG,1,100,9418,9449,9435
3228073,63978,1,EA,1,100,0.238914
3228073,63979,1,EL,1,100,-13787.799805
3228101,63980,2,AX,1,100,0.811,0.739
3228101,63981,2,AY,1,100,0.593,0.601
3228101,63982,2,AZ,1,100,-0.239,-0.285
3228101,63983,2,GX,1,100,1.495,0.732
3228101,63984,2,GY,1,100,-8.240,6.531
3228101,63985,2,GZ,1,100,-3.326,-1.617
3228101,63986,2,MX,1,100,67,67
"
2026-03-05T00:00:20.371Z,1772668820371,10.168.15.94,3132,"3228101,63987,2,MY,1,100,30,29
3228101,63988,2,MZ,1,100,-8,-7
"
2026-03-05T00:00:20.466Z,1772668820466,10.168.15.94,3132,"3228235,63989,3,PI,1,100,149011,149025,148962
3228235,63990,3,PR,1,100,113193,113200,113161
3228235,63991,3,PG,1,100,9437,9454,9448
3228207,63992,2,EA,1,100,0.238849,0.238767
3228207,63993,2,EL,1,100,-13786.200195,-13784.200195
3228133,63994,1,T1,1,100,36.227
3228148,63995,1,TH,1,100,34.937
3228221,63996,3,AX,1,100,0.749,0.761,0.783
3228221,63997,3,AY,1,100,0.576,0.636,0.613
3228221,63998,3,AZ,1,100,-0.257,-0.256,-0.285
3228221,63999,3,GX,1,100,-1.251,-2.747,-1.556
"
2026-03-05T00:00:20.467Z,1772668820467,10.168.15.94,3132,"3228221,64000,3,GY,1,100,3.754,-1.648,0.610
3228221,64001,3,GZ,1,100,2.777,3.418,1.740
3228221,64002,3,MX,1,100,67,66,67
3228221,64003,3,MY,1,100,29,29,29
3228221,64004,3,MZ,1,100,-9,-7,-8
"
2026-03-05T00:00:20.523Z,1772668820523,10.168.15.94,3132,"3228310,64005,4,EM,1,100,RS,RE,PS,MN
"
2026-03-05T00:00:20.568Z,1772668820568,10.168.15.94,3132,"3228310,64005,4,EM,1,100,RS,RE,PS,MN
3228273,64006,1,SF,1,100,6.8953
3228315,64007,2,PI,1,100,148903,148898
3228315,64008,2,PR,1,100,113138,113115
3228315,64009,2,PG,1,100,9453,9458
3228273,64010,1,EA,1,100,0.238751
3228273,64011,1,EL,1,100,-13783.799805
3228266,64012,1,T1,1,100,36.134
3228281,64013,1,TH,1,100,34.960
3228301,64014,2,AX,1,100,0.771,0.749
3228301,64015,2,AY,1,100,0.570,0.553
3228301,64016,2,AZ,1,100,-0.255,-0.213
3228301,64017,2,GX,1,100,-5.768,-7.080
3228301,64018,2,GY,1,100,-2.106,6.653
"
2026-03-05T00:00:20.568Z,1772668820568,10.168.15.94,3132,"3228301,64019,2,GZ,1,100,-1.617,-1.801
3228301,64020,2,MX,1,100,67,67
3228301,64021,2,MY,1,100,30,30
3228301,64022,2,MZ,1,100,-8,-8
"
2026-03-05T00:00:20.671Z,1772668820671,10.168.15.94,3132,"3228435,64023,3,PI,1,100,148860,148874,148816
3228435,64024,3,PR,1,100,113092,113091,113057
3228435,64025,3,PG,1,100,9452,9474,9456
3228407,64026,2,EA,1,100,0.238743,0.238727
3228407,64027,2,EL,1,100,-13783.599609,-13783.200195
3228400,64028,1,T1,1,100,36.164
3228415,64029,1,TH,1,100,34.960
3228421,64030,3,AX,1,100,0.781,0.769,0.763
3228421,64031,3,AY,1,100,0.591,0.565,0.569
3228421,64032,3,AZ,1,100,-0.246,-0.264,-0.217
3228421,64033,3,GX,1,100,-1.862,-1.221,-5.005
"
2026-03-05T00:00:20.671Z,1772668820671,10.168.15.94,3132,"3228421,64034,3,GY,1,100,3.784,0.641,14.587
3228421,64035,3,GZ,1,100,-0.824,0.458,-0.885
3228421,64036,3,MX,1,100,67,66,66
3228421,64037,3,MY,1,100,30,29,30
3228421,64038,3,MZ,1,100,-8,-7,-7
"
2026-03-05T00:00:20.726Z,1772668820726,10.168.15.94,3132,"3228511,64039,4,EM,1,100,RS,RE,PS,MN
"
2026-03-05T00:00:20.769Z,1772668820769,10.168.15.94,3132,"3228511,64039,4,EM,1,100,RS,RE,PS,MN
3228515,64040,2,PI,1,100,148664,148539
3228515,64041,2,PR,1,100,112978,112899
3228515,64042,2,PG,1,100,9427,9427
3228473,64043,1,EA,1,100,0.238759
3228473,64044,1,EL,1,100,-13784.000000
3228533,64045,1,T1,1,100,36.284
3228501,64046,2,AX,1,100,0.749,0.789
3228501,64047,2,AY,1,100,0.582,0.582
3228501,64048,2,AZ,1,100,-0.217,-0.236
3228501,64049,2,GX,1,100,-2.838,2.380
3228501,64050,2,GY,1,100,20.782,9.460
3228501,64051,2,GZ,1,100,-0.885,0.458
"
2026-03-05T00:00:20.775Z,1772668820775,10.168.15.94,3132,"3228501,64052,2,MX,1,100,68,67
3228501,64053,2,MY,1,100,30,30
3228501,64054,2,MZ,1,100,-6,-6
"
2026-03-05T00:00:20.869Z,1772668820869,10.168.15.94,3132,"3228607,64055,1,SF,1,100,6.8155
3228635,64056,3,PI,1,100,148470,148364,148303
3228635,64057,3,PR,1,100,112853,112782,112736
3228635,64058,3,PG,1,100,9412,9392,9393
3228607,64059,2,EA,1,100,0.238743,0.238686
3228607,64060,2,EL,1,100,-13783.599609,-13782.200195
3228548,64061,1,TH,1,100,35.085
3228621,64062,3,AX,1,100,0.786,0.782,0.805
3228621,64063,3,AY,1,100,0.568,0.621,0.597
3228621,64064,3,AZ,1,100,-0.201,-0.192,-0.213
3228621,64065,3,GX,1,100,0.183,-1.007,1.282
3228621,64066,3,GY,1,100,-0.305,4.089,2.136
"
2026-03-05T00:00:20.873Z,1772668820873,10.168.15.94,3132,"3228621,64067,3,GZ,1,100,0.641,0.488,-0.916
3228621,64068,3,MX,1,100,67,67,67
3228621,64069,3,MY,1,100,31,30,30
3228621,64070,3,MZ,1,100,-7,-5,-5
"
2026-03-05T00:00:20.928Z,1772668820928,10.168.15.94,3132,"3228715,64071,4,EM,1,100,RS,RE,PS,MN
"
2026-03-05T00:00:20.969Z,1772668820969,10.168.15.94,3132,"3228715,64071,4,EM,1,100,RS,RE,PS,MN
3228715,64072,2,PI,1,100,148263,148217
3228715,64073,2,PR,1,100,112727,112692
3228715,64074,2,PG,1,100,9399,9394
3228740,64075,2,EA,1,100,0.238702,0.238678
3228740,64076,2,EL,1,100,-13782.599609,-13782.000000
3228666,64077,1,T1,1,100,36.229
3228681,64078,1,TH,1,100,35.085
3228741,64079,3,AX,1,100,0.759,0.763,0.750
3228741,64080,3,AY,1,100,0.581,0.593,0.583
3228741,64081,3,AZ,1,100,-0.216,-0.219,-0.196
3228741,64082,3,GX,1,100,3.082,2.838,0.885
"
2026-03-05T00:00:20.971Z,1772668820971,10.168.15.94,3132,"3228741,64083,3,GY,1,100,1.648,3.387,4.761
3228741,64084,3,GZ,1,100,-2.411,-3.082,-0.214
3228741,64085,3,MX,1,100,67,67,66
3228741,64086,3,MY,1,100,30,30,30
3228741,64087,3,MZ,1,100,-6,-6,-4
"
2026-03-05T00:00:21.076Z,1772668821076,10.168.15.94,3132,"3228835,64088,3,PI,1,100,148194,148176,148139
3228835,64089,3,PR,1,100,112672,112667,112626
3228835,64090,3,PG,1,100,9386,9390,9413
3228807,64091,1,EA,1,100,0.238629
3228807,64092,1,EL,1,100,-13780.799805
3228800,64093,1,T1,1,100,36.241
3228815,64094,1,TH,1,100,34.981
3228821,64095,2,AX,1,100,0.792,0.779
3228821,64096,2,AY,1,100,0.588,0.601
3228821,64097,2,AZ,1,100,-0.209,-0.216
3228821,64098,2,GX,1,100,-0.732,-0.061
3228821,64099,2,GY,1,100,5.188,4.883
3228821,64100,2,GZ,1,100,2.319,-0.305
"
2026-03-05T00:00:21.077Z,1772668821077,10.168.15.94,3132,"3228821,64101,2,MX,1,100,67,67
3228821,64102,2,MY,1,100,31,30
3228821,64103,2,MZ,1,100,-5,-5
"
2026-03-05T00:00:21.133Z,1772668821133,10.168.15.94,3132,"3228916,64104,4,EM,1,100,RS,RE,PS,MN
"
2026-03-05T00:00:21.179Z,1772668821179,10.168.15.94,3132,"3228916,64104,4,EM,1,100,RS,RE,PS,MN
3228940,64105,1,SF,1,100,6.7367
3228915,64106,2,PI,1,100,148074,148051
3228915,64107,2,PR,1,100,112598,112555
3228915,64108,2,PG,1,100,9396,9418
3228940,64109,2,EA,1,100,0.238645,0.238637
3228940,64110,2,EL,1,100,-13781.200195,-13781.000000
3228933,64111,1,T1,1,100,36.175
3228948,64112,1,TH,1,100,34.981
3228941,64113,3,AX,1,100,0.764,0.761,0.801
3228941,64114,3,AY,1,100,0.573,0.591,0.579
3228941,64115,3,AZ,1,100,-0.194,-0.202,-0.191
"
2026-03-05T00:00:21.183Z,1772668821183,10.168.15.94,3132,"3228941,64116,3,GX,1,100,0.549,2.045,1.312
3228941,64117,3,GY,1,100,10.254,8.514,-5.554
3228941,64118,3,GZ,1,100,-1.434,2.167,0.641
3228941,64119,3,MX,1,100,67,67,67
3228941,64120,3,MY,1,100,31,30,31
3228941,64121,3,MZ,1,100,-5,-4,-4
"
2026-03-05T00:00:21.279Z,1772668821279,10.168.15.94,3132,"3229035,64122,3,PI,1,100,148030,148028,148116
3229035,64123,3,PR,1,100,112543,112550,112574
3229035,64124,3,PG,1,100,9428,9432,9424
3229007,64125,1,EA,1,100,0.238645
3229007,64126,1,EL,1,100,-13781.200195
3229021,64127,2,AX,1,100,0.759,0.764
3229021,64128,2,AY,1,100,0.586,0.596
3229021,64129,2,AZ,1,100,-0.193,-0.213
3229021,64130,2,GX,1,100,0.580,2.045
3229021,64131,2,GY,1,100,-9.399,-16.663
3229021,64132,2,GZ,1,100,-3.326,-3.693
3229021,64133,2,MX,1,100,66,67
3229021,64134,2,MY,1,100,30,30
"
2026-03-05T00:00:21.279Z,1772668821279,10.168.15.94,3132,"3229021,64135,2,MZ,1,100,-4,-5
"
2026-03-05T00:00:21.335Z,1772668821335,10.168.15.94,3132,"3229117,64136,4,EM,1,100,RS,RE,PS,MN
"
2026-03-05T00:00:21.377Z,1772668821377,10.168.15.94,3132,"3229117,64136,4,EM,1,100,RS,RE,PS,MN
3229115,64137,1,BI,1,100,1480
3229115,64138,1,HR,1,100,55.80
3229115,64139,2,PI,1,100,148278,148463
3229115,64140,2,PR,1,100,112679,112777
3229115,64141,2,PG,1,100,9422,9446
3229140,64142,2,EA,1,100,0.238670,0.238645
3229140,64143,2,EL,1,100,-13781.799805,-13781.200195
3229066,64144,1,T1,1,100,36.182
3229081,64145,1,TH,1,100,34.967
3229141,64146,3,AX,1,100,0.722,0.729,0.752
3229141,64147,3,AY,1,100,0.581,0.594,0.601
3229141,64148,3,AZ,1,100,-0.253,-0.265,-0.313
"
2026-03-05T00:00:21.380Z,1772668821380,10.168.15.94,3132,"3229141,64149,3,GX,1,100,4.028,6.348,10.681
3229141,64150,3,GY,1,100,-35.339,-47.455,-59.814
3229141,64151,3,GZ,1,100,-0.641,2.594,4.639
3229141,64152,3,MX,1,100,67,66,66
3229141,64153,3,MY,1,100,32,29,28
3229141,64154,3,MZ,1,100,-7,-9,-10
"
2026-03-05T00:00:21.491Z,1772668821491,10.168.15.94,3132,"3229235,64155,3,PI,1,100,148725,148988,149251
3229235,64156,3,PR,1,100,112930,113087,113257
3229235,64157,3,PG,1,100,9459,9518,9560
3229207,64158,1,EA,1,100,0.238751
3229207,64159,1,EL,1,100,-13783.799805
3229200,64160,1,T1,1,100,36.221
3229215,64161,1,TH,1,100,34.967
3229221,64162,2,AX,1,100,0.752,0.753
3229221,64163,2,AY,1,100,0.569,0.582
3229221,64164,2,AZ,1,100,-0.342,-0.352
3229221,64165,2,GX,1,100,17.395,15.411
3229221,64166,2,GY,1,100,-50.293,-35.156
3229221,64167,2,GZ,1,100,5.615,3.601
"
2026-03-05T00:00:21.491Z,1772668821491,10.168.15.94,3132,"3229221,64168,2,MX,1,100,66,65
3229221,64169,2,MY,1,100,27,27
3229221,64170,2,MZ,1,100,-13,-13
"
2026-03-05T00:00:21.530Z,1772668821530,10.168.15.94,3132,"3229318,64171,4,EM,1,100,RS,RE,PS,MN
"
2026-03-05T00:00:21.579Z,1772668821579,10.168.15.94,3132,"3229318,64171,4,EM,1,100,RS,RE,PS,MN
3229340,64172,1,SF,1,100,6.6587
3229315,64173,2,PI,1,100,149430,149601
3229315,64174,2,PR,1,100,113395,113534
3229315,64175,2,PG,1,100,9581,9606
3229340,64176,2,EA,1,100,0.238727,0.238393
3229340,64177,2,EL,1,100,-13783.200195,-13775.000000
3229333,64178,1,T1,1,100,36.202
3229348,64179,1,TH,1,100,34.957
3229341,64180,3,AX,1,100,0.737,0.753,0.710
3229341,64181,3,AY,1,100,0.549,0.558,0.571
3229341,64182,3,AZ,1,100,-0.381,-0.423,-0.312
"
2026-03-05T00:00:21.581Z,1772668821581,10.168.15.94,3132,"3229341,64183,3,GX,1,100,11.719,7.141,-2.869
3229341,64184,3,GY,1,100,-18.921,-12.238,2.533
3229341,64185,3,GZ,1,100,2.289,3.387,0.732
3229341,64186,3,MX,1,100,65,65,66
3229341,64187,3,MY,1,100,28,27,27
3229341,64188,3,MZ,1,100,-13,-15,-14
"
2026-03-05T00:00:21.686Z,1772668821686,10.168.15.94,3132,"3229448,64189,3,PI,1,100,149685,149713,149736
3229448,64190,3,PR,1,100,113604,113639,113678
3229448,64191,3,PG,1,100,9640,9662,9689
3229406,64192,1,EA,1,100,0.238141
3229406,64193,1,EL,1,100,-13768.799805
3229421,64194,2,AX,1,100,0.766,0.701
3229421,64195,2,AY,1,100,0.580,0.579
3229421,64196,2,AZ,1,100,-0.400,-0.380
3229421,64197,2,GX,1,100,0.122,6.683
3229421,64198,2,GY,1,100,4.974,-1.160
3229421,64199,2,GZ,1,100,-3.113,-5.676
3229421,64200,2,MX,1,100,65,65
3229421,64201,2,MY,1,100,27,25
"
2026-03-05T00:00:21.686Z,1772668821686,10.168.15.94,3132,"3229421,64202,2,MZ,1,100,-13,-14
"
2026-03-05T00:00:21.734Z,1772668821734,10.168.15.94,3132,"3229520,64203,4,EM,1,100,RS,RE,PS,MN
"
2026-03-05T00:00:21.781Z,1772668821781,10.168.15.94,3132,"3229520,64203,4,EM,1,100,RS,RE,PS,MN
3229528,64204,2,PI,1,100,149821,149913
3229528,64205,2,PR,1,100,113706,113775
3229528,64206,2,PG,1,100,9712,9738
3229540,64207,2,EA,1,100,0.238303,0.238328
3229540,64208,2,EL,1,100,-13772.799805,-13773.400391
3229466,64209,1,T1,1,100,36.087
3229481,64210,1,TH,1,100,34.957
3229541,64211,3,AX,1,100,0.709,0.742,0.690
3229541,64212,3,AY,1,100,0.566,0.586,0.573
3229541,64213,3,AZ,1,100,-0.378,-0.383,-0.368
3229541,64214,3,GX,1,100,2.838,2.411,-0.763
"
2026-03-05T00:00:21.788Z,1772668821788,10.168.15.94,3132,"3229541,64215,3,GY,1,100,1.678,-2.686,5.798
3229541,64216,3,GZ,1,100,-5.249,-2.197,-2.167
3229541,64217,3,MX,1,100,66,66,66
3229541,64218,3,MY,1,100,27,26,26
3229541,64219,3,MZ,1,100,-15,-14,-14
"
2026-03-05T00:00:21.883Z,1772668821883,10.168.15.94,3132,"3229606,64220,1,SF,1,100,6.5817
3229648,64221,3,PI,1,100,149956,149964,149966
3229648,64222,3,PR,1,100,113829,113827,113825
3229648,64223,3,PG,1,100,9763,9768,9768
3229606,64224,1,EA,1,100,0.238344
3229606,64225,1,EL,1,100,-13773.799805
3229600,64226,1,T1,1,100,36.144
3229614,64227,1,TH,1,100,34.940
3229621,64228,2,AX,1,100,0.699,0.698
3229621,64229,2,AY,1,100,0.552,0.490
3229621,64230,2,AZ,1,100,-0.372,-0.345
3229621,64231,2,GX,1,100,-3.387,-1.648
3229621,64232,2,GY,1,100,4.822,-2.838
"
2026-03-05T00:00:21.883Z,1772668821883,10.168.15.94,3132,"3229621,64233,2,GZ,1,100,0.244,2.411
3229621,64234,2,MX,1,100,64,66
3229621,64235,2,MY,1,100,25,27
3229621,64236,2,MZ,1,100,-14,-15
"
2026-03-05T00:00:21.932Z,1772668821932,10.168.15.94,3132,"3229721,64237,4,EM,1,100,RS,RE,PS,MN
"
2026-03-05T00:00:21.985Z,1772668821985,10.168.15.94,3132,"3229721,64237,4,EM,1,100,RS,RE,PS,MN
3229728,64238,2,PI,1,100,150001,150068
3229728,64239,2,PR,1,100,113863,113899
3229728,64240,2,PG,1,100,9763,9765
3229740,64241,2,EA,1,100,0.238417,0.238466
3229740,64242,2,EL,1,100,-13775.599609,-13776.799805
3229733,64243,1,T1,1,100,36.204
3229748,64244,1,TH,1,100,34.940
3229741,64245,3,AX,1,100,0.762,0.764,0.708
3229741,64246,3,AY,1,100,0.607,0.584,0.573
3229741,64247,3,AZ,1,100,-0.395,-0.391,-0.377
3229741,64248,3,GX,1,100,6.683,8.759,3.632
"
2026-03-05T00:00:21.986Z,1772668821986,10.168.15.94,3132,"3229741,64249,3,GY,1,100,-8.881,-8.392,-0.183
3229741,64250,3,GZ,1,100,2.533,-4.700,-6.866
3229741,64251,3,MX,1,100,66,65,66
3229741,64252,3,MY,1,100,27,27,26
3229741,64253,3,MZ,1,100,-14,-14,-15
"
2026-03-05T00:00:22.082Z,1772668822082,10.168.15.94,3132,"3229848,64254,3,PI,1,100,150099,150108,150137
3229848,64255,3,PR,1,100,113942,113953,113977
3229848,64256,3,PG,1,100,9779,9796,9814
3229806,64257,1,EA,1,100,0.238572
3229806,64258,1,EL,1,100,-13779.400391
3229820,64259,2,AX,1,100,0.705,0.699
3229820,64260,2,AY,1,100,0.537,0.549
3229820,64261,2,AZ,1,100,-0.390,-0.368
3229820,64262,2,GX,1,100,2.441,-0.580
3229820,64263,2,GY,1,100,0.641,3.510
3229820,64264,2,GZ,1,100,-1.709,0.458
3229820,64265,2,MX,1,100,66,66
3229820,64266,2,MY,1,100,25,25
"
2026-03-05T00:00:22.085Z,1772668822085,10.168.15.94,3132,"3229820,64267,2,MZ,1,100,-15,-14
"
2026-03-05T00:00:22.134Z,1772668822134,10.168.15.94,3132,"3229922,64268,4,EM,1,100,RS,RE,PS,MN
"
2026-03-05T00:00:22.191Z,1772668822191,10.168.15.94,3132,"3229922,64268,4,EM,1,100,RS,RE,PS,MN
3229940,64269,1,SF,1,100,6.5056
3229928,64270,2,PI,1,100,150141,150169
3229928,64271,2,PR,1,100,113977,114002
3229928,64272,2,PG,1,100,9813,9821
3229940,64273,2,EA,1,100,0.238613,0.238442
3229940,64274,2,EL,1,100,-13780.400391,-13776.200195
3229866,64275,1,T1,1,100,36.230
3229881,64276,1,TH,1,100,34.945
3229941,64277,3,AX,1,100,0.681,0.734,0.719
3229941,64278,3,AY,1,100,0.551,0.580,0.585
3229941,64279,3,AZ,1,100,-0.386,-0.418,-0.385
"
2026-03-05T00:00:22.191Z,1772668822191,10.168.15.94,3132,"3229941,64280,3,GX,1,100,-0.122,6.897,2.625
3229941,64281,3,GY,1,100,2.411,-9.888,-4.822
3229941,64282,3,GZ,1,100,0.793,4.242,-1.251
3229941,64283,3,MX,1,100,65,65,66
3229941,64284,3,MY,1,100,27,25,25
3229941,64285,3,MZ,1,100,-15,-14,-15
"
2026-03-05T00:00:22.290Z,1772668822290,10.168.15.94,3132,"3230048,64286,3,PI,1,100,150220,150253,150272
3230048,64287,3,PR,1,100,114032,114076,114092
3230048,64288,3,PG,1,100,9833,9864,9854
3230006,64289,1,EA,1,100,0.238499
3230006,64290,1,EL,1,100,-13777.599609
3230000,64291,1,T1,1,100,36.135
3230014,64292,1,TH,1,100,34.945
3230061,64293,3,AX,1,100,0.717,0.699,0.673
3230061,64294,3,AY,1,100,0.576,0.561,0.553
3230061,64295,3,AZ,1,100,-0.412,-0.387,-0.412
3230061,64296,3,GX,1,100,0.732,1.556,0.366
3230061,64297,3,GY,1,100,1.465,0.092,5.341
"
2026-03-05T00:00:22.290Z,1772668822290,10.168.15.94,3132,"3230061,64298,3,GZ,1,100,-3.418,0.000,1.068
3230061,64299,3,MX,1,100,65,65,65
3230061,64300,3,MY,1,100,25,25,27
3230061,64301,3,MZ,1,100,-16,-14,-14
"
2026-03-05T00:00:22.339Z,1772668822339,10.168.15.94,3132,"3230123,64302,4,EM,1,100,RS,RE,PS,MN
"
2026-03-05T00:00:22.395Z,1772668822395,10.168.15.94,3132,"3230123,64302,4,EM,1,100,RS,RE,PS,MN
3230128,64303,2,PI,1,100,150269,150320
3230128,64304,2,PR,1,100,114100,114133
3230128,64305,2,PG,1,100,9876,9897
3230140,64306,2,EA,1,100,0.238393,0.238490
3230140,64307,2,EL,1,100,-13775.000000,-13777.400391
3230133,64308,1,T1,1,100,36.236
3230148,64309,1,TH,1,100,35.066
3230141,64310,2,AX,1,100,0.722,0.711
3230141,64311,2,AY,1,100,0.579,0.565
3230141,64312,2,AZ,1,100,-0.413,-0.406
3230141,64313,2,GX,1,100,1.862,-2.777
3230141,64314,2,GY,1,100,-2.991,-1.556
"
2026-03-05T00:00:22.395Z,1772668822395,10.168.15.94,3132,"3230141,64315,2,GZ,1,100,2.563,-0.305
3230141,64316,2,MX,1,100,64,66
3230141,64317,2,MY,1,100,27,25
3230141,64318,2,MZ,1,100,-15,-14
"
2026-03-05T00:00:22.490Z,1772668822490,10.168.15.94,3132,"3230248,64319,3,PI,1,100,150357,150349,150326
3230248,64320,3,PR,1,100,114147,114129,114134
3230248,64321,3,PG,1,100,9919,9913,9908
3230206,64322,1,EA,1,100,0.238401
3230206,64323,1,EL,1,100,-13775.200195
3230260,64324,3,AX,1,100,0.719,0.729,0.721
3230260,64325,3,AY,1,100,0.579,0.564,0.608
3230260,64326,3,AZ,1,100,-0.381,-0.380,-0.378
3230260,64327,3,GX,1,100,-6.195,-2.106,-2.716
3230260,64328,3,GY,1,100,3.571,6.561,14.709
3230260,64329,3,GZ,1,100,-3.998,-3.723,-3.754
3230260,64330,3,MX,1,100,65,65,65
"
2026-03-05T00:00:22.512Z,1772668822512,10.168.15.94,3132,"3230260,64331,3,MY,1,100,25,26,27
3230260,64332,3,MZ,1,100,-15,-15,-13
"
2026-03-05T00:00:22.543Z,1772668822543,10.168.15.94,3132,"3230324,64333,4,EM,1,100,RS,RE,PS,MN
"
2026-03-05T00:00:22.591Z,1772668822591,10.168.15.94,3132,"3230324,64333,4,EM,1,100,RS,RE,PS,MN
3230340,64334,1,SF,1,100,6.4303
3230328,64335,2,PI,1,100,150295,150257
3230328,64336,2,PR,1,100,114120,114109
3230328,64337,2,PG,1,100,9904,9905
3230340,64338,2,EA,1,100,0.238458,0.238507
3230340,64339,2,EL,1,100,-13776.599609,-13777.799805
3230266,64340,1,T1,1,100,36.208
3230281,64341,1,TH,1,100,35.066
3230340,64342,2,AX,1,100,0.733,0.710
3230340,64343,2,AY,1,100,0.575,0.557
3230340,64344,2,AZ,1,100,-0.374,-0.338
3230340,64345,2,GX,1,100,-6.195,-6.683
"
2026-03-05T00:00:22.594Z,1772668822594,10.168.15.94,3132,"3230340,64346,2,GY,1,100,11.444,13.245
3230340,64347,2,GZ,1,100,-2.655,-0.458
3230340,64348,2,MX,1,100,65,67
3230340,64349,2,MY,1,100,26,26
3230340,64350,2,MZ,1,100,-14,-14
"
2026-03-05T00:00:22.692Z,1772668822692,10.168.15.94,3132,"3230448,64351,3,PI,1,100,150247,150229,150244
3230448,64352,3,PR,1,100,114087,114072,114076
3230448,64353,3,PG,1,100,9890,9894,9903
3230406,64354,1,EA,1,100,0.238450
3230406,64355,1,EL,1,100,-13776.400391
3230400,64356,1,T1,1,100,36.197
3230414,64357,1,TH,1,100,34.898
3230460,64358,3,AX,1,100,0.694,0.740,0.711
3230460,64359,3,AY,1,100,0.568,0.606,0.566
3230460,64360,3,AZ,1,100,-0.355,-0.361,-0.361
3230460,64361,3,GX,1,100,-4.608,1.068,6.622
3230460,64362,3,GY,1,100,7.080,-4.913,-2.533
"
2026-03-05T00:00:22.693Z,1772668822693,10.168.15.94,3132,"3230460,64363,3,GZ,1,100,2.686,5.646,2.289
3230460,64364,3,MX,1,100,67,65,65
3230460,64365,3,MY,1,100,27,28,27
3230460,64366,3,MZ,1,100,-13,-13,-13
"
2026-03-05T00:00:22.739Z,1772668822739,10.168.15.94,3132,"3230525,64367,4,EM,1,100,RS,RE,PS,MN
"
2026-03-05T00:00:22.794Z,1772668822794,10.168.15.94,3132,"3230525,64367,4,EM,1,100,RS,RE,PS,MN
3230528,64368,2,PI,1,100,150266,150254
3230528,64369,2,PR,1,100,114065,114064
3230528,64370,2,PG,1,100,9908,9902
3230540,64371,2,EA,1,100,0.238515,0.238686
3230540,64372,2,EL,1,100,-13778.000000,-13782.200195
3230533,64373,1,T1,1,100,36.227
3230548,64374,1,TH,1,100,34.898
3230540,64375,2,AX,1,100,0.723,0.770
3230540,64376,2,AY,1,100,0.564,0.603
3230540,64377,2,AZ,1,100,-0.365,-0.372
3230540,64378,2,GX,1,100,3.357,-0.977
3230540,64379,2,GY,1,100,1.373,2.319
"
2026-03-05T00:00:22.802Z,1772668822802,10.168.15.94,3132,"3230540,64380,2,GZ,1,100,-2.045,-3.235
3230540,64381,2,MX,1,100,67,66
3230540,64382,2,MY,1,100,27,27
3230540,64383,2,MZ,1,100,-13,-14
"
2026-03-05T00:00:22.903Z,1772668822903,10.168.15.94,3132,"3230606,64384,1,SF,1,100,6.3559
3230648,64385,3,PI,1,100,150252,150261,150231
3230648,64386,3,PR,1,100,114059,114038,114023
3230648,64387,3,PG,1,100,9906,9911,9913
3230606,64388,1,EA,1,100,0.238670
3230606,64389,1,EL,1,100,-13781.799805
3230666,64390,1,T1,1,100,36.311
3230660,64391,3,AX,1,100,0.692,0.721,0.725
3230660,64392,3,AY,1,100,0.564,0.571,0.559
3230660,64393,3,AZ,1,100,-0.344,-0.357,-0.386
3230660,64394,3,GX,1,100,-0.702,-0.977,-0.214
3230660,64395,3,GY,1,100,4.730,6.378,-2.167
"
2026-03-05T00:00:22.904Z,1772668822904,10.168.15.94,3132,"3230660,64396,3,GZ,1,100,-1.465,0.519,0.641
3230660,64397,3,MX,1,100,67,66,65
3230660,64398,3,MY,1,100,26,27,27
3230660,64399,3,MZ,1,100,-13,-14,-13
"
2026-03-05T00:00:22.914Z,1772668822914,10.168.15.94,3132,"3230702,64400,2,RD,1,100,TL,TU
"
2026-03-05T00:00:23.021Z,1772668823021,10.168.15.94,3132,"3230805,64401,4,EM,1,100,RS,RE,PS,MN
"
2026-03-05T00:00:23.048Z,1772668823048,10.168.15.94,3132,"3230702,64400,2,RD,1,100,TL,TU
3230805,64401,4,EM,1,100,RS,RE,PS,MN
3230808,64402,4,PI,1,100,150232,150251,150241,150252
3230808,64403,4,PR,1,100,114011,114014,113994,113991
3230808,64404,4,PG,1,100,9908,9928,9938,9928
3230806,64405,3,EA,1,100,0.238604,0.238629,0.238572
3230806,64406,3,EL,1,100,-13780.200195,-13780.799805,-13779.400391
3230799,64407,1,T1,1,100,36.205
3230814,64408,2,TH,1,100,34.932,34.932
3230780,64409,3,AX,1,100,0.728,0.743,0.712
3230780,64410,3,AY,1,100,0.590,0.583,0.575
"
2026-03-05T00:00:23.057Z,1772668823057,10.168.15.94,3132,"3230780,64411,3,AZ,1,100,-0.323,-0.340,-0.352
3230780,64412,3,GX,1,100,-2.350,-1.221,1.923
3230780,64413,3,GY,1,100,3.998,3.754,-1.770
3230780,64414,3,GZ,1,100,-0.183,-0.702,1.556
3230780,64415,3,MX,1,100,66,66,66
3230780,64416,3,MY,1,100,28,26,27
3230780,64417,3,MZ,1,100,-12,-13,-14
"
2026-03-05T00:00:23.161Z,1772668823161,10.168.15.94,3132,"3230888,64418,2,PI,1,100,150220,150224
3230888,64419,2,PR,1,100,113978,113962
3230888,64420,2,PG,1,100,9934,9912
3230873,64421,1,EA,1,100,0.238604
3230873,64422,1,EL,1,100,-13780.200195
3230900,64423,3,AX,1,100,0.740,0.730,0.704
3230900,64424,3,AY,1,100,0.589,0.592,0.585
3230900,64425,3,AZ,1,100,-0.344,-0.376,-0.302
3230900,64426,3,GX,1,100,0.671,0.793,-3.357
3230900,64427,3,GY,1,100,0.977,0.183,1.160
3230900,64428,3,GZ,1,100,0.061,-0.580,0.793
3230900,64429,3,MX,1,100,65,65,66
"
2026-03-05T00:00:23.161Z,1772668823161,10.168.15.94,3132,"3230900,64430,3,MY,1,100,27,26,27
3230900,64431,3,MZ,1,100,-12,-12,-13
3230906,64432,1,BV,1,100,3.89
3230906,64433,1,B%,1,100,75
"
2026-03-05T00:00:23.222Z,1772668823222,10.168.15.94,3132,"3231009,64434,4,EM,1,100,RS,RE,PS,MN
"
2026-03-05T00:00:23.247Z,1772668823247,10.168.15.94,3132,"3231009,64434,4,EM,1,100,RS,RE,PS,MN
3231008,64435,1,BI,1,100,1880
3231008,64436,1,HR,1,100,50.49
3231006,64437,1,SF,1,100,6.2824
3231008,64438,3,PI,1,100,150227,150250,150351
3231008,64439,3,PR,1,100,113952,113952,114012
3231008,64440,3,PG,1,100,9909,9903,9908
3231006,64441,2,EA,1,100,0.238637,0.238596
3231006,64442,2,EL,1,100,-13781.000000,-13780.000000
3230933,64443,1,T1,1,100,36.160
3230948,64444,1,TH,1,100,34.962
3230980,64445,2,AX,1,100,0.716,0.740
3230980,64446,2,AY,1,100,0.579,0.602
"
2026-03-05T00:00:23.251Z,1772668823251,10.168.15.94,3132,"3230980,64447,2,AZ,1,100,-0.404,-0.370
3230980,64448,2,GX,1,100,-2.075,-0.092
3230980,64449,2,GY,1,100,-11.688,-21.606
3230980,64450,2,GZ,1,100,1.465,2.563
3230980,64451,2,MX,1,100,66,66
3230980,64452,2,MY,1,100,27,26
3230980,64453,2,MZ,1,100,-13,-12
"
2026-03-05T00:00:23.351Z,1772668823351,10.168.15.94,3132,"3231088,64454,2,PI,1,100,150417,150459
3231088,64455,2,PR,1,100,114069,114147
3231088,64456,2,PG,1,100,9912,9936
3231073,64457,1,EA,1,100,0.238637
3231073,64458,1,EL,1,100,-13781.000000
3231066,64459,1,T1,1,100,36.211
3231081,64460,1,TH,1,100,34.962
3231100,64461,3,AX,1,100,0.690,0.754,0.680
3231100,64462,3,AY,1,100,0.578,0.572,0.563
3231100,64463,3,AZ,1,100,-0.337,-0.360,-0.355
3231100,64464,3,GX,1,100,-8.179,-0.122,4.913
3231100,64465,3,GY,1,100,1.312,-14.191,-8.575
"
2026-03-05T00:00:23.351Z,1772668823351,10.168.15.94,3132,"3231100,64466,3,GZ,1,100,-2.350,-1.648,0.488
3231100,64467,3,MX,1,100,67,66,66
3231100,64468,3,MY,1,100,26,25,25
3231100,64469,3,MZ,1,100,-14,-12,-13
"
2026-03-05T00:00:23.430Z,1772668823430,10.168.15.94,3132,"3231210,64470,4,EM,1,100,RS,RE,PS,MN
"
2026-03-05T00:00:23.451Z,1772668823451,10.168.15.94,3132,"3231210,64470,4,EM,1,100,RS,RE,PS,MN
3231208,64471,3,PI,1,100,150534,150586,150646
3231208,64472,3,PR,1,100,114184,114245,114310
3231208,64473,3,PG,1,100,9934,9956,9964
3231206,64474,2,EA,1,100,0.238694,0.238776
3231206,64475,2,EL,1,100,-13782.400391,-13784.400391
3231199,64476,1,T1,1,100,36.162
3231214,64477,1,TH,1,100,34.993
3231221,64478,3,AX,1,100,0.702,0.715,0.674
3231221,64479,3,AY,1,100,0.574,0.557,0.544
3231221,64480,3,AZ,1,100,-0.393,-0.399,-0.406
3231221,64481,3,GX,1,100,6.409,8.362,8.087
"
2026-03-05T00:00:23.453Z,1772668823453,10.168.15.94,3132,"3231221,64482,3,GY,1,100,-4.761,-13.275,-9.613
3231221,64483,3,GZ,1,100,0.488,3.021,5.585
3231221,64484,3,MX,1,100,66,65,64
3231221,64485,3,MY,1,100,27,25,27
3231221,64486,3,MZ,1,100,-13,-15,-15
"
2026-03-05T00:00:23.543Z,1772668823543,10.168.15.94,3132,"3231273,64487,1,SF,1,100,6.2097
3231288,64488,2,PI,1,100,150695,150735
3231288,64489,2,PR,1,100,114337,114375
3231288,64490,2,PG,1,100,10006,10030
3231273,64491,1,EA,1,100,0.238710
3231273,64492,1,EL,1,100,-13782.799805
3231300,64493,2,AX,1,100,0.686,0.766
3231300,64494,2,AY,1,100,0.579,0.577
3231300,64495,2,AZ,1,100,-0.374,-0.414
3231300,64496,2,GX,1,100,4.761,9.155
3231300,64497,2,GY,1,100,-10.986,-14.862
3231300,64498,2,GZ,1,100,7.629,5.737
3231300,64499,2,MX,1,100,65,64
3231300,64500,2,MY,1,100,26,25
"
2026-03-05T00:00:23.545Z,1772668823545,10.168.15.94,3132,"3231300,64501,2,MZ,1,100,-16,-15
"
2026-03-05T00:00:23.623Z,1772668823623,10.168.15.94,3132,"3231411,64502,4,EM,1,100,RS,RE,PS,MN
"
2026-03-05T00:00:23.649Z,1772668823649,10.168.15.94,3132,"3231411,64502,4,EM,1,100,RS,RE,PS,MN
3231421,64503,3,PI,1,100,150805,150855,150854
3231421,64504,3,PR,1,100,114444,114485,114477
3231421,64505,3,PG,1,100,10045,10073,10067
3231406,64506,2,EA,1,100,0.238450,0.238328
3231406,64507,2,EL,1,100,-13776.400391,-13773.400391
3231333,64508,1,T1,1,100,36.283
3231348,64509,1,TH,1,100,34.993
3231421,64510,3,AX,1,100,0.751,0.724,0.750
3231421,64511,3,AY,1,100,0.545,0.553,0.562
3231421,64512,3,AZ,1,100,-0.418,-0.442,-0.454
3231421,64513,3,GX,1,100,13.855,8.057,2.167
"
2026-03-05T00:00:23.659Z,1772668823659,10.168.15.94,3132,"3231421,64514,3,GY,1,100,-9.766,-0.824,2.899
3231421,64515,3,GZ,1,100,-1.678,-0.366,1.953
3231421,64516,3,MX,1,100,65,63,64
3231421,64517,3,MY,1,100,25,26,25
3231421,64518,3,MZ,1,100,-16,-17,-16
"
2026-03-05T00:00:23.748Z,1772668823748,10.168.15.94,3132,"3231501,64519,2,PI,1,100,150852,150834
3231501,64520,2,PR,1,100,114518,114525
3231501,64521,2,PG,1,100,10100,10087
3231473,64522,1,EA,1,100,0.238409
3231473,64523,1,EL,1,100,-13775.400391
3231466,64524,1,T1,1,100,36.300
3231481,64525,1,TH,1,100,34.952
3231501,64526,2,AX,1,100,0.732,0.727
3231501,64527,2,AY,1,100,0.542,0.562
3231501,64528,2,AZ,1,100,-0.426,-0.435
3231501,64529,2,GX,1,100,3.815,4.395
3231501,64530,2,GY,1,100,0.732,8.026
3231501,64531,2,GZ,1,100,-3.296,-7.629
3231501,64532,2,MX,1,100,64,64
"
2026-03-05T00:00:23.748Z,1772668823748,10.168.15.94,3132,"3231501,64533,2,MY,1,100,24,25
3231501,64534,2,MZ,1,100,-16,-17
"
2026-03-05T00:00:23.837Z,1772668823837,10.168.15.94,3132,"3231616,64535,4,EM,1,100,RS,RE,PS,MN
"
2026-03-05T00:00:23.851Z,1772668823851,10.168.15.94,3132,"3231616,64535,4,EM,1,100,RS,RE,PS,MN
3231606,64536,1,SF,1,100,6.1379
3231621,64537,3,PI,1,100,150782,150696,150591
3231621,64538,3,PR,1,100,114492,114450,114405
3231621,64539,3,PG,1,100,10098,10090,10073
3231606,64540,2,EA,1,100,0.238531,0.238490
3231606,64541,2,EL,1,100,-13778.400391,-13777.400391
3231599,64542,1,T1,1,100,36.272
3231614,64543,1,TH,1,100,34.952
3231621,64544,3,AX,1,100,0.677,0.722,0.722
3231621,64545,3,AY,1,100,0.576,0.584,0.593
3231621,64546,3,AZ,1,100,-0.426,-0.392,-0.380
"
2026-03-05T00:00:23.852Z,1772668823852,10.168.15.94,3132,"3231621,64547,3,GX,1,100,-1.526,-8.270,-15.289
3231621,64548,3,GY,1,100,20.386,25.482,30.701
3231621,64549,3,GZ,1,100,-10.742,-7.874,-5.524
3231621,64550,3,MX,1,100,65,65,66
3231621,64551,3,MY,1,100,27,26,25
3231621,64552,3,MZ,1,100,-16,-15,-12
"
2026-03-05T00:00:23.948Z,1772668823948,10.168.15.94,3132,"3231701,64553,2,PI,1,100,150485,150380
3231701,64554,2,PR,1,100,114311,114231
3231701,64555,2,PG,1,100,10084,10053
3231673,64556,1,EA,1,100,0.238198
3231673,64557,1,EL,1,100,-13770.200195
3231701,64558,2,AX,1,100,0.688,0.708
3231701,64559,2,AY,1,100,0.595,0.578
3231701,64560,2,AZ,1,100,-0.340,-0.319
3231701,64561,2,GX,1,100,-21.210,-21.576
3231701,64562,2,GY,1,100,44.434,28.717
3231701,64563,2,GZ,1,100,-2.686,2.319
3231701,64564,2,MX,1,100,66,66
3231701,64565,2,MY,1,100,27,28
"
2026-03-05T00:00:23.953Z,1772668823953,10.168.15.94,3132,"3231701,64566,2,MZ,1,100,-13,-12
"
2026-03-05T00:00:24.038Z,1772668824038,10.168.15.94,3132,"3231817,64567,4,EM,1,100,RS,RE,PS,MN
"
2026-03-05T00:00:24.051Z,1772668824051,10.168.15.94,3132,"3231817,64567,4,EM,1,100,RS,RE,PS,MN
3231821,64568,3,PI,1,100,150341,150335,150265
3231821,64569,3,PR,1,100,114187,114127,114073
3231821,64570,3,PG,1,100,10039,10033,9999
3231806,64571,2,EA,1,100,0.238100,0.238092
3231806,64572,2,EL,1,100,-13767.799805,-13767.599609
3231733,64573,1,T1,1,100,36.188
3231748,64574,1,TH,1,100,34.965
3231821,64575,3,AX,1,100,0.743,0.754,0.761
3231821,64576,3,AY,1,100,0.583,0.602,0.590
3231821,64577,3,AZ,1,100,-0.287,-0.263,-0.261
3231821,64578,3,GX,1,100,-16.541,-13.306,-8.942
"
2026-03-05T00:00:24.053Z,1772668824053,10.168.15.94,3132,"3231821,64579,3,GY,1,100,14.313,15.594,10.223
3231821,64580,3,GZ,1,100,5.280,5.005,4.456
3231821,64581,3,MX,1,100,66,67,66
3231821,64582,3,MY,1,100,28,28,28
3231821,64583,3,MZ,1,100,-9,-9,-8
"
2026-03-05T00:00:24.150Z,1772668824150,10.168.15.94,3132,"3231901,64584,2,PI,1,100,150205,150101
3231901,64585,2,PR,1,100,113994,113914
3231901,64586,2,PG,1,100,9980,9981
3231873,64587,1,EA,1,100,0.238141
3231873,64588,1,EL,1,100,-13768.799805
3231866,64589,1,T1,1,100,36.117
3231881,64590,1,TH,1,100,34.965
3231901,64591,2,AX,1,100,0.751,0.801
3231901,64592,2,AY,1,100,0.576,0.567
3231901,64593,2,AZ,1,100,-0.244,-0.267
3231901,64594,2,GX,1,100,-9.521,-5.524
3231901,64595,2,GY,1,100,7.660,3.998
3231901,64596,2,GZ,1,100,3.510,3.113
3231901,64597,2,MX,1,100,67,67
"
2026-03-05T00:00:24.153Z,1772668824153,10.168.15.94,3132,"3231901,64598,2,MY,1,100,29,30
3231901,64599,2,MZ,1,100,-9,-7
"
2026-03-05T00:00:24.238Z,1772668824238,10.168.15.94,3132,"3232018,64600,4,EM,1,100,RS,RE,PS,MN
"
2026-03-05T00:00:24.254Z,1772668824254,10.168.15.94,3132,"3232018,64600,4,EM,1,100,RS,RE,PS,MN
3232006,64601,1,SF,1,100,6.0669
3232021,64602,3,PI,1,100,150049,150038,150006
3232021,64603,3,PR,1,100,113844,113832,113815
3232021,64604,3,PG,1,100,9972,9970,9954
3232006,64605,2,EA,1,100,0.238182,0.238336
3232006,64606,2,EL,1,100,-13769.799805,-13773.599609
3231999,64607,1,T1,1,100,36.157
3232014,64608,1,TH,1,100,34.998
3232021,64609,3,AX,1,100,0.758,0.791,0.737
3232021,64610,3,AY,1,100,0.595,0.567,0.568
3232021,64611,3,AZ,1,100,-0.277,-0.230,-0.240
"
2026-03-05T00:00:24.258Z,1772668824258,10.168.15.94,3132,"3232021,64612,3,GX,1,100,-1.678,-4.852,-1.007
3232021,64613,3,GY,1,100,-3.082,3.967,10.468
3232021,64614,3,GZ,1,100,2.472,-3.632,-6.866
3232021,64615,3,MX,1,100,67,67,67
3232021,64616,3,MY,1,100,30,30,28
3232021,64617,3,MZ,1,100,-8,-8,-8
"
2026-03-05T00:00:24.356Z,1772668824356,10.168.15.94,3132,"3232101,64618,2,PI,1,100,149906,149815
3232101,64619,2,PR,1,100,113746,113654
3232101,64620,2,PG,1,100,9940,9905
3232073,64621,1,EA,1,100,0.238409
3232073,64622,1,EL,1,100,-13775.400391
3232101,64623,2,AX,1,100,0.746,0.785
3232101,64624,2,AY,1,100,0.586,0.610
3232101,64625,2,AZ,1,100,-0.297,-0.244
3232101,64626,2,GX,1,100,3.387,-0.610
3232101,64627,2,GY,1,100,10.590,20.233
3232101,64628,2,GZ,1,100,-0.885,2.197
3232101,64629,2,MX,1,100,67,67
3232101,64630,2,MY,1,100,29,30
3232101,64631,2,MZ,1,100,-7,-5
"
2026-03-05T00:00:24.442Z,1772668824442,10.168.15.94,3132,"3232222,64632,4,EM,1,100,RS,RE,PS,MN
"
2026-03-05T00:00:24.460Z,1772668824460,10.168.15.94,3132,"3232222,64632,4,EM,1,100,RS,RE,PS,MN
3232221,64633,3,PI,1,100,149669,149481,149350
3232221,64634,3,PR,1,100,113535,113377,113332
3232221,64635,3,PG,1,100,9876,9863,9848
3232206,64636,2,EA,1,100,0.238393,0.238255
3232206,64637,2,EL,1,100,-13775.000000,-13771.599609
3232133,64638,1,T1,1,100,36.174
3232148,64639,1,TH,1,100,34.998
3232221,64640,3,AX,1,100,0.707,0.800,0.783
3232221,64641,3,AY,1,100,0.589,0.602,0.594
3232221,64642,3,AZ,1,100,-0.153,-0.205,-0.191
3232221,64643,3,GX,1,100,-14.832,-6.653,2.380
"
2026-03-05T00:00:24.463Z,1772668824463,10.168.15.94,3132,"3232221,64644,3,GY,1,100,39.429,7.751,-5.035
3232221,64645,3,GZ,1,100,0.122,-0.549,1.160
3232221,64646,3,MX,1,100,68,68,66
3232221,64647,3,MY,1,100,30,30,30
3232221,64648,3,MZ,1,100,-5,-4,-5
"
2026-03-05T00:00:24.566Z,1772668824566,10.168.15.94,3132,"3232273,64649,1,SF,1,100,5.9967
3232301,64650,2,PI,1,100,149261,149181
3232301,64651,2,PR,1,100,113256,113210
3232301,64652,2,PG,1,100,9828,9827
3232273,64653,1,EA,1,100,0.238222
3232273,64654,1,EL,1,100,-13770.799805
3232266,64655,1,T1,1,100,36.182
3232281,64656,1,TH,1,100,34.986
3232301,64657,2,AX,1,100,0.788,0.778
3232301,64658,2,AY,1,100,0.600,0.563
3232301,64659,2,AZ,1,100,-0.221,-0.178
3232301,64660,2,GX,1,100,3.326,0.549
3232301,64661,2,GY,1,100,6.836,15.656
3232301,64662,2,GZ,1,100,-0.519,-1.038
"
2026-03-05T00:00:24.567Z,1772668824567,10.168.15.94,3132,"3232301,64663,2,MX,1,100,67,67
3232301,64664,2,MY,1,100,30,31
3232301,64665,2,MZ,1,100,-5,-6
"
2026-03-05T00:00:24.638Z,1772668824638,10.168.15.94,3132,"3232423,64666,4,EM,1,100,RS,RE,PS,MN
"
2026-03-05T00:00:24.661Z,1772668824661,10.168.15.94,3132,"3232423,64666,4,EM,1,100,RS,RE,PS,MN
3232421,64667,3,PI,1,100,149166,149116,149009
3232421,64668,3,PR,1,100,113224,113270,113205
3232421,64669,3,PG,1,100,9801,9796,9763
3232406,64670,2,EA,1,100,0.238263,0.238303
3232406,64671,2,EL,1,100,-13771.799805,-13772.799805
3232399,64672,1,T1,1,100,36.220
3232414,64673,1,TH,1,100,34.986
3232421,64674,3,AX,1,100,0.724,0.749,0.784
3232421,64675,3,AY,1,100,0.621,0.586,0.615
3232421,64676,3,AZ,1,100,-0.106,-0.175,-0.206
3232421,64677,3,GX,1,100,-6.165,-2.441,1.648
"
2026-03-05T00:00:24.661Z,1772668824661,10.168.15.94,3132,"3232421,64678,3,GY,1,100,33.447,18.677,-18.768
3232421,64679,3,GZ,1,100,0.336,9.247,12.634
3232421,64680,3,MX,1,100,66,67,66
3232421,64681,3,MY,1,100,33,31,31
3232421,64682,3,MZ,1,100,-2,-3,-4
"
2026-03-05T00:00:24.774Z,1772668824774,10.168.15.94,3132,"3232501,64683,2,PI,1,100,148881,148803
3232501,64684,2,PR,1,100,113134,113050
3232501,64685,2,PG,1,100,9766,9755
3232473,64686,1,EA,1,100,0.238295
3232473,64687,1,EL,1,100,-13772.599609
3232533,64688,1,T1,1,100,36.166
3232501,64689,2,AX,1,100,0.783,0.814
3232501,64690,2,AY,1,100,0.572,0.544
3232501,64691,2,AZ,1,100,-0.195,-0.156
3232501,64692,2,GX,1,100,1.434,-0.549
3232501,64693,2,GY,1,100,-13.580,-11.658
3232501,64694,2,GZ,1,100,10.071,5.371
3232501,64695,2,MX,1,100,66,67
3232501,64696,2,MY,1,100,31,32
"
2026-03-05T00:00:24.775Z,1772668824775,10.168.15.94,3132,"3232501,64697,2,MZ,1,100,-4,-4
"
2026-03-05T00:00:24.840Z,1772668824840,10.168.15.94,3132,"3232624,64698,4,EM,1,100,RS,RE,PS,MN
"
2026-03-05T00:00:24.869Z,1772668824869,10.168.15.94,3132,"3232624,64698,4,EM,1,100,RS,RE,PS,MN
3232606,64699,1,SF,1,100,5.9273
3232621,64700,3,PI,1,100,148781,148769,148786
3232621,64701,3,PR,1,100,113041,113023,113043
3232621,64702,3,PG,1,100,9765,9754,9744
3232606,64703,2,EA,1,100,0.238377,0.238320
3232606,64704,2,EL,1,100,-13774.599609,-13773.200195
3232548,64705,1,TH,1,100,34.983
3232621,64706,3,AX,1,100,0.809,0.825,0.771
3232621,64707,3,AY,1,100,0.538,0.581,0.569
3232621,64708,3,AZ,1,100,-0.190,-0.210,-0.211
3232621,64709,3,GX,1,100,1.526,6.104,5.249
"
2026-03-05T00:00:24.869Z,1772668824869,10.168.15.94,3132,"3232621,64710,3,GY,1,100,-9.399,-4.059,-2.045
3232621,64711,3,GZ,1,100,3.357,7.172,5.371
3232621,64712,3,MX,1,100,66,66,65
3232621,64713,3,MY,1,100,32,31,31
3232621,64714,3,MZ,1,100,-4,-4,-5
"
2026-03-05T00:00:24.971Z,1772668824971,10.168.15.94,3132,"3232701,64715,2,PI,1,100,148807,148814
3232701,64716,2,PR,1,100,113049,113063
3232701,64717,2,PG,1,100,9721,9706
3232673,64718,1,EA,1,100,0.238247
3232673,64719,1,EL,1,100,-13771.400391
3232666,64720,1,T1,1,100,36.178
3232681,64721,1,TH,1,100,34.983
3232701,64722,2,AX,1,100,0.812,0.789
3232701,64723,2,AY,1,100,0.600,0.541
3232701,64724,2,AZ,1,100,-0.217,-0.175
3232701,64725,2,GX,1,100,-0.610,-13.580
3232701,64726,2,GY,1,100,2.594,2.502
3232701,64727,2,GZ,1,100,10.498,14.893
3232701,64728,2,MX,1,100,64,66
"
2026-03-05T00:00:24.971Z,1772668824971,10.168.15.94,3132,"3232701,64729,2,MY,1,100,32,33
3232701,64730,2,MZ,1,100,-4,-4
"
2026-03-05T00:00:25.042Z,1772668825042,10.168.15.94,3132,"3232825,64731,4,EM,1,100,RS,RE,PS,MN
"
2026-03-05T00:00:25.066Z,1772668825066,10.168.15.94,3132,"3232825,64731,4,EM,1,100,RS,RE,PS,MN
3232821,64732,3,PI,1,100,148844,148874,148874
3232821,64733,3,PR,1,100,113084,113128,113084
3232821,64734,3,PG,1,100,9688,9690,9676
3232806,64735,2,EA,1,100,0.238214,0.238238
3232806,64736,2,EL,1,100,-13770.599609,-13771.200195
3232799,64737,1,T1,1,100,36.219
3232814,64738,1,TH,1,100,34.937
3232821,64739,3,AX,1,100,0.782,0.823,0.792
3232821,64740,3,AY,1,100,0.539,0.586,0.530
3232821,64741,3,AZ,1,100,-0.167,-0.203,-0.228
3232821,64742,3,GX,1,100,-7.019,3.815,7.233
"
2026-03-05T00:00:25.068Z,1772668825068,10.168.15.94,3132,"3232821,64743,3,GY,1,100,-10.864,-22.980,-25.116
3232821,64744,3,GZ,1,100,7.843,3.265,-1.251
3232821,64745,3,MX,1,100,66,64,64
3232821,64746,3,MY,1,100,33,32,32
3232821,64747,3,MZ,1,100,-4,-5,-6
"
2026-03-05T00:00:25.182Z,1772668825182,10.168.15.94,3132,"3232901,64748,1,BI,1,100,1880
3232901,64749,1,HR,1,100,46.36
3232939,64750,1,SF,1,100,5.8588
3232941,64751,3,PI,1,100,148864,148919,149011
3232941,64752,3,PR,1,100,113068,113105,113177
3232941,64753,3,PG,1,100,9672,9678,9708
3232939,64754,2,EA,1,100,0.238360,0.238442
3232939,64755,2,EL,1,100,-13774.200195,-13776.200195
3232933,64756,1,T1,1,100,36.166
3232947,64757,1,TH,1,100,34.937
3232941,64758,3,AX,1,100,0.764,0.794,0.763
3232941,64759,3,AY,1,100,0.537,0.515,0.503
"
2026-03-05T00:00:25.183Z,1772668825183,10.168.15.94,3132,"3232941,64760,3,AZ,1,100,-0.240,-0.278,-0.314
3232941,64761,3,GX,1,100,7.874,11.536,17.914
3232941,64762,3,GY,1,100,-23.315,-29.633,-44.739
3232941,64763,3,GZ,1,100,-1.709,2.106,4.425
3232941,64764,3,MX,1,100,64,64,63
3232941,64765,3,MY,1,100,33,31,32
3232941,64766,3,MZ,1,100,-8,-9,-10
"
2026-03-05T00:00:25.239Z,1772668825239,10.168.15.94,3132,"3233026,64767,4,EM,1,100,RS,RE,PS,MN
"
2026-03-05T00:00:25.266Z,1772668825266,10.168.15.94,3132,"3233026,64767,4,EM,1,100,RS,RE,PS,MN
3233021,64768,2,PI,1,100,149142,149430
3233021,64769,2,PR,1,100,113299,113540
3233021,64770,2,PG,1,100,9710,9747
3233006,64771,1,EA,1,100,0.238336
3233006,64772,1,EL,1,100,-13773.599609
3233021,64773,2,AX,1,100,0.779,0.820
3233021,64774,2,AY,1,100,0.478,0.549
3233021,64775,2,AZ,1,100,-0.326,-0.365
3233021,64776,2,GX,1,100,19.470,19.867
3233021,64777,2,GY,1,100,-41.748,-36.163
3233021,64778,2,GZ,1,100,5.859,8.392
3233021,64779,2,MX,1,100,63,63
"
2026-03-05T00:00:25.268Z,1772668825268,10.168.15.94,3132,"3233021,64780,2,MY,1,100,31,30
3233021,64781,2,MZ,1,100,-12,-14
"
2026-03-05T00:00:25.375Z,1772668825375,10.168.15.94,3132,"3233141,64782,3,PI,1,100,149775,150152,150468
3233141,64783,3,PR,1,100,113842,114146,114424
3233141,64784,3,PG,1,100,9802,9845,9884
3233139,64785,2,EA,1,100,0.238263,0.238344
3233139,64786,2,EL,1,100,-13771.799805,-13773.799805
3233066,64787,1,T1,1,100,36.143
3233081,64788,1,TH,1,100,34.926
3233141,64789,3,AX,1,100,0.777,0.768,0.740
3233141,64790,3,AY,1,100,0.546,0.519,0.508
3233141,64791,3,AZ,1,100,-0.380,-0.399,-0.402
3233141,64792,3,GX,1,100,21.149,16.937,14.618
"
2026-03-05T00:00:25.375Z,1772668825375,10.168.15.94,3132,"3233141,64793,3,GY,1,100,-28.290,-19.226,-6.836
3233141,64794,3,GZ,1,100,-0.763,-5.005,-6.744
3233141,64795,3,MX,1,100,61,62,62
3233141,64796,3,MY,1,100,29,29,29
3233141,64797,3,MZ,1,100,-14,-15,-17
"
2026-03-05T00:00:25.442Z,1772668825442,10.168.15.94,3132,"3233227,64798,4,EM,1,100,RS,RE,PS,MN
"
2026-03-05T00:00:25.475Z,1772668825475,10.168.15.94,3132,"3233227,64798,4,EM,1,100,RS,RE,PS,MN
3233221,64799,2,PI,1,100,150675,150795
3233221,64800,2,PR,1,100,114624,114731
3233221,64801,2,PG,1,100,9910,9949
3233206,64802,1,EA,1,100,0.238588
3233206,64803,1,EL,1,100,-13779.799805
3233199,64804,1,T1,1,100,36.274
3233214,64805,1,TH,1,100,34.926
3233221,64806,2,AX,1,100,0.765,0.686
3233221,64807,2,AY,1,100,0.501,0.493
3233221,64808,2,AZ,1,100,-0.439,-0.418
3233221,64809,2,GX,1,100,11.993,5.341
3233221,64810,2,GY,1,100,-11.932,-5.920
"
2026-03-05T00:00:25.479Z,1772668825479,10.168.15.94,3132,"3233221,64811,2,GZ,1,100,-2.777,-1.312
3233221,64812,2,MX,1,100,61,62
3233221,64813,2,MY,1,100,28,27
3233221,64814,2,MZ,1,100,-17,-16
"
2026-03-05T00:00:25.581Z,1772668825581,10.168.15.94,3132,"3233339,64815,1,SF,1,100,5.7910
3233341,64816,3,PI,1,100,150882,150958,151032
3233341,64817,3,PR,1,100,114826,114911,114964
3233341,64818,3,PG,1,100,9973,9998,10043
3233339,64819,2,EA,1,100,0.238890,0.239545
3233339,64820,2,EL,1,100,-13787.200195,-13803.200195
3233333,64821,1,T1,1,100,36.225
3233347,64822,1,TH,1,100,35.021
3233341,64823,3,AX,1,100,0.783,0.709,0.756
3233341,64824,3,AY,1,100,0.517,0.523,0.517
3233341,64825,3,AZ,1,100,-0.436,-0.440,-0.433
3233341,64826,3,GX,1,100,3.754,1.831,-1.312
"
2026-03-05T00:00:25.582Z,1772668825582,10.168.15.94,3132,"3233341,64827,3,GY,1,100,-9.888,-5.981,-2.472
3233341,64828,3,GZ,1,100,-1.404,-3.021,-1.068
3233341,64829,3,MX,1,100,63,61,62
3233341,64830,3,MY,1,100,28,28,28
3233341,64831,3,MZ,1,100,-16,-16,-17
"
2026-03-05T00:00:25.640Z,1772668825640,10.168.15.94,3132,"3233428,64832,4,EM,1,100,RS,RE,PS,MN
"
2026-03-05T00:00:25.678Z,1772668825678,10.168.15.94,3132,"3233428,64832,4,EM,1,100,RS,RE,PS,MN
3233421,64833,2,PI,1,100,151065,151087
3233421,64834,2,PR,1,100,115010,115021
3233421,64835,2,PG,1,100,10080,10098
3233406,64836,1,EA,1,100,0.239824
3233406,64837,1,EL,1,100,-13810.000000
3233421,64838,2,AX,1,100,0.732,0.731
3233421,64839,2,AY,1,100,0.512,0.512
3233421,64840,2,AZ,1,100,-0.408,-0.433
3233421,64841,2,GX,1,100,-1.709,-1.221
3233421,64842,2,GY,1,100,-2.472,2.777
3233421,64843,2,GZ,1,100,-2.167,-3.448
3233421,64844,2,MX,1,100,62,62
"
2026-03-05T00:00:25.679Z,1772668825679,10.168.15.94,3132,"3233421,64845,2,MY,1,100,28,28
3233421,64846,2,MZ,1,100,-16,-18
"
2026-03-05T00:00:25.786Z,1772668825786,10.168.15.94,3132,"3233554,64847,3,PI,1,100,151071,151081,151050
3233554,64848,3,PR,1,100,115018,115021,115020
3233554,64849,3,PG,1,100,10129,10158,10185
3233539,64850,2,EA,1,100,0.239726,0.239734
3233539,64851,2,EL,1,100,-13807.599609,-13807.799805
3233466,64852,1,T1,1,100,36.239
3233481,64853,1,TH,1,100,35.021
3233540,64854,3,AX,1,100,0.728,0.747,0.706
3233540,64855,3,AY,1,100,0.507,0.516,0.521
3233540,64856,3,AZ,1,100,-0.418,-0.466,-0.407
3233540,64857,3,GX,1,100,1.862,1.312,-4.730
"
2026-03-05T00:00:25.787Z,1772668825787,10.168.15.94,3132,"3233540,64858,3,GY,1,100,-0.244,0.061,4.852
3233540,64859,3,GZ,1,100,-1.831,-2.319,-4.913
3233540,64860,3,MX,1,100,63,63,63
3233540,64861,3,MY,1,100,28,26,27
3233540,64862,3,MZ,1,100,-17,-17,-15
"
2026-03-05T00:00:25.842Z,1772668825842,10.168.15.94,3132,"3233629,64863,4,EM,1,100,RS,RE,PS,MN
"
2026-03-05T00:00:25.886Z,1772668825886,10.168.15.94,3132,"3233629,64863,4,EM,1,100,RS,RE,PS,MN
3233339,64864,1,SA,1,100,0.000189
3233339,64865,1,SR,1,100,0.200000
3233606,64866,1,SF,1,100,7.8063
3233634,64867,2,PI,1,100,150982,150929
3233634,64868,2,PR,1,100,114962,114922
3233634,64869,2,PG,1,100,10193,10203
3233606,64870,1,EA,1,100,0.239676
3233606,64871,1,EL,1,100,-13806.400391
3233599,64872,1,T1,1,100,36.245
3233614,64873,1,TH,1,100,34.937
3233620,64874,2,AX,1,100,0.762,0.745
3233620,64875,2,AY,1,100,0.501,0.552
3233620,64876,2,AZ,1,100,-0.396,-0.405
"
2026-03-05T00:00:25.889Z,1772668825889,10.168.15.94,3132,"3233620,64877,2,GX,1,100,-7.233,-5.859
3233620,64878,2,GY,1,100,4.822,12.177
3233620,64879,2,GZ,1,100,-4.700,-8.301
3233620,64880,2,MX,1,100,62,63
3233620,64881,2,MY,1,100,29,27
3233620,64882,2,MZ,1,100,-16,-16
"
2026-03-05T00:00:25.987Z,1772668825987,10.168.15.94,3132,"3233754,64883,3,PI,1,100,150839,150762,150639
3233754,64884,3,PR,1,100,114870,114802,114725
3233754,64885,3,PG,1,100,10222,10208,10194
3233739,64886,2,EA,1,100,0.239676,0.239487
3233739,64887,2,EL,1,100,-13806.400391,-13801.799805
3233733,64888,1,T1,1,100,36.142
3233747,64889,1,TH,1,100,34.937
3233740,64890,3,AX,1,100,0.755,0.781,0.718
3233740,64891,3,AY,1,100,0.530,0.543,0.580
3233740,64892,3,AZ,1,100,-0.389,-0.414,-0.411
3233740,64893,3,GX,1,100,-1.587,-0.488,-3.387
"
2026-03-05T00:00:25.987Z,1772668825987,10.168.15.94,3132,"3233740,64894,3,GY,1,100,14.893,11.993,27.588
3233740,64895,3,GZ,1,100,-11.627,-11.780,-20.325
3233740,64896,3,MX,1,100,63,64,65
3233740,64897,3,MY,1,100,27,27,28
3233740,64898,3,MZ,1,100,-15,-14,-13
"
2026-03-05T00:00:26.046Z,1772668826046,10.168.15.94,3132,"3233830,64899,4,EM,1,100,RS,RE,PS,MN
"
2026-03-05T00:00:26.087Z,1772668826087,10.168.15.94,3132,"3233830,64899,4,EM,1,100,RS,RE,PS,MN
3233834,64900,2,PI,1,100,150495,150389
3233834,64901,2,PR,1,100,114658,114566
3233834,64902,2,PG,1,100,10172,10137
3233806,64903,1,EA,1,100,0.239323
3233806,64904,1,EL,1,100,-13797.799805
3233820,64905,2,AX,1,100,0.735,0.726
3233820,64906,2,AY,1,100,0.605,0.619
3233820,64907,2,AZ,1,100,-0.365,-0.325
3233820,64908,2,GX,1,100,-9.521,-14.740
3233820,64909,2,GY,1,100,35.828,41.290
3233820,64910,2,GZ,1,100,-22.369,-20.660
3233820,64911,2,MX,1,100,66,66
"
2026-03-05T00:00:26.091Z,1772668826091,10.168.15.94,3132,"3233820,64912,2,MY,1,100,28,27
3233820,64913,2,MZ,1,100,-12,-11
"
2026-03-05T00:00:26.187Z,1772668826187,10.168.15.94,3132,"3233939,64914,1,SF,1,100,7.7160
3233954,64915,3,PI,1,100,150304,150218,150131
3233954,64916,3,PR,1,100,114479,114379,114255
3233954,64917,3,PG,1,100,10099,10074,10035
3233939,64918,2,EA,1,100,0.239119,0.238906
3233939,64919,2,EL,1,100,-13792.799805,-13787.599609
3233866,64920,1,T1,1,100,36.168
3233881,64921,1,TH,1,100,34.988
3233940,64922,3,AX,1,100,0.680,0.749,0.749
3233940,64923,3,AY,1,100,0.617,0.596,0.621
3233940,64924,3,AZ,1,100,-0.271,-0.206,-0.252
3233940,64925,3,GX,1,100,-18.494,-22.858,-19.592
"
2026-03-05T00:00:26.198Z,1772668826198,10.168.15.94,3132,"3233940,64926,3,GY,1,100,42.206,31.067,22.888
3233940,64927,3,GZ,1,100,-16.235,-13.000,-15.778
3233940,64928,3,MX,1,100,67,67,68
3233940,64929,3,MY,1,100,28,28,28
3233940,64930,3,MZ,1,100,-9,-8,-8
"
2026-03-05T00:00:26.249Z,1772668826249,10.168.15.94,3132,"3234031,64931,4,EM,1,100,RS,RE,PS,MN
"
2026-03-05T00:00:26.289Z,1772668826289,10.168.15.94,3132,"3234031,64931,4,EM,1,100,RS,RE,PS,MN
3234034,64932,2,PI,1,100,150004,149895
3234034,64933,2,PR,1,100,114146,114065
3234034,64934,2,PG,1,100,9991,9947
3234006,64935,1,EA,1,100,0.238767
3234006,64936,1,EL,1,100,-13784.200195
3233999,64937,1,T1,1,100,36.179
3234014,64938,1,TH,1,100,34.988
3234034,64939,2,AX,1,100,0.706,0.702
3234034,64940,2,AY,1,100,0.609,0.608
3234034,64941,2,AZ,1,100,-0.183,-0.173
3234034,64942,2,GX,1,100,-18.616,-13.947
3234034,64943,2,GY,1,100,34.454,27.374
"
2026-03-05T00:00:26.290Z,1772668826290,10.168.15.94,3132,"3234034,64944,2,GZ,1,100,-13.519,-8.789
3234034,64945,2,MX,1,100,69,70
3234034,64946,2,MY,1,100,28,28
3234034,64947,2,MZ,1,100,-6,-5
"
2026-03-05T00:00:26.391Z,1772668826391,10.168.15.94,3132,"3234154,64948,3,PI,1,100,149768,149643,149489
3234154,64949,3,PR,1,100,113966,113882,113777
3234154,64950,3,PG,1,100,9909,9889,9854
3234139,64951,2,EA,1,100,0.238686,0.238547
3234139,64952,2,EL,1,100,-13782.200195,-13778.799805
3234133,64953,1,T1,1,100,36.184
3234147,64954,1,TH,1,100,35.000
3234154,64955,3,AX,1,100,0.726,0.720,0.742
3234154,64956,3,AY,1,100,0.610,0.623,0.649
3234154,64957,3,AZ,1,100,-0.187,-0.179,-0.181
3234154,64958,3,GX,1,100,-4.578,-0.122,3.082
3234154,64959,3,GY,1,100,8.240,6.805,1.617
"
2026-03-05T00:00:26.392Z,1772668826392,10.168.15.94,3132,"3234154,64960,3,GZ,1,100,-4.181,-0.305,0.610
3234154,64961,3,MX,1,100,71,70,70
3234154,64962,3,MY,1,100,28,28,28
3234154,64963,3,MZ,1,100,-4,-4,-4
"
2026-03-05T00:00:26.457Z,1772668826457,10.168.15.94,3132,"3234235,64964,4,EM,1,100,RS,RE,PS,MN
"
2026-03-05T00:00:26.488Z,1772668826488,10.168.15.94,3132,"3234235,64964,4,EM,1,100,RS,RE,PS,MN
3234234,64965,2,PI,1,100,149367,149234
3234234,64966,2,PR,1,100,113683,113610
3234234,64967,2,PG,1,100,9844,9826
3234206,64968,1,EA,1,100,0.238490
3234206,64969,1,EL,1,100,-13777.400391
3234234,64970,2,AX,1,100,0.728,0.763
3234234,64971,2,AY,1,100,0.642,0.658
3234234,64972,2,AZ,1,100,-0.154,-0.237
3234234,64973,2,GX,1,100,3.571,6.042
3234234,64974,2,GY,1,100,-1.923,-0.244
3234234,64975,2,GZ,1,100,1.251,3.204
3234234,64976,2,MX,1,100,68,68
3234234,64977,2,MY,1,100,28,29
"
2026-03-05T00:00:26.498Z,1772668826498,10.168.15.94,3132,"3234234,64978,2,MZ,1,100,-4,-4
"
2026-03-05T00:00:26.604Z,1772668826604,10.168.15.94,3132,"3234339,64979,1,SF,1,100,7.6267
3234354,64980,3,PI,1,100,149117,149037,148989
3234354,64981,3,PR,1,100,113530,113473,113403
3234354,64982,3,PG,1,100,9808,9755,9742
3234339,64983,2,EA,1,100,0.238458,0.238458
3234339,64984,2,EL,1,100,-13776.599609,-13776.599609
3234266,64985,1,T1,1,100,36.080
3234281,64986,1,TH,1,100,35.000
3234354,64987,3,AX,1,100,0.743,0.740,0.784
3234354,64988,3,AY,1,100,0.609,0.641,0.626
3234354,64989,3,AZ,1,100,-0.173,-0.217,-0.238
3234354,64990,3,GX,1,100,5.188,5.890,10.132
"
2026-03-05T00:00:26.606Z,1772668826606,10.168.15.94,3132,"3234354,64991,3,GY,1,100,-4.364,-5.127,-9.338
3234354,64992,3,GZ,1,100,7.050,5.096,4.089
3234354,64993,3,MX,1,100,69,69,68
3234354,64994,3,MY,1,100,27,29,28
3234354,64995,3,MZ,1,100,-5,-4,-5
"
2026-03-05T00:00:26.649Z,1772668826649,10.168.15.94,3132,"3234436,64996,4,EM,1,100,RS,RE,PS,MN
"
2026-03-05T00:00:26.690Z,1772668826690,10.168.15.94,3132,"3234436,64996,4,EM,1,100,RS,RE,PS,MN
3234434,64997,2,PI,1,100,148968,148928
3234434,64998,2,PR,1,100,113351,113356
3234434,64999,2,PG,1,100,9714,9708
3234406,65000,1,EA,1,100,0.238482
3234406,65001,1,EL,1,100,-13777.200195
3234399,65002,1,T1,1,100,36.176
3234414,65003,1,TH,1,100,34.988
3234434,65004,2,AX,1,100,0.742,0.718
3234434,65005,2,AY,1,100,0.638,0.616
3234434,65006,2,AZ,1,100,-0.222,-0.179
3234434,65007,2,GX,1,100,-0.061,-2.991
3234434,65008,2,GY,1,100,-1.556,-7.965
"
2026-03-05T00:00:26.693Z,1772668826693,10.168.15.94,3132,"3234434,65009,2,GZ,1,100,2.991,1.770
3234434,65010,2,MX,1,100,68,69
3234434,65011,2,MY,1,100,30,29
3234434,65012,2,MZ,1,100,-5,-6
"
2026-03-05T00:00:26.806Z,1772668826806,10.168.15.94,3132,"3234554,65013,3,PI,1,100,148977,149099,149288
3234554,65014,3,PR,1,100,113370,113452,113582
3234554,65015,3,PG,1,100,9696,9683,9683
3234539,65016,2,EA,1,100,0.238613,0.238604
3234539,65017,2,EL,1,100,-13780.400391,-13780.200195
3234532,65018,1,T1,1,100,36.218
3234547,65019,1,TH,1,100,34.988
3234554,65020,3,AX,1,100,0.703,0.750,0.721
3234554,65021,3,AY,1,100,0.627,0.621,0.597
3234554,65022,3,AZ,1,100,-0.263,-0.269,-0.293
3234554,65023,3,GX,1,100,1.129,7.751,4.791
"
2026-03-05T00:00:26.808Z,1772668826808,10.168.15.94,3132,"3234554,65024,3,GY,1,100,-18.494,-33.844,-42.847
3234554,65025,3,GZ,1,100,4.120,7.996,4.547
3234554,65026,3,MX,1,100,67,67,68
3234554,65027,3,MY,1,100,29,28,26
3234554,65028,3,MZ,1,100,-7,-8,-9
"
2026-03-05T00:00:26.854Z,1772668826854,10.168.15.94,3132,"3234637,65029,4,EM,1,100,RS,RE,PS,MN
"
2026-03-05T00:00:26.903Z,1772668826903,10.168.15.94,3132,"3234637,65029,4,EM,1,100,RS,RE,PS,MN
3234606,65030,1,SF,1,100,7.5385
3234634,65031,2,PI,1,100,149513,149729
3234634,65032,2,PR,1,100,113737,113913
3234634,65033,2,PG,1,100,9699,9712
3234606,65034,1,EA,1,100,0.238556
3234606,65035,1,EL,1,100,-13779.000000
3234666,65036,1,T1,1,100,36.165
3234634,65037,2,AX,1,100,0.764,0.734
3234634,65038,2,AY,1,100,0.645,0.549
3234634,65039,2,AZ,1,100,-0.316,-0.279
3234634,65040,2,GX,1,100,5.768,3.082
3234634,65041,2,GY,1,100,-43.488,-34.882
"
2026-03-05T00:00:26.907Z,1772668826907,10.168.15.94,3132,"3234634,65042,2,GZ,1,100,4.120,1.221
3234634,65043,2,MX,1,100,67,66
3234634,65044,2,MY,1,100,28,26
3234634,65045,2,MZ,1,100,-9,-10
"
2026-03-05T00:00:27.016Z,1772668827016,10.168.15.94,3132,"3234754,65046,3,PI,1,100,149934,150114,150324
3234754,65047,3,PR,1,100,114086,114250,114399
3234754,65048,3,PG,1,100,9735,9754,9779
3234739,65049,2,EA,1,100,0.238425,0.238271
3234739,65050,2,EL,1,100,-13775.799805,-13772.000000
3234681,65051,1,TH,1,100,35.008
3234754,65052,3,AX,1,100,0.723,0.688,0.711
3234754,65053,3,AY,1,100,0.575,0.553,0.592
3234754,65054,3,AZ,1,100,-0.329,-0.366,-0.397
3234754,65055,3,GX,1,100,8.423,17.303,19.379
3234754,65056,3,GY,1,100,-24.872,-25.848,-23.560
"
2026-03-05T00:00:27.016Z,1772668827016,10.168.15.94,3132,"3234754,65057,3,GZ,1,100,6.317,9.003,9.033
3234754,65058,3,MX,1,100,67,66,65
3234754,65059,3,MY,1,100,27,27,26
3234754,65060,3,MZ,1,100,-13,-14,-14
"
2026-03-05T00:00:27.051Z,1772668827051,10.168.15.94,3132,"3234838,65061,4,EM,1,100,RS,RE,PS,MN
"
2026-03-05T00:00:27.102Z,1772668827102,10.168.15.94,3132,"3234838,65061,4,EM,1,100,RS,RE,PS,MN
3234834,65062,2,PI,1,100,150506,150603
3234834,65063,2,PR,1,100,114536,114616
3234834,65064,2,PG,1,100,9804,9824
3234806,65065,1,EA,1,100,0.238247
3234806,65066,1,EL,1,100,-13771.400391
3234799,65067,1,T1,1,100,36.178
3234814,65068,1,TH,1,100,35.008
3234874,65069,3,AX,1,100,0.695,0.737,0.714
3234874,65070,3,AY,1,100,0.587,0.573,0.597
3234874,65071,3,AZ,1,100,-0.410,-0.408,-0.435
3234874,65072,3,GX,1,100,15.289,12.573,4.639
3234874,65073,3,GY,1,100,-12.268,-17.731,-9.430
"
2026-03-05T00:00:27.103Z,1772668827103,10.168.15.94,3132,"3234874,65074,3,GZ,1,100,0.397,-0.214,2.563
3234874,65075,3,MX,1,100,66,65,65
3234874,65076,3,MY,1,100,26,25,26
3234874,65077,3,MZ,1,100,-14,-16,-16
"
2026-03-05T00:00:27.200Z,1772668827200,10.168.15.94,3132,"3234939,65078,1,SF,1,100,7.4513
3234954,65079,3,PI,1,100,150690,150736,150760
3234954,65080,3,PR,1,100,114665,114694,114736
3234954,65081,3,PG,1,100,9855,9877,9913
3234939,65082,2,EA,1,100,0.238182,0.238230
3234939,65083,2,EL,1,100,-13769.799805,-13771.000000
3234932,65084,1,T1,1,100,36.183
3234947,65085,1,TH,1,100,34.998
3234954,65086,2,AX,1,100,0.753,0.678
3234954,65087,2,AY,1,100,0.570,0.579
3234954,65088,2,AZ,1,100,-0.407,-0.391
3234954,65089,2,GX,1,100,-2.228,-3.632
"
2026-03-05T00:00:27.202Z,1772668827202,10.168.15.94,3132,"3234954,65090,2,GY,1,100,-8.789,-2.777
3234954,65091,2,GZ,1,100,5.615,1.648
3234954,65092,2,MX,1,100,65,66
3234954,65093,2,MY,1,100,25,25
3234954,65094,2,MZ,1,100,-15,-16
"
2026-03-05T00:00:27.252Z,1772668827252,10.168.15.94,3132,"3235039,65095,4,EM,1,100,RS,RE,PS,MN
"
2026-03-05T00:00:27.313Z,1772668827313,10.168.15.94,3132,"3235039,65095,4,EM,1,100,RS,RE,PS,MN
3235074,65096,3,PI,1,100,150755,150696,150582
3235074,65097,3,PR,1,100,114726,114710,114652
3235074,65098,3,PG,1,100,9950,9948,9953
3235073,65099,2,EA,1,100,0.238287,0.238287
3235073,65100,2,EL,1,100,-13772.400391,-13772.400391
3235066,65101,1,T1,1,100,36.079
3235081,65102,1,TH,1,100,34.998
3235074,65103,3,AX,1,100,0.714,0.680,0.701
3235074,65104,3,AY,1,100,0.573,0.582,0.606
3235074,65105,3,AZ,1,100,-0.430,-0.412,-0.423
3235074,65106,3,GX,1,100,-1.190,-2.350,-7.294
"
2026-03-05T00:00:27.315Z,1772668827315,10.168.15.94,3132,"3235074,65107,3,GY,1,100,3.876,6.622,10.864
3235074,65108,3,GZ,1,100,-3.143,-5.859,-7.324
3235074,65109,3,MX,1,100,64,65,66
3235074,65110,3,MY,1,100,26,25,25
3235074,65111,3,MZ,1,100,-16,-14,-16
"
2026-03-05T00:00:27.404Z,1772668827404,10.168.15.94,3132,"3235154,65112,2,PI,1,100,150506,150405
3235154,65113,2,PR,1,100,114579,114475
3235154,65114,2,PG,1,100,9972,9958
3235139,65115,1,EA,1,100,0.238442
3235139,65116,1,EL,1,100,-13776.200195
3235154,65117,2,AX,1,100,0.680,0.671
3235154,65118,2,AY,1,100,0.606,0.566
3235154,65119,2,AZ,1,100,-0.354,-0.372
3235154,65120,2,GX,1,100,-11.169,-12.268
3235154,65121,2,GY,1,100,12.177,10.559
3235154,65122,2,GZ,1,100,-7.294,-4.181
3235154,65123,2,MX,1,100,67,67
3235154,65124,2,MY,1,100,25,25
"
2026-03-05T00:00:27.404Z,1772668827404,10.168.15.94,3132,"3235154,65125,2,MZ,1,100,-14,-14
"
2026-03-05T00:00:27.451Z,1772668827451,10.168.15.94,3132,"3235240,65126,4,EM,1,100,RS,RE,PS,MN
"
2026-03-05T00:00:27.525Z,1772668827525,10.168.15.94,3132,"3235240,65126,4,EM,1,100,RS,RE,PS,MN
3235273,65127,1,SF,1,100,7.3651
3235274,65128,3,PI,1,100,150329,150315,150249
3235274,65129,3,PR,1,100,114428,114383,114333
3235274,65130,3,PG,1,100,9947,9927,9926
3235273,65131,2,EA,1,100,0.238466,0.238377
3235273,65132,2,EL,1,100,-13776.799805,-13774.599609
3235199,65133,1,T1,1,100,36.105
3235214,65134,1,TH,1,100,34.988
3235274,65135,3,AX,1,100,0.703,0.714,0.684
3235274,65136,3,AY,1,100,0.639,0.586,0.607
3235274,65137,3,AZ,1,100,-0.373,-0.366,-0.356
"
2026-03-05T00:00:27.526Z,1772668827526,10.168.15.94,3132,"3235274,65138,3,GX,1,100,-2.686,-0.702,-1.587
3235274,65139,3,GY,1,100,0.519,1.190,-1.495
3235274,65140,3,GZ,1,100,0.854,0.519,2.625
3235274,65141,3,MX,1,100,66,67,68
3235274,65142,3,MY,1,100,25,25,25
3235274,65143,3,MZ,1,100,-14,-14,-14
"
2026-03-05T00:00:27.612Z,1772668827612,10.168.15.94,3132,"3235354,65144,2,PI,1,100,150244,150224
3235354,65145,2,PR,1,100,114311,114295
3235354,65146,2,PG,1,100,9915,9907
3235339,65147,1,EA,1,100,0.238433
3235339,65148,1,EL,1,100,-13776.000000
3235332,65149,1,T1,1,100,36.187
3235347,65150,1,TH,1,100,34.988
3235354,65151,2,AX,1,100,0.720,0.726
3235354,65152,2,AY,1,100,0.581,0.572
3235354,65153,2,AZ,1,100,-0.375,-0.353
3235354,65154,2,GX,1,100,-0.061,0.153
3235354,65155,2,GY,1,100,-6.348,-5.829
3235354,65156,2,GZ,1,100,6.775,7.416
3235354,65157,2,MX,1,100,67,67
"
2026-03-05T00:00:27.612Z,1772668827612,10.168.15.94,3132,"3235354,65158,2,MY,1,100,25,26
3235354,65159,2,MZ,1,100,-14,-14
"
2026-03-05T00:00:27.665Z,1772668827665,10.168.15.94,3132,"3235441,65160,4,EM,1,100,RS,RE,PS,MN
"
2026-03-05T00:00:27.714Z,1772668827714,10.168.15.94,3132,"3235441,65160,4,EM,1,100,RS,RE,PS,MN
3235474,65161,3,PI,1,100,150225,150233,150235
3235474,65162,3,PR,1,100,114283,114304,114289
3235474,65163,3,PG,1,100,9888,9869,9852
3235473,65164,2,EA,1,100,0.238466,0.238352
3235473,65165,2,EL,1,100,-13776.799805,-13774.000000
3235466,65166,1,T1,1,100,36.117
3235481,65167,1,TH,1,100,35.069
3235474,65168,3,AX,1,100,0.727,0.716,0.680
3235474,65169,3,AY,1,100,0.603,0.534,0.519
3235474,65170,3,AZ,1,100,-0.399,-0.419,-0.397
3235474,65171,3,GX,1,100,4.303,2.869,-1.221
"
2026-03-05T00:00:27.717Z,1772668827717,10.168.15.94,3132,"3235474,65172,3,GY,1,100,-4.425,-2.258,-1.892
3235474,65173,3,GZ,1,100,3.052,1.312,0.916
3235474,65174,3,MX,1,100,67,66,67
3235474,65175,3,MY,1,100,25,26,25
3235474,65176,3,MZ,1,100,-13,-14,-14
"
2026-03-05T00:00:27.814Z,1772668827814,10.168.15.94,3132,"3235567,65177,2,PI,1,100,150202,150210
3235567,65178,2,PR,1,100,114247,114224
3235567,65179,2,PG,1,100,9855,9851
3235539,65180,1,EA,1,100,0.238238
3235539,65181,1,EL,1,100,-13771.200195
3235553,65182,2,AX,1,100,0.666,0.756
3235553,65183,2,AY,1,100,0.567,0.594
3235553,65184,2,AZ,1,100,-0.353,-0.381
3235553,65185,2,GX,1,100,-4.700,-1.160
3235553,65186,2,GY,1,100,-0.153,-1.770
3235553,65187,2,GZ,1,100,2.319,3.693
3235553,65188,2,MX,1,100,67,65
3235553,65189,2,MY,1,100,25,26
3235553,65190,2,MZ,1,100,-15,-14
"
2026-03-05T00:00:27.857Z,1772668827857,10.168.15.94,3132,"3235642,65191,4,EM,1,100,RS,RE,PS,MN
"
2026-03-05T00:00:27.919Z,1772668827919,10.168.15.94,3132,"3235642,65191,4,EM,1,100,RS,RE,PS,MN
3235673,65192,1,SF,1,100,7.2799
3235687,65193,3,PI,1,100,150251,150257,150246
3235687,65194,3,PR,1,100,114266,114252,114236
3235687,65195,3,PG,1,100,9838,9825,9835
3235673,65196,2,EA,1,100,0.238214,0.238295
3235673,65197,2,EL,1,100,-13770.599609,-13772.599609
3235599,65198,1,T1,1,100,36.157
3235614,65199,1,TH,1,100,35.069
3235673,65200,3,AX,1,100,0.714,0.681,0.698
3235673,65201,3,AY,1,100,0.595,0.579,0.581
3235673,65202,3,AZ,1,100,-0.400,-0.339,-0.401
"
2026-03-05T00:00:27.920Z,1772668827920,10.168.15.94,3132,"3235673,65203,3,GX,1,100,0.824,-3.845,1.190
3235673,65204,3,GY,1,100,-5.737,7.477,4.211
3235673,65205,3,GZ,1,100,-0.732,-5.280,-1.526
3235673,65206,3,MX,1,100,67,66,67
3235673,65207,3,MY,1,100,25,26,25
3235673,65208,3,MZ,1,100,-14,-13,-14
"
2026-03-05T00:00:28.029Z,1772668828029,10.168.15.94,3132,"3235767,65209,2,PI,1,100,150232,150215
3235767,65210,2,PR,1,100,114253,114211
3235767,65211,2,PG,1,100,9830,9825
3235739,65212,1,EA,1,100,0.238352
3235739,65213,1,EL,1,100,-13774.000000
3235732,65214,1,T1,1,100,36.281
3235747,65215,1,TH,1,100,34.928
3235753,65216,2,AX,1,100,0.670,0.716
3235753,65217,2,AY,1,100,0.617,0.569
3235753,65218,2,AZ,1,100,-0.397,-0.374
3235753,65219,2,GX,1,100,2.563,-1.587
3235753,65220,2,GY,1,100,4.303,2.136
3235753,65221,2,GZ,1,100,3.479,3.296
3235753,65222,2,MX,1,100,65,66
"
2026-03-05T00:00:28.030Z,1772668828030,10.168.15.94,3132,"3235753,65223,2,MY,1,100,26,26
3235753,65224,2,MZ,1,100,-13,-13
"
2026-03-05T00:00:28.030Z,1772668828030,10.168.15.94,3132,"3235811,65225,2,RD,1,100,TL,TU
"
2026-03-05T00:00:28.128Z,1772668828128,10.168.15.94,3132,"3235915,65226,4,EM,1,100,RS,RE,PS,MN
"
2026-03-05T00:00:28.151Z,1772668828151,10.168.15.94,3132,"3235811,65225,2,RD,1,100,TL,TU
3235915,65226,4,EM,1,100,RS,RE,PS,MN
3235887,65227,3,PI,1,100,150193,150207,150190
3235887,65228,3,PR,1,100,114198,114203,114189
3235887,65229,3,PG,1,100,9809,9817,9814
3235873,65230,2,EA,1,100,0.238206,0.238295
3235873,65231,2,EL,1,100,-13770.400391,-13772.599609
3235866,65232,1,T1,1,100,36.263
3235881,65233,1,TH,1,100,34.928
3235913,65234,4,AX,1,100,0.702,0.731,0.751,0.720
3235913,65235,4,AY,1,100,0.537,0.576,0.530,0.598
3235913,65236,4,AZ,1,100,-0.369,-0.366,-0.414,-0.342
"
2026-03-05T00:00:28.155Z,1772668828155,10.168.15.94,3132,"3235913,65237,4,GX,1,100,-1.068,1.801,10.193,7.111
3235913,65238,4,GY,1,100,-2.808,5.707,-0.549,1.160
3235913,65239,4,GZ,1,100,1.953,0.916,3.235,1.129
3235913,65240,4,MX,1,100,66,66,66,66
3235913,65241,4,MY,1,100,27,26,26,27
3235913,65242,4,MZ,1,100,-14,-14,-14,-14
3235905,65243,1,BV,1,100,3.90
3235905,65244,1,B%,1,100,76
"
2026-03-05T00:00:28.249Z,1772668828249,10.168.15.94,3132,"3236006,65245,1,SF,1,100,7.1957
3236007,65246,3,PI,1,100,150199,150162,150138
3236007,65247,3,PR,1,100,114196,114160,114143
3236007,65248,3,PG,1,100,9763,9762,9747
3236006,65249,2,EA,1,100,0.238190,0.238157
3236006,65250,2,EL,1,100,-13770.000000,-13769.200195
3235999,65251,1,T1,1,100,36.220
3236014,65252,1,TH,1,100,34.896
3235993,65253,2,AX,1,100,0.748,0.675
3235993,65254,2,AY,1,100,0.568,0.545
3235993,65255,2,AZ,1,100,-0.398,-0.354
3235993,65256,2,GX,1,100,5.920,9.003
3235993,65257,2,GY,1,100,9.277,7.538
"
2026-03-05T00:00:28.250Z,1772668828250,10.168.15.94,3132,"3235993,65258,2,GZ,1,100,-1.221,5.676
3235993,65259,2,MX,1,100,66,64
3235993,65260,2,MY,1,100,25,27
3235993,65261,2,MZ,1,100,-13,-14
"
2026-03-05T00:00:28.328Z,1772668828328,10.168.15.94,3132,"3236116,65262,4,EM,1,100,RS,RE,PS,MN
"
2026-03-05T00:00:28.349Z,1772668828349,10.168.15.94,3132,"3236116,65262,4,EM,1,100,RS,RE,PS,MN
3236087,65263,2,PI,1,100,149998,149982
3236087,65264,2,PR,1,100,114051,114006
3236087,65265,2,PG,1,100,9735,9699
3236072,65266,1,EA,1,100,0.238117
3236072,65267,1,EL,1,100,-13768.200195
3236113,65268,3,AX,1,100,0.758,0.709,0.749
3236113,65269,3,AY,1,100,0.596,0.599,0.564
3236113,65270,3,AZ,1,100,-0.423,-0.373,-0.406
3236113,65271,3,GX,1,100,9.216,8.911,2.167
3236113,65272,3,GY,1,100,2.686,-4.578,1.068
3236113,65273,3,GZ,1,100,5.188,-0.305,-0.366
"
2026-03-05T00:00:28.353Z,1772668828353,10.168.15.94,3132,"3236113,65274,3,MX,1,100,65,66,65
3236113,65275,3,MY,1,100,27,28,27
3236113,65276,3,MZ,1,100,-13,-15,-14
"
2026-03-05T00:00:28.453Z,1772668828453,10.168.15.94,3132,"3236207,65277,3,PI,1,100,150034,150094,150093
3236207,65278,3,PR,1,100,114014,114025,113997
3236207,65279,3,PG,1,100,9709,9711,9686
3236206,65280,2,EA,1,100,0.238198,0.238198
3236206,65281,2,EL,1,100,-13770.200195,-13770.200195
3236132,65282,1,T1,1,100,36.166
3236147,65283,1,TH,1,100,34.896
3236193,65284,2,AX,1,100,0.734,0.703
3236193,65285,2,AY,1,100,0.577,0.582
3236193,65286,2,AZ,1,100,-0.350,-0.375
3236193,65287,2,GX,1,100,-1.648,-2.686
3236193,65288,2,GY,1,100,-0.763,2.380
"
2026-03-05T00:00:28.454Z,1772668828454,10.168.15.94,3132,"3236193,65289,2,GZ,1,100,-0.336,-1.312
3236193,65290,2,MX,1,100,64,64
3236193,65291,2,MY,1,100,26,27
3236193,65292,2,MZ,1,100,-15,-14
"
2026-03-05T00:00:28.530Z,1772668828530,10.168.15.94,3132,"3236317,65293,4,EM,1,100,RS,RE,PS,MN
"
2026-03-05T00:00:28.554Z,1772668828554,10.168.15.94,3132,"3236317,65293,4,EM,1,100,RS,RE,PS,MN
3236272,65294,1,SF,1,100,7.1124
3236287,65295,2,PI,1,100,150100,150089
3236287,65296,2,PR,1,100,114003,113971
3236287,65297,2,PG,1,100,9683,9693
3236272,65298,1,EA,1,100,0.238279
3236272,65299,1,EL,1,100,-13772.200195
3236266,65300,1,T1,1,100,36.214
3236281,65301,1,TH,1,100,34.954
3236313,65302,3,AX,1,100,0.724,0.729,0.726
3236313,65303,3,AY,1,100,0.538,0.538,0.561
3236313,65304,3,AZ,1,100,-0.382,-0.379,-0.381
3236313,65305,3,GX,1,100,-1.007,2.289,0.397
"
2026-03-05T00:00:28.555Z,1772668828555,10.168.15.94,3132,"3236313,65306,3,GY,1,100,-6.653,-5.829,-3.601
3236313,65307,3,GZ,1,100,2.533,3.296,2.228
3236313,65308,3,MX,1,100,65,65,64
3236313,65309,3,MY,1,100,27,26,27
3236313,65310,3,MZ,1,100,-15,-13,-14
"
2026-03-05T00:00:28.662Z,1772668828662,10.168.15.94,3132,"3236327,65311,1,BI,1,100,3400
3236327,65312,1,HR,1,100,39.98
3236407,65313,3,PI,1,100,150071,150092,150132
3236407,65314,3,PR,1,100,113942,113952,113987
3236407,65315,3,PG,1,100,9687,9683,9694
3236406,65316,2,EA,1,100,0.238238,0.238125
3236406,65317,2,EL,1,100,-13771.200195,-13768.400391
3236399,65318,1,T1,1,100,36.128
3236414,65319,1,TH,1,100,34.954
3236393,65320,2,AX,1,100,0.756,0.692
3236393,65321,2,AY,1,100,0.553,0.532
3236393,65322,2,AZ,1,100,-0.409,-0.389
3236393,65323,2,GX,1,100,0.519,-1.709
"
2026-03-05T00:00:28.662Z,1772668828662,10.168.15.94,3132,"3236393,65324,2,GY,1,100,-8.881,-4.974
3236393,65325,2,GZ,1,100,2.594,1.465
3236393,65326,2,MX,1,100,64,64
3236393,65327,2,MY,1,100,27,26
3236393,65328,2,MZ,1,100,-15,-14
"
2026-03-05T00:00:28.732Z,1772668828732,10.168.15.94,3132,"3236519,65329,4,EM,1,100,RS,RE,PS,MN
"
2026-03-05T00:00:28.756Z,1772668828756,10.168.15.94,3132,"3236519,65329,4,EM,1,100,RS,RE,PS,MN
3236527,65330,3,PI,1,100,150123,150140,150219
3236527,65331,3,PR,1,100,113999,114026,114091
3236527,65332,3,PG,1,100,9678,9664,9678
3236472,65333,1,EA,1,100,0.237995
3236472,65334,1,EL,1,100,-13765.200195
3236513,65335,3,AX,1,100,0.714,0.698,0.768
3236513,65336,3,AY,1,100,0.575,0.531,0.553
3236513,65337,3,AZ,1,100,-0.419,-0.407,-0.429
3236513,65338,3,GX,1,100,-1.892,-0.458,-1.251
3236513,65339,3,GY,1,100,-7.263,-14.008,-5.981
3236513,65340,3,GZ,1,100,2.502,4.395,7.904
"
2026-03-05T00:00:28.759Z,1772668828759,10.168.15.94,3132,"3236513,65341,3,MX,1,100,65,65,65
3236513,65342,3,MY,1,100,26,26,25
3236513,65343,3,MZ,1,100,-16,-16,-16
"
2026-03-05T00:00:28.860Z,1772668828860,10.168.15.94,3132,"3236606,65344,1,SF,1,100,7.0301
3236607,65345,2,PI,1,100,150265,150274
3236607,65346,2,PR,1,100,114171,114156
3236607,65347,2,PG,1,100,9679,9698
3236606,65348,2,EA,1,100,0.238052,0.238157
3236606,65349,2,EL,1,100,-13766.599609,-13769.200195
3236532,65350,1,T1,1,100,36.233
3236547,65351,1,TH,1,100,34.980
3236593,65352,2,AX,1,100,0.736,0.705
3236593,65353,2,AY,1,100,0.557,0.533
3236593,65354,2,AZ,1,100,-0.367,-0.396
3236593,65355,2,GX,1,100,-4.089,-2.991
3236593,65356,2,GY,1,100,0.702,11.688
"
2026-03-05T00:00:28.868Z,1772668828868,10.168.15.94,3132,"3236593,65357,2,GZ,1,100,0.488,-2.930
3236593,65358,2,MX,1,100,65,64
3236593,65359,2,MY,1,100,27,26
3236593,65360,2,MZ,1,100,-15,-16
"
2026-03-05T00:00:28.941Z,1772668828941,10.168.15.94,3132,"3236719,65361,4,EM,1,100,RS,RE,PS,MN
"
2026-03-05T00:00:28.961Z,1772668828961,10.168.15.94,3132,"3236719,65361,4,EM,1,100,RS,RE,PS,MN
3236727,65362,3,PI,1,100,150281,150291,150289
3236727,65363,3,PR,1,100,114198,114228,114248
3236727,65364,3,PG,1,100,9697,9697,9700
3236672,65365,1,EA,1,100,0.238149
3236672,65366,1,EL,1,100,-13769.000000
3236666,65367,1,T1,1,100,36.207
3236680,65368,1,TH,1,100,34.980
3236713,65369,3,AX,1,100,0.746,0.666,0.763
3236713,65370,3,AY,1,100,0.555,0.567,0.547
3236713,65371,3,AZ,1,100,-0.419,-0.351,-0.409
3236713,65372,3,GX,1,100,-2.167,-7.233,-2.319
"
2026-03-05T00:00:28.962Z,1772668828962,10.168.15.94,3132,"3236713,65373,3,GY,1,100,2.686,5.127,-2.960
3236713,65374,3,GZ,1,100,6.134,6.622,6.348
3236713,65375,3,MX,1,100,64,64,64
3236713,65376,3,MY,1,100,27,26,27
3236713,65377,3,MZ,1,100,-14,-15,-14
"
2026-03-05T00:00:29.074Z,1772668829074,10.168.15.94,3132,"3236807,65378,2,PI,1,100,150322,150292
3236807,65379,2,PR,1,100,114258,114241
3236807,65380,2,PG,1,100,9680,9703
3236806,65381,2,EA,1,100,0.237882,0.237938
3236806,65382,2,EL,1,100,-13762.400391,-13763.799805
3236799,65383,1,T1,1,100,36.125
3236814,65384,1,TH,1,100,34.965
3236833,65385,3,AX,1,100,0.729,0.727,0.787
3236833,65386,3,AY,1,100,0.539,0.553,0.543
3236833,65387,3,AZ,1,100,-0.398,-0.380,-0.405
3236833,65388,3,GX,1,100,0.946,-1.343,2.991
3236833,65389,3,GY,1,100,-8.087,-0.519,-10.986
"
2026-03-05T00:00:29.074Z,1772668829074,10.168.15.94,3132,"3236833,65390,3,GZ,1,100,2.014,0.946,3.296
3236833,65391,3,MX,1,100,64,64,64
3236833,65392,3,MY,1,100,26,26,28
3236833,65393,3,MZ,1,100,-15,-15,-15
"
2026-03-05T00:00:29.135Z,1772668829135,10.168.15.94,3132,"3236920,65394,4,EM,1,100,RS,RE,PS,MN
"
2026-03-05T00:00:29.157Z,1772668829157,10.168.15.94,3132,"3236920,65394,4,EM,1,100,RS,RE,PS,MN
3236927,65395,3,PI,1,100,150279,150231,150173
3236927,65396,3,PR,1,100,114199,114174,114106
3236927,65397,3,PG,1,100,9697,9707,9672
3236872,65398,1,EA,1,100,0.238003
3236872,65399,1,EL,1,100,-13765.400391
3236932,65400,1,T1,1,100,36.160
3236913,65401,2,AX,1,100,0.724,0.747
3236913,65402,2,AY,1,100,0.579,0.535
3236913,65403,2,AZ,1,100,-0.391,-0.402
3236913,65404,2,GX,1,100,3.632,3.448
3236913,65405,2,GY,1,100,-4.669,-0.549
3236913,65406,2,GZ,1,100,0.549,2.472
"
2026-03-05T00:00:29.161Z,1772668829161,10.168.15.94,3132,"3236913,65407,2,MX,1,100,64,64
3236913,65408,2,MY,1,100,26,27
3236913,65409,2,MZ,1,100,-14,-15
"
2026-03-05T00:00:29.270Z,1772668829270,10.168.15.94,3132,"3237006,65410,1,SF,1,100,6.9488
3237007,65411,2,PI,1,100,150159,150176
3237007,65412,2,PR,1,100,114126,114131
3237007,65413,2,PG,1,100,9658,9659
3237006,65414,2,EA,1,100,0.238052,0.237922
3237006,65415,2,EL,1,100,-13766.599609,-13763.400391
3236947,65416,1,TH,1,100,34.965
3237033,65417,3,AX,1,100,0.751,0.715,0.669
3237033,65418,3,AY,1,100,0.576,0.527,0.529
3237033,65419,3,AZ,1,100,-0.444,-0.401,-0.403
3237033,65420,3,GX,1,100,6.409,3.479,-0.580
3237033,65421,3,GY,1,100,-2.045,2.899,8.942
"
2026-03-05T00:00:29.272Z,1772668829272,10.168.15.94,3132,"3237033,65422,3,GZ,1,100,2.319,-7.294,-6.317
3237033,65423,3,MX,1,100,64,64,63
3237033,65424,3,MY,1,100,25,28,27
3237033,65425,3,MZ,1,100,-16,-14,-15
"
2026-03-05T00:00:29.335Z,1772668829335,10.168.15.94,3132,"3237121,65426,4,EM,1,100,RS,RE,PS,MN
"
2026-03-05T00:00:29.362Z,1772668829362,10.168.15.94,3132,"3237121,65426,4,EM,1,100,RS,RE,PS,MN
3237127,65427,3,PI,1,100,150163,150146,150147
3237127,65428,3,PR,1,100,114126,114122,114139
3237127,65429,3,PG,1,100,9666,9653,9663
3237072,65430,1,EA,1,100,0.238019
3237072,65431,1,EL,1,100,-13765.799805
3237066,65432,1,T1,1,100,36.176
3237080,65433,1,TH,1,100,35.003
3237113,65434,2,AX,1,100,0.721,0.721
3237113,65435,2,AY,1,100,0.522,0.530
3237113,65436,2,AZ,1,100,-0.425,-0.390
3237113,65437,2,GX,1,100,0.885,-0.977
3237113,65438,2,GY,1,100,2.197,-3.571
"
2026-03-05T00:00:29.369Z,1772668829369,10.168.15.94,3132,"3237113,65439,2,GZ,1,100,4.120,6.805
3237113,65440,2,MX,1,100,64,63
3237113,65441,2,MY,1,100,27,27
3237113,65442,2,MZ,1,100,-15,-15
"
2026-03-05T00:00:29.466Z,1772668829466,10.168.15.94,3132,"3237207,65443,2,PI,1,100,150168,150116
3237207,65444,2,PR,1,100,114121,114083
3237207,65445,2,PG,1,100,9665,9657
3237206,65446,2,EA,1,100,0.237914,0.237890
3237206,65447,2,EL,1,100,-13763.200195,-13762.599609
3237199,65448,1,T1,1,100,36.112
3237214,65449,1,TH,1,100,35.003
3237233,65450,3,AX,1,100,0.793,0.734,0.728
3237233,65451,3,AY,1,100,0.551,0.541,0.546
3237233,65452,3,AZ,1,100,-0.404,-0.386,-0.397
3237233,65453,3,GX,1,100,0.244,0.305,-0.854
3237233,65454,3,GY,1,100,-1.984,0.641,7.080
"
2026-03-05T00:00:29.469Z,1772668829469,10.168.15.94,3132,"3237233,65455,3,GZ,1,100,2.960,-0.214,0.793
3237233,65456,3,MX,1,100,64,64,63
3237233,65457,3,MY,1,100,27,26,27
3237233,65458,3,MZ,1,100,-16,-15,-15
"
2026-03-05T00:00:29.537Z,1772668829537,10.168.15.94,3132,"3237322,65459,4,EM,1,100,RS,RE,PS,MN
"
2026-03-05T00:00:29.571Z,1772668829571,10.168.15.94,3132,"3237322,65459,4,EM,1,100,RS,RE,PS,MN
3237272,65460,1,SF,1,100,6.8684
3237327,65461,3,PI,1,100,150079,150095,150080
3237327,65462,3,PR,1,100,114055,114058,114037
3237327,65463,3,PG,1,100,9645,9668,9667
3237272,65464,1,EA,1,100,0.237971
3237272,65465,1,EL,1,100,-13764.599609
3237332,65466,1,T1,1,100,36.226
3237313,65467,2,AX,1,100,0.709,0.736
3237313,65468,2,AY,1,100,0.540,0.503
3237313,65469,2,AZ,1,100,-0.381,-0.388
3237313,65470,2,GX,1,100,-3.082,-4.333
3237313,65471,2,GY,1,100,6.317,3.937
"
2026-03-05T00:00:29.572Z,1772668829572,10.168.15.94,3132,"3237313,65472,2,GZ,1,100,2.228,0.153
3237313,65473,2,MX,1,100,64,63
3237313,65474,2,MY,1,100,27,27
3237313,65475,2,MZ,1,100,-13,-15
"
2026-03-05T00:00:29.678Z,1772668829678,10.168.15.94,3132,"3237407,65476,2,PI,1,100,150061,150069
3237407,65477,2,PR,1,100,114031,114049
3237407,65478,2,PG,1,100,9674,9687
3237406,65479,2,EA,1,100,0.237987,0.237946
3237406,65480,2,EL,1,100,-13765.000000,-13764.000000
3237347,65481,1,TH,1,100,35.029
3237433,65482,3,AX,1,100,0.749,0.674,0.738
3237433,65483,3,AY,1,100,0.567,0.513,0.534
3237433,65484,3,AZ,1,100,-0.378,-0.395,-0.408
3237433,65485,3,GX,1,100,-5.127,0.427,3.967
3237433,65486,3,GY,1,100,3.723,6.348,4.272
3237433,65487,3,GZ,1,100,-1.434,-2.167,1.892
"
2026-03-05T00:00:29.679Z,1772668829679,10.168.15.94,3132,"3237433,65488,3,MX,1,100,64,64,63
3237433,65489,3,MY,1,100,28,28,28
3237433,65490,3,MZ,1,100,-14,-14,-13
"
2026-03-05T00:00:29.740Z,1772668829740,10.168.15.94,3132,"3237523,65491,4,EM,1,100,RS,RE,PS,MN
"
2026-03-05T00:00:29.768Z,1772668829768,10.168.15.94,3132,"3237523,65491,4,EM,1,100,RS,RE,PS,MN
3237527,65492,3,PI,1,100,150079,150112,150125
3237527,65493,3,PR,1,100,114064,114108,114146
3237527,65494,3,PG,1,100,9693,9671,9657
3237539,65495,2,EA,1,100,0.237906,0.237914
3237539,65496,2,EL,1,100,-13763.000000,-13763.200195
3237466,65497,1,T1,1,100,36.204
3237480,65498,1,TH,1,100,35.029
3237513,65499,2,AX,1,100,0.724,0.749
3237513,65500,2,AY,1,100,0.549,0.535
3237513,65501,2,AZ,1,100,-0.368,-0.375
3237513,65502,2,GX,1,100,-0.702,0.397
"
2026-03-05T00:00:29.770Z,1772668829770,10.168.15.94,3132,"3237513,65503,2,GY,1,100,3.082,2.472
3237513,65504,2,GZ,1,100,-1.740,-1.770
3237513,65505,2,MX,1,100,64,63
3237513,65506,2,MY,1,100,28,28
3237513,65507,2,MZ,1,100,-14,-14
"
2026-03-05T00:00:29.874Z,1772668829874,10.168.15.94,3132,"3237606,65508,1,SF,1,100,6.7890
3237620,65509,2,PI,1,100,150190,150209
3237620,65510,2,PR,1,100,114171,114209
3237620,65511,2,PG,1,100,9666,9652
3237606,65512,1,EA,1,100,0.237979
3237606,65513,1,EL,1,100,-13764.799805
3237599,65514,1,T1,1,100,36.124
3237614,65515,1,TH,1,100,35.018
3237633,65516,3,AX,1,100,0.744,0.734,0.730
3237633,65517,3,AY,1,100,0.522,0.546,0.536
3237633,65518,3,AZ,1,100,-0.379,-0.381,-0.396
3237633,65519,3,GX,1,100,3.357,4.517,2.411
3237633,65520,3,GY,1,100,2.380,-0.305,-0.305
"
2026-03-05T00:00:29.875Z,1772668829875,10.168.15.94,3132,"3237633,65521,3,GZ,1,100,-1.068,-0.671,2.075
3237633,65522,3,MX,1,100,64,64,64
3237633,65523,3,MY,1,100,28,27,28
3237633,65524,3,MZ,1,100,-15,-14,-14
"
2026-03-05T00:00:29.940Z,1772668829940,10.168.15.94,3132,"3237724,65525,4,EM,1,100,RS,RE,PS,MN
"
2026-03-05T00:00:29.975Z,1772668829975,10.168.15.94,3132,"3237724,65525,4,EM,1,100,RS,RE,PS,MN
3237740,65526,3,PI,1,100,150186,150179,150172
3237740,65527,3,PR,1,100,114185,114160,114159
3237740,65528,3,PG,1,100,9652,9669,9657
3237739,65529,2,EA,1,100,0.237930,0.238003
3237739,65530,2,EL,1,100,-13763.599609,-13765.400391
3237732,65531,1,T1,1,100,36.124
3237747,65532,1,TH,1,100,35.018
3237713,65533,2,AX,1,100,0.732,0.720
3237713,65534,2,AY,1,100,0.544,0.537
3237713,65535,2,AZ,1,100,-0.390,-0.386
3237713,0,2,GX,1,100,-0.671,-0.427
3237713,1,2,GY,1,100,-0.092,-4.730
"
2026-03-05T00:00:29.978Z,1772668829978,10.168.15.94,3132,"3237713,2,2,GZ,1,100,3.265,2.319
3237713,3,2,MX,1,100,64,64
3237713,4,2,MY,1,100,28,27
3237713,5,2,MZ,1,100,-14,-14
"
2026-03-05T00:00:30.079Z,1772668830079,10.168.15.94,3132,"3237820,6,2,PI,1,100,150182,150163
3237820,7,2,PR,1,100,114170,114165
3237820,8,2,PG,1,100,9672,9655
3237806,9,1,EA,1,100,0.237890
3237806,10,1,EL,1,100,-13762.599609
3237833,11,3,AX,1,100,0.745,0.762,0.735
3237833,12,3,AY,1,100,0.531,0.502,0.567
3237833,13,3,AZ,1,100,-0.381,-0.348,-0.392
3237833,14,3,GX,1,100,-0.519,-3.418,-1.465
3237833,15,3,GY,1,100,0.885,-0.397,4.425
3237833,16,3,GZ,1,100,0.916,2.014,0.977
3237833,17,3,MX,1,100,64,64,64
3237833,18,3,MY,1,100,29,28,29
3237833,19,3,MZ,1,100,-15,-14,-13
"
2026-03-05T00:00:30.143Z,1772668830143,10.168.15.94,3132,"3237927,20,4,EM,1,100,RS,RE,PS,MN
"
2026-03-05T00:00:30.171Z,1772668830171,10.168.15.94,3132,"3237927,20,4,EM,1,100,RS,RE,PS,MN
3237939,21,1,SF,1,100,6.7104
3237940,22,3,PI,1,100,150151,150138,150104
3237940,23,3,PR,1,100,114158,114115,114115
3237940,24,3,PG,1,100,9655,9664,9651
3237939,25,2,EA,1,100,0.237906,0.237785
3237939,26,2,EL,1,100,-13763.000000,-13760.000000
3237866,27,1,T1,1,100,36.196
3237880,28,1,TH,1,100,35.000
3237913,29,2,AX,1,100,0.749,0.757
3237913,30,2,AY,1,100,0.544,0.563
3237913,31,2,AZ,1,100,-0.371,-0.371
3237913,32,2,GX,1,100,-2.838,-4.517
3237913,33,2,GY,1,100,1.831,-0.671
"
2026-03-05T00:00:30.178Z,1772668830178,10.168.15.94,3132,"3237913,34,2,GZ,1,100,2.045,1.160
3237913,35,2,MX,1,100,63,64
3237913,36,2,MY,1,100,28,28
3237913,37,2,MZ,1,100,-14,-13
"
2026-03-05T00:00:30.277Z,1772668830277,10.168.15.94,3132,"3238020,38,2,PI,1,100,150087,150036
3238020,39,2,PR,1,100,114084,114070
3238020,40,2,PG,1,100,9644,9623
3238006,41,1,EA,1,100,0.237898
3238006,42,1,EL,1,100,-13762.799805
3237999,43,1,T1,1,100,36.120
3238014,44,1,TH,1,100,35.000
3238033,45,3,AX,1,100,0.737,0.759,0.724
3238033,46,3,AY,1,100,0.542,0.537,0.514
3238033,47,3,AZ,1,100,-0.349,-0.376,-0.332
3238033,48,3,GX,1,100,-5.310,-5.127,-2.167
3238033,49,3,GY,1,100,8.209,9.094,0.061
3238033,50,3,GZ,1,100,-4.089,-3.967,-1.404
3238033,51,3,MX,1,100,64,65,64
"
2026-03-05T00:00:30.278Z,1772668830278,10.168.15.94,3132,"3238033,52,3,MY,1,100,28,28,28
3238033,53,3,MZ,1,100,-13,-13,-13
"
2026-03-05T00:00:30.345Z,1772668830345,10.168.15.94,3132,"3238128,54,4,EM,1,100,RS,RE,PS,MN
"
2026-03-05T00:00:30.380Z,1772668830380,10.168.15.94,3132,"3238128,54,4,EM,1,100,RS,RE,PS,MN
3238140,55,3,PI,1,100,150038,150002,149997
3238140,56,3,PR,1,100,114068,114041,114071
3238140,57,3,PG,1,100,9612,9602,9587
3238139,58,2,EA,1,100,0.237865,0.237817
3238139,59,2,EL,1,100,-13762.000000,-13760.799805
3238132,60,1,T1,1,100,36.087
3238147,61,1,TH,1,100,35.061
3238113,62,2,AX,1,100,0.788,0.640
3238113,63,2,AY,1,100,0.555,0.559
3238113,64,2,AZ,1,100,-0.374,-0.273
3238113,65,2,GX,1,100,-4.272,-6.470
3238113,66,2,GY,1,100,4.181,15.045
"
2026-03-05T00:00:30.381Z,1772668830381,10.168.15.94,3132,"3238113,67,2,GZ,1,100,-1.221,-2.625
3238113,68,2,MX,1,100,64,65
3238113,69,2,MY,1,100,28,29
3238113,70,2,MZ,1,100,-12,-12
"
2026-03-05T00:00:30.482Z,1772668830482,10.168.15.94,3132,"3238220,71,2,PI,1,100,150027,150068
3238220,72,2,PR,1,100,114121,114183
3238220,73,2,PG,1,100,9582,9595
3238206,74,1,EA,1,100,0.237623
3238206,75,1,EL,1,100,-13756.000000
3238233,76,3,AX,1,100,0.757,0.804,0.784
3238233,77,3,AY,1,100,0.489,0.573,0.535
3238233,78,3,AZ,1,100,-0.281,-0.369,-0.370
3238233,79,3,GX,1,100,-2.258,9.705,9.857
3238233,80,3,GY,1,100,9.125,-15.900,-21.820
3238233,81,3,GZ,1,100,3.754,7.568,4.120
3238233,82,3,MX,1,100,65,64,64
3238233,83,3,MY,1,100,28,28,29
"
2026-03-05T00:00:30.483Z,1772668830483,10.168.15.94,3132,"3238233,84,3,MZ,1,100,-12,-14,-14
"
2026-03-05T00:00:30.542Z,1772668830542,10.168.15.94,3132,"3238329,85,4,EM,1,100,RS,RE,PS,MN
"
2026-03-05T00:00:30.581Z,1772668830581,10.168.15.94,3132,"3238329,85,4,EM,1,100,RS,RE,PS,MN
3238339,86,1,SF,1,100,6.6328
3238340,87,3,PI,1,100,150018,149938,149893
3238340,88,3,PR,1,100,114134,114086,114052
3238340,89,3,PG,1,100,9581,9611,9598
3238339,90,2,EA,1,100,0.237615,0.237785
3238339,91,2,EL,1,100,-13755.799805,-13760.000000
3238266,92,1,T1,1,100,36.144
3238280,93,1,TH,1,100,35.061
3238353,94,3,AX,1,100,0.751,0.742,0.763
3238353,95,3,AY,1,100,0.512,0.542,0.515
3238353,96,3,AZ,1,100,-0.366,-0.371,-0.392
3238353,97,3,GX,1,100,6.165,6.897,8.789
"
2026-03-05T00:00:30.584Z,1772668830584,10.168.15.94,3132,"3238353,98,3,GY,1,100,-11.597,-1.312,2.228
3238353,99,3,GZ,1,100,-2.289,-1.923,-0.183
3238353,100,3,MX,1,100,63,63,64
3238353,101,3,MY,1,100,29,28,28
3238353,102,3,MZ,1,100,-13,-13,-14
"
2026-03-05T00:00:30.681Z,1772668830681,10.168.15.94,3132,"3238420,103,2,PI,1,100,149853,149894
3238420,104,2,PR,1,100,114055,114068
3238420,105,2,PG,1,100,9591,9610
3238406,106,1,EA,1,100,0.237768
3238406,107,1,EL,1,100,-13759.599609
3238399,108,1,T1,1,100,36.169
3238414,109,1,TH,1,100,34.998
3238433,110,2,AX,1,100,0.755,0.717
3238433,111,2,AY,1,100,0.529,0.560
3238433,112,2,AZ,1,100,-0.384,-0.382
3238433,113,2,GX,1,100,6.592,5.127
3238433,114,2,GY,1,100,-5.219,4.333
3238433,115,2,GZ,1,100,-0.397,-3.784
3238433,116,2,MX,1,100,63,64
3238433,117,2,MY,1,100,28,27
"
2026-03-05T00:00:30.681Z,1772668830681,10.168.15.94,3132,"3238433,118,2,MZ,1,100,-14,-14
"
2026-03-05T00:00:30.742Z,1772668830742,10.168.15.94,3132,"3238530,119,4,EM,1,100,RS,RE,PS,MN
"
2026-03-05T00:00:30.784Z,1772668830784,10.168.15.94,3132,"3238530,119,4,EM,1,100,RS,RE,PS,MN
3238540,120,3,PI,1,100,149860,149825,149818
3238540,121,3,PR,1,100,114084,114061,114076
3238540,122,3,PG,1,100,9609,9586,9575
3238539,123,2,EA,1,100,0.237671,0.237631
3238539,124,2,EL,1,100,-13757.200195,-13756.200195
3238532,125,1,T1,1,100,36.144
3238547,126,1,TH,1,100,34.998
3238553,127,3,AX,1,100,0.704,0.760,0.732
3238553,128,3,AY,1,100,0.559,0.530,0.483
3238553,129,3,AZ,1,100,-0.389,-0.421,-0.423
3238553,130,3,GX,1,100,5.920,7.538,5.890
"
2026-03-05T00:00:30.785Z,1772668830785,10.168.15.94,3132,"3238553,131,3,GY,1,100,1.221,-6.195,-8.728
3238553,132,3,GZ,1,100,-0.671,5.463,1.892
3238553,133,3,MX,1,100,63,63,64
3238553,134,3,MY,1,100,28,27,28
3238553,135,3,MZ,1,100,-14,-15,-16
"
2026-03-05T00:00:30.880Z,1772668830880,10.168.15.94,3132,"3238606,136,1,SF,1,100,6.5561
3238620,137,2,PI,1,100,149878,149901
3238620,138,2,PR,1,100,114101,114112
3238620,139,2,PG,1,100,9558,9573
3238606,140,1,EA,1,100,0.237671
3238606,141,1,EL,1,100,-13757.200195
3238633,142,2,AX,1,100,0.726,0.749
3238633,143,2,AY,1,100,0.508,0.540
3238633,144,2,AZ,1,100,-0.412,-0.419
3238633,145,2,GX,1,100,-1.404,-4.730
3238633,146,2,GY,1,100,-8.087,-6.500
3238633,147,2,GZ,1,100,2.106,8.270
3238633,148,2,MX,1,100,63,62
3238633,149,2,MY,1,100,27,27
3238633,150,2,MZ,1,100,-14,-16
"
2026-03-05T00:00:30.951Z,1772668830951,10.168.15.94,3132,"3238731,151,4,EM,1,100,RS,RE,PS,MN
"
2026-03-05T00:00:30.991Z,1772668830991,10.168.15.94,3132,"3238731,151,4,EM,1,100,RS,RE,PS,MN
3238700,152,1,BI,1,100,2360
3238700,153,1,HR,1,100,36.75
3238740,154,3,PI,1,100,149912,149936,149941
3238740,155,3,PR,1,100,114129,114148,114150
3238740,156,3,PG,1,100,9561,9583,9560
3238739,157,2,EA,1,100,0.237663,0.237631
3238739,158,2,EL,1,100,-13757.000000,-13756.200195
3238665,159,1,T1,1,100,36.275
3238680,160,1,TH,1,100,34.957
3238753,161,3,AX,1,100,0.800,0.762,0.683
3238753,162,3,AY,1,100,0.543,0.542,0.495
3238753,163,3,AZ,1,100,-0.377,-0.375,-0.390
"
2026-03-05T00:00:30.991Z,1772668830991,10.168.15.94,3132,"3238753,164,3,GX,1,100,-4.089,1.465,5.280
3238753,165,3,GY,1,100,-6.592,-1.007,8.667
3238753,166,3,GZ,1,100,6.134,-5.280,-8.087
3238753,167,3,MX,1,100,62,63,63
3238753,168,3,MY,1,100,29,28,28
3238753,169,3,MZ,1,100,-16,-16,-14
"
2026-03-05T00:00:31.083Z,1772668831083,10.168.15.94,3132,"3238820,170,2,PI,1,100,149918,149929
3238820,171,2,PR,1,100,114140,114126
3238820,172,2,PG,1,100,9577,9576
3238806,173,1,EA,1,100,0.237671
3238806,174,1,EL,1,100,-13757.200195
3238799,175,1,T1,1,100,36.190
3238814,176,1,TH,1,100,34.957
3238833,177,2,AX,1,100,0.695,0.819
3238833,178,2,AY,1,100,0.513,0.489
3238833,179,2,AZ,1,100,-0.410,-0.451
3238833,180,2,GX,1,100,8.881,10.529
3238833,181,2,GY,1,100,3.967,-14.435
3238833,182,2,GZ,1,100,5.188,10.468
3238833,183,2,MX,1,100,63,63
3238833,184,2,MY,1,100,28,28
"
2026-03-05T00:00:31.085Z,1772668831085,10.168.15.94,3132,"3238833,185,2,MZ,1,100,-15,-16
"
2026-03-05T00:00:31.149Z,1772668831149,10.168.15.94,3132,"3238932,186,4,EM,1,100,RS,RE,PS,MN
"
2026-03-05T00:00:31.184Z,1772668831184,10.168.15.94,3132,"3238932,186,4,EM,1,100,RS,RE,PS,MN
3238939,187,1,SF,1,100,6.4802
3238940,188,3,PI,1,100,149980,150022,150026
3238940,189,3,PR,1,100,114165,114176,114210
3238940,190,3,PG,1,100,9590,9603,9620
3238939,191,2,EA,1,100,0.237671,0.237615
3238939,192,2,EL,1,100,-13757.200195,-13755.799805
3238932,193,1,T1,1,100,36.082
3238947,194,1,TH,1,100,34.926
3238953,195,3,AX,1,100,0.713,0.800,0.711
3238953,196,3,AY,1,100,0.485,0.533,0.501
3238953,197,3,AZ,1,100,-0.383,-0.437,-0.406
3238953,198,3,GX,1,100,2.472,2.502,4.333
"
2026-03-05T00:00:31.185Z,1772668831185,10.168.15.94,3132,"3238953,199,3,GY,1,100,-10.895,-6.989,-4.089
3238953,200,3,GZ,1,100,0.702,3.540,4.730
3238953,201,3,MX,1,100,62,61,63
3238953,202,3,MY,1,100,29,27,27
3238953,203,3,MZ,1,100,-16,-18,-16
"
2026-03-05T00:00:31.289Z,1772668831289,10.168.15.94,3132,"3239060,204,3,PI,1,100,150051,150075,150108
3239060,205,3,PR,1,100,114212,114246,114278
3239060,206,3,PG,1,100,9625,9634,9621
3239006,207,1,EA,1,100,0.237461
3239006,208,1,EL,1,100,-13752.000000
3239033,209,2,AX,1,100,0.782,0.773
3239033,210,2,AY,1,100,0.531,0.496
3239033,211,2,AZ,1,100,-0.441,-0.486
3239033,212,2,GX,1,100,3.937,3.937
3239033,213,2,GY,1,100,-1.770,-1.678
3239033,214,2,GZ,1,100,0.000,-6.561
3239033,215,2,MX,1,100,61,62
3239033,216,2,MY,1,100,28,27
3239033,217,2,MZ,1,100,-17,-17
"
2026-03-05T00:00:31.345Z,1772668831345,10.168.15.94,3132,"3239133,218,4,EM,1,100,RS,RE,PS,MN
"
2026-03-05T00:00:31.387Z,1772668831387,10.168.15.94,3132,"3239133,218,4,EM,1,100,RS,RE,PS,MN
3239140,219,2,PI,1,100,150057,149999
3239140,220,2,PR,1,100,114257,114214
3239140,221,2,PG,1,100,9622,9600
3239139,222,2,EA,1,100,0.237566,0.237486
3239139,223,2,EL,1,100,-13754.599609,-13752.599609
3239065,224,1,T1,1,100,36.213
3239080,225,1,TH,1,100,34.926
3239153,226,3,AX,1,100,0.635,0.803,0.706
3239153,227,3,AY,1,100,0.570,0.523,0.478
3239153,228,3,AZ,1,100,-0.397,-0.457,-0.414
3239153,229,3,GX,1,100,-2.167,-1.434,-4.242
3239153,230,3,GY,1,100,8.179,5.646,-1.160
"
2026-03-05T00:00:31.391Z,1772668831391,10.168.15.94,3132,"3239153,231,3,GZ,1,100,-9.705,0.946,-0.183
3239153,232,3,MX,1,100,64,62,63
3239153,233,3,MY,1,100,29,27,27
3239153,234,3,MZ,1,100,-16,-16,-17
"
2026-03-05T00:00:31.504Z,1772668831504,10.168.15.94,3132,"3239260,235,3,PI,1,100,149977,149920,149870
3239260,236,3,PR,1,100,114199,114151,114130
3239260,237,3,PG,1,100,9605,9583,9589
3239206,238,1,EA,1,100,0.237397
3239206,239,1,EL,1,100,-13750.400391
3239199,240,1,T1,1,100,36.198
3239214,241,1,TH,1,100,35.010
3239233,242,2,AX,1,100,0.705,0.786
3239233,243,2,AY,1,100,0.503,0.513
3239233,244,2,AZ,1,100,-0.407,-0.395
3239233,245,2,GX,1,100,-10.132,-5.432
3239233,246,2,GY,1,100,9.521,-10.193
3239233,247,2,GZ,1,100,1.251,7.782
3239233,248,2,MX,1,100,63,63
"
2026-03-05T00:00:31.506Z,1772668831506,10.168.15.94,3132,"3239233,249,2,MY,1,100,27,27
3239233,250,2,MZ,1,100,-17,-15
"
2026-03-05T00:00:31.553Z,1772668831553,10.168.15.94,3132,"3239334,251,4,EM,1,100,RS,RE,PS,MN
"
2026-03-05T00:00:31.594Z,1772668831594,10.168.15.94,3132,"3239334,251,4,EM,1,100,RS,RE,PS,MN
3239339,252,1,SF,1,100,6.4053
3239340,253,2,PI,1,100,149904,149877
3239340,254,2,PR,1,100,114135,114125
3239340,255,2,PG,1,100,9577,9585
3239339,256,2,EA,1,100,0.237461,0.237421
3239339,257,2,EL,1,100,-13752.000000,-13751.000000
3239332,258,1,T1,1,100,36.121
3239347,259,1,TH,1,100,35.010
3239353,260,3,AX,1,100,0.800,0.721,0.701
3239353,261,3,AY,1,100,0.471,0.512,0.541
3239353,262,3,AZ,1,100,-0.385,-0.402,-0.469
3239353,263,3,GX,1,100,3.052,5.463,7.721
"
2026-03-05T00:00:31.595Z,1772668831595,10.168.15.94,3132,"3239353,264,3,GY,1,100,-4.578,3.601,4.517
3239353,265,3,GZ,1,100,0.061,-7.782,0.732
3239353,266,3,MX,1,100,63,62,62
3239353,267,3,MY,1,100,27,28,28
3239353,268,3,MZ,1,100,-16,-16,-16
"
2026-03-05T00:00:31.699Z,1772668831699,10.168.15.94,3132,"3239460,269,3,PI,1,100,149838,149849,149869
3239460,270,3,PR,1,100,114094,114110,114120
3239460,271,3,PG,1,100,9594,9581,9586
3239406,272,1,EA,1,100,0.237405
3239406,273,1,EL,1,100,-13750.599609
3239465,274,1,T1,1,100,36.159
3239433,275,2,AX,1,100,0.727,0.737
3239433,276,2,AY,1,100,0.522,0.524
3239433,277,2,AZ,1,100,-0.424,-0.442
3239433,278,2,GX,1,100,3.845,3.723
3239433,279,2,GY,1,100,-4.547,-2.960
3239433,280,2,GZ,1,100,6.165,-2.563
3239433,281,2,MX,1,100,62,61
3239433,282,2,MY,1,100,26,28
"
2026-03-05T00:00:31.700Z,1772668831700,10.168.15.94,3132,"3239433,283,2,MZ,1,100,-17,-16
"
2026-03-05T00:00:31.746Z,1772668831746,10.168.15.94,3132,"3239535,284,4,EM,1,100,RS,RE,PS,MN
"
2026-03-05T00:00:31.795Z,1772668831795,10.168.15.94,3132,"3239535,284,4,EM,1,100,RS,RE,PS,MN
3239540,285,2,PI,1,100,149887,149900
3239540,286,2,PR,1,100,114118,114144
3239540,287,2,PG,1,100,9621,9621
3239539,288,2,EA,1,100,0.237437,0.237445
3239539,289,2,EL,1,100,-13751.400391,-13751.599609
3239480,290,1,TH,1,100,35.000
3239553,291,3,AX,1,100,0.788,0.782,0.647
3239553,292,3,AY,1,100,0.523,0.501,0.530
3239553,293,3,AZ,1,100,-0.404,-0.440,-0.416
3239553,294,3,GX,1,100,5.737,3.540,-1.526
3239553,295,3,GY,1,100,-9.583,-7.233,8.972
"
2026-03-05T00:00:31.797Z,1772668831797,10.168.15.94,3132,"3239553,296,3,GZ,1,100,-7.233,-8.636,-7.294
3239553,297,3,MX,1,100,61,62,63
3239553,298,3,MY,1,100,28,26,27
3239553,299,3,MZ,1,100,-16,-17,-16
"
2026-03-05T00:00:31.894Z,1772668831894,10.168.15.94,3132,"3239605,300,1,SF,1,100,6.3312
3239620,301,2,PI,1,100,149864,149844
3239620,302,2,PR,1,100,114118,114122
3239620,303,2,PG,1,100,9619,9618
3239605,304,1,EA,1,100,0.237510
3239605,305,1,EL,1,100,-13753.200195
3239599,306,1,T1,1,100,36.175
3239613,307,1,TH,1,100,35.000
3239633,308,2,AX,1,100,0.766,0.709
3239633,309,2,AY,1,100,0.515,0.482
3239633,310,2,AZ,1,100,-0.452,-0.450
3239633,311,2,GX,1,100,1.770,2.197
3239633,312,2,GY,1,100,3.662,-1.007
3239633,313,2,GZ,1,100,3.387,3.052
3239633,314,2,MX,1,100,63,62
"
2026-03-05T00:00:31.902Z,1772668831902,10.168.15.94,3132,"3239633,315,2,MY,1,100,27,27
3239633,316,2,MZ,1,100,-17,-17
"
2026-03-05T00:00:31.950Z,1772668831950,10.168.15.94,3132,"3239736,317,4,EM,1,100,RS,RE,PS,MN
"
2026-03-05T00:00:31.998Z,1772668831998,10.168.15.94,3132,"3239736,317,4,EM,1,100,RS,RE,PS,MN
3239753,318,3,PI,1,100,149820,149786,149745
3239753,319,3,PR,1,100,114114,114100,114058
3239753,320,3,PG,1,100,9595,9571,9576
3239739,321,2,EA,1,100,0.237478,0.237526
3239739,322,2,EL,1,100,-13752.400391,-13753.599609
3239732,323,1,T1,1,100,36.182
3239747,324,1,TH,1,100,35.051
3239753,325,3,AX,1,100,0.735,0.708,0.743
3239753,326,3,AY,1,100,0.522,0.500,0.534
3239753,327,3,AZ,1,100,-0.428,-0.411,-0.435
3239753,328,3,GX,1,100,-3.540,-5.096,-0.793
"
2026-03-05T00:00:31.999Z,1772668831999,10.168.15.94,3132,"3239753,329,3,GY,1,100,5.341,2.075,3.662
3239753,330,3,GZ,1,100,-0.549,1.740,5.249
3239753,331,3,MX,1,100,61,62,62
3239753,332,3,MY,1,100,27,26,27
3239753,333,3,MZ,1,100,-16,-16,-17
"
2026-03-05T00:00:32.106Z,1772668832106,10.168.15.94,3132,"3239833,334,2,PI,1,100,149677,149666
3239833,335,2,PR,1,100,113995,114008
3239833,336,2,PG,1,100,9572,9572
3239805,337,1,EA,1,100,0.237445
3239805,338,1,EL,1,100,-13751.599609
3239865,339,1,T1,1,100,36.150
3239833,340,2,AX,1,100,0.777,0.731
3239833,341,2,AY,1,100,0.518,0.511
3239833,342,2,AZ,1,100,-0.402,-0.428
3239833,343,2,GX,1,100,3.479,2.502
3239833,344,2,GY,1,100,-2.930,2.472
3239833,345,2,GZ,1,100,0.977,-4.120
3239833,346,2,MX,1,100,62,63
3239833,347,2,MY,1,100,27,27
3239833,348,2,MZ,1,100,-16,-16
"
2026-03-05T00:00:32.157Z,1772668832157,10.168.15.94,3132,"3239937,349,4,EM,1,100,RS,RE,PS,MN
"
2026-03-05T00:00:32.197Z,1772668832197,10.168.15.94,3132,"3239937,349,4,EM,1,100,RS,RE,PS,MN
3239939,350,1,SF,1,100,6.2579
3239953,351,3,PI,1,100,149645,149613,149591
3239953,352,3,PR,1,100,113975,113967,113930
3239953,353,3,PG,1,100,9554,9561,9574
3239939,354,2,EA,1,100,0.237526,0.237453
3239939,355,2,EL,1,100,-13753.599609,-13751.799805
3239880,356,1,TH,1,100,35.051
3239953,357,3,AX,1,100,0.738,0.745,0.739
3239953,358,3,AY,1,100,0.515,0.505,0.591
3239953,359,3,AZ,1,100,-0.430,-0.441,-0.398
3239953,360,3,GX,1,100,-0.336,-5.035,-14.709
"
2026-03-05T00:00:32.198Z,1772668832198,10.168.15.94,3132,"3239953,361,3,GY,1,100,5.554,-1.312,2.045
3239953,362,3,GZ,1,100,0.092,3.998,-0.397
3239953,363,3,MX,1,100,63,62,62
3239953,364,3,MY,1,100,28,28,27
3239953,365,3,MZ,1,100,-16,-16,-16
"
2026-03-05T00:00:32.304Z,1772668832304,10.168.15.94,3132,"3240073,366,3,PI,1,100,149569,149515,149541
3240073,367,3,PR,1,100,113923,113885,113901
3240073,368,3,PG,1,100,9579,9574,9594
3240072,369,2,EA,1,100,0.237389,0.237373
3240072,370,2,EL,1,100,-13750.200195,-13749.799805
3239999,371,1,T1,1,100,36.136
3240013,372,1,TH,1,100,34.913
3240073,373,3,AX,1,100,0.723,0.768,0.744
3240073,374,3,AY,1,100,0.541,0.496,0.500
3240073,375,3,AZ,1,100,-0.364,-0.427,-0.349
3240073,376,3,GX,1,100,-17.609,-9.491,-2.319
3240073,377,3,GY,1,100,3.632,-3.632,0.305
"
2026-03-05T00:00:32.304Z,1772668832304,10.168.15.94,3132,"3240073,378,3,GZ,1,100,0.885,9.186,4.517
3240073,379,3,MX,1,100,63,63,63
3240073,380,3,MY,1,100,27,28,29
3240073,381,3,MZ,1,100,-15,-16,-14
"
2026-03-05T00:00:32.360Z,1772668832360,10.168.15.94,3132,"3240141,382,4,EM,1,100,RS,RE,PS,MN
"
2026-03-05T00:00:32.401Z,1772668832401,10.168.15.94,3132,"3240141,382,4,EM,1,100,RS,RE,PS,MN
3240153,383,2,PI,1,100,149553,149551
3240153,384,2,PR,1,100,113902,113909
3240153,385,2,PG,1,100,9595,9615
3240139,386,1,EA,1,100,0.237421
3240139,387,1,EL,1,100,-13751.000000
3240132,388,1,T1,1,100,36.201
3240147,389,1,TH,1,100,34.913
3240154,390,2,AX,1,100,0.764,0.699
3240154,391,2,AY,1,100,0.504,0.518
3240154,392,2,AZ,1,100,-0.441,-0.393
3240154,393,2,GX,1,100,5.188,1.251
3240154,394,2,GY,1,100,-3.937,9.064
3240154,395,2,GZ,1,100,0.092,2.472
"
2026-03-05T00:00:32.405Z,1772668832405,10.168.15.94,3132,"3240154,396,2,MX,1,100,62,62
3240154,397,2,MY,1,100,27,29
3240154,398,2,MZ,1,100,-15,-15
"
2026-03-05T00:00:32.509Z,1772668832509,10.168.15.94,3132,"3240272,399,1,SF,1,100,6.1856
3240273,400,3,PI,1,100,149513,149429,149433
3240273,401,3,PR,1,100,113875,113859,113828
3240273,402,3,PG,1,100,9599,9581,9561
3240272,403,2,EA,1,100,0.237348,0.237397
3240272,404,2,EL,1,100,-13749.200195,-13750.400391
3240265,405,1,T1,1,100,36.122
3240280,406,1,TH,1,100,35.085
3240273,407,3,AX,1,100,0.763,0.740,0.828
3240273,408,3,AY,1,100,0.478,0.536,0.505
3240273,409,3,AZ,1,100,-0.404,-0.381,-0.386
3240273,410,3,GX,1,100,-1.068,4.730,7.751
"
2026-03-05T00:00:32.514Z,1772668832514,10.168.15.94,3132,"3240273,411,3,GY,1,100,3.845,-1.495,1.465
3240273,412,3,GZ,1,100,5.371,4.303,0.092
3240273,413,3,MX,1,100,62,63,63
3240273,414,3,MY,1,100,28,29,28
3240273,415,3,MZ,1,100,-16,-15,-14
"
2026-03-05T00:00:32.558Z,1772668832558,10.168.15.94,3132,"3240342,416,4,EM,1,100,RS,RE,PS,MN
"
2026-03-05T00:00:32.611Z,1772668832611,10.168.15.94,3132,"3240342,416,4,EM,1,100,RS,RE,PS,MN
3240353,417,2,PI,1,100,149410,149395
3240353,418,2,PR,1,100,113833,113811
3240353,419,2,PG,1,100,9551,9536
3240339,420,1,EA,1,100,0.237389
3240339,421,1,EL,1,100,-13750.200195
3240353,422,2,AX,1,100,0.717,0.721
3240353,423,2,AY,1,100,0.518,0.479
3240353,424,2,AZ,1,100,-0.428,-0.399
3240353,425,2,GX,1,100,8.606,1.648
3240353,426,2,GY,1,100,0.610,6.714
3240353,427,2,GZ,1,100,-2.563,3.632
3240353,428,2,MX,1,100,61,61
3240353,429,2,MY,1,100,28,29
"
2026-03-05T00:00:32.614Z,1772668832614,10.168.15.94,3132,"3240353,430,2,MZ,1,100,-16,-15
"
2026-03-05T00:00:32.709Z,1772668832709,10.168.15.94,3132,"3240473,431,3,PI,1,100,149385,149398,149435
3240473,432,3,PR,1,100,113803,113836,113860
3240473,433,3,PG,1,100,9565,9541,9566
3240472,434,2,EA,1,100,0.237389,0.237244
3240472,435,2,EL,1,100,-13750.200195,-13746.599609
3240399,436,1,T1,1,100,36.088
3240413,437,1,TH,1,100,35.085
3240473,438,3,AX,1,100,0.820,0.706,0.757
3240473,439,3,AY,1,100,0.500,0.506,0.531
3240473,440,3,AZ,1,100,-0.449,-0.396,-0.404
3240473,441,3,GX,1,100,2.686,5.341,1.251
3240473,442,3,GY,1,100,-9.766,-2.960,1.495
"
2026-03-05T00:00:32.714Z,1772668832714,10.168.15.94,3132,"3240473,443,3,GZ,1,100,6.683,-1.495,-2.045
3240473,444,3,MX,1,100,62,61,62
3240473,445,3,MY,1,100,29,29,29
3240473,446,3,MZ,1,100,-16,-15,-15
"
2026-03-05T00:00:32.766Z,1772668832766,10.168.15.94,3132,"3240543,447,4,EM,1,100,RS,RE,PS,MN
"
2026-03-05T00:00:32.809Z,1772668832809,10.168.15.94,3132,"3240543,447,4,EM,1,100,RS,RE,PS,MN
3240553,448,2,PI,1,100,149458,149457
3240553,449,2,PR,1,100,113867,113875
3240553,450,2,PG,1,100,9568,9565
3240539,451,1,EA,1,100,0.237268
3240539,452,1,EL,1,100,-13747.200195
3240532,453,1,T1,1,100,36.180
3240547,454,1,TH,1,100,34.990
3240553,455,2,AX,1,100,0.749,0.756
3240553,456,2,AY,1,100,0.489,0.504
3240553,457,2,AZ,1,100,-0.394,-0.451
3240553,458,2,GX,1,100,2.075,6.775
3240553,459,2,GY,1,100,-2.838,-0.153
3240553,460,2,GZ,1,100,-0.305,1.038
"
2026-03-05T00:00:32.817Z,1772668832817,10.168.15.94,3132,"3240553,461,2,MX,1,100,61,61
3240553,462,2,MY,1,100,29,28
3240553,463,2,MZ,1,100,-17,-16
"
2026-03-05T00:00:32.915Z,1772668832915,10.168.15.94,3132,"3240593,464,1,BI,1,100,1880
3240593,465,1,HR,1,100,35.67
3240672,466,1,SF,1,100,6.1140
3240673,467,3,PI,1,100,149460,149464,149462
3240673,468,3,PR,1,100,113882,113879,113887
3240673,469,3,PG,1,100,9572,9578,9596
3240672,470,2,EA,1,100,0.237252,0.237381
3240672,471,2,EL,1,100,-13746.799805,-13750.000000
3240665,472,1,T1,1,100,36.113
3240680,473,1,TH,1,100,34.990
3240673,474,3,AX,1,100,0.736,0.809,0.763
3240673,475,3,AY,1,100,0.500,0.501,0.507
3240673,476,3,AZ,1,100,-0.396,-0.417,-0.400
"
2026-03-05T00:00:32.916Z,1772668832916,10.168.15.94,3132,"3240673,477,3,GX,1,100,-0.610,-3.204,-3.723
3240673,478,3,GY,1,100,3.723,-4.547,1.160
3240673,479,3,GZ,1,100,2.014,0.427,-5.035
3240673,480,3,MX,1,100,61,61,62
3240673,481,3,MY,1,100,28,29,28
3240673,482,3,MZ,1,100,-16,-15,-15
"
2026-03-05T00:00:32.968Z,1772668832968,10.168.15.94,3132,"3240744,483,4,EM,1,100,RS,RE,PS,MN
"
2026-03-05T00:00:33.012Z,1772668833012,10.168.15.94,3132,"3240744,483,4,EM,1,100,RS,RE,PS,MN
3240753,484,2,PI,1,100,149438,149381
3240753,485,2,PR,1,100,113843,113817
3240753,486,2,PG,1,100,9594,9608
3240739,487,1,EA,1,100,0.237348
3240739,488,1,EL,1,100,-13749.200195
3240753,489,2,AX,1,100,0.739,0.712
3240753,490,2,AY,1,100,0.478,0.509
3240753,491,2,AZ,1,100,-0.376,-0.425
3240753,492,2,GX,1,100,-6.287,-4.974
3240753,493,2,GY,1,100,11.444,6.531
3240753,494,2,GZ,1,100,-8.484,-3.876
3240753,495,2,MX,1,100,62,63
3240753,496,2,MY,1,100,28,28
"
2026-03-05T00:00:33.013Z,1772668833013,10.168.15.94,3132,"3240753,497,2,MZ,1,100,-16,-15
"
2026-03-05T00:00:33.114Z,1772668833114,10.168.15.94,3132,"3240873,498,3,PI,1,100,149336,149302,149295
3240873,499,3,PR,1,100,113776,113772,113751
3240873,500,3,PG,1,100,9596,9574,9551
3240872,501,2,EA,1,100,0.237340,0.237292
3240872,502,2,EL,1,100,-13749.000000,-13747.799805
3240799,503,1,T1,1,100,36.155
3240813,504,1,TH,1,100,34.978
3240873,505,3,AX,1,100,0.746,0.762,0.736
3240873,506,3,AY,1,100,0.526,0.511,0.496
3240873,507,3,AZ,1,100,-0.369,-0.401,-0.359
3240873,508,3,GX,1,100,-1.495,1.373,-0.885
3240873,509,3,GY,1,100,1.740,-1.953,8.972
"
2026-03-05T00:00:33.116Z,1772668833116,10.168.15.94,3132,"3240873,510,3,GZ,1,100,-1.434,-3.113,-1.892
3240873,511,3,MX,1,100,61,63,62
3240873,512,3,MY,1,100,28,28,30
3240873,513,3,MZ,1,100,-15,-15,-15
"
2026-03-05T00:00:33.133Z,1772668833133,10.168.15.94,3132,"3240919,514,2,RD,1,100,TL,TU
"
2026-03-05T00:00:33.238Z,1772668833238,10.168.15.94,3132,"3241021,515,4,EM,1,100,RS,RE,PS,MN
"
2026-03-05T00:00:33.255Z,1772668833255,10.168.15.94,3132,"3240919,514,2,RD,1,100,TL,TU
3241021,515,4,EM,1,100,RS,RE,PS,MN
3241005,516,1,SF,1,100,6.0433
3240993,517,3,PI,1,100,149270,149284,149296
3240993,518,3,PR,1,100,113742,113769,113745
3240993,519,3,PG,1,100,9557,9545,9549
3241005,520,2,EA,1,100,0.237260,0.237220
3241005,521,2,EL,1,100,-13747.000000,-13746.000000
3240932,522,1,T1,1,100,36.174
3240947,523,1,TH,1,100,34.978
3240993,524,3,AX,1,100,0.799,0.766,0.738
3240993,525,3,AY,1,100,0.548,0.559,0.512
3240993,526,3,AZ,1,100,-0.405,-0.373,-0.382
"
2026-03-05T00:00:33.258Z,1772668833258,10.168.15.94,3132,"3240993,527,3,GX,1,100,2.319,3.540,-0.305
3240993,528,3,GY,1,100,-3.540,-2.075,3.998
3240993,529,3,GZ,1,100,-0.458,-4.669,-8.148
3240993,530,3,MX,1,100,62,63,63
3240993,531,3,MY,1,100,29,28,28
3240993,532,3,MZ,1,100,-15,-15,-15
3240905,533,1,BV,1,100,3.89
3240905,534,1,B%,1,100,75
"
2026-03-05T00:00:33.355Z,1772668833355,10.168.15.94,3132,"3241113,535,3,PI,1,100,149273,149271,149273
3241113,536,3,PR,1,100,113755,113756,113769
3241113,537,3,PG,1,100,9562,9548,9554
3241072,538,1,EA,1,100,0.237252
3241072,539,1,EL,1,100,-13746.799805
3241065,540,1,T1,1,100,36.146
3241080,541,1,TH,1,100,35.046
3241113,542,3,AX,1,100,0.738,0.729,0.728
3241113,543,3,AY,1,100,0.513,0.501,0.568
3241113,544,3,AZ,1,100,-0.396,-0.394,-0.406
3241113,545,3,GX,1,100,0.153,2.380,3.876
3241113,546,3,GY,1,100,2.411,5.005,-4.028
3241113,547,3,GZ,1,100,-3.632,-1.740,-0.671
"
2026-03-05T00:00:33.356Z,1772668833356,10.168.15.94,3132,"3241113,548,3,MX,1,100,63,63,63
3241113,549,3,MY,1,100,27,28,27
3241113,550,3,MZ,1,100,-15,-16,-14
"
2026-03-05T00:00:33.446Z,1772668833446,10.168.15.94,3132,"3241222,551,4,EM,1,100,RS,RE,PS,MN
"
2026-03-05T00:00:33.453Z,1772668833453,10.168.15.94,3132,"3241222,551,4,EM,1,100,RS,RE,PS,MN
3241193,552,2,PI,1,100,149270,149222
3241193,553,2,PR,1,100,113756,113722
3241193,554,2,PG,1,100,9564,9568
3241205,555,2,EA,1,100,0.237252,0.237284
3241205,556,2,EL,1,100,-13746.799805,-13747.599609
3241199,557,1,T1,1,100,36.276
3241213,558,1,TH,1,100,35.046
3241193,559,2,AX,1,100,0.743,0.826
3241193,560,2,AY,1,100,0.474,0.562
3241193,561,2,AZ,1,100,-0.358,-0.402
3241193,562,2,GX,1,100,-1.831,-0.397
3241193,563,2,GY,1,100,1.556,-10.559
3241193,564,2,GZ,1,100,1.221,-2.441
"
2026-03-05T00:00:33.458Z,1772668833458,10.168.15.94,3132,"3241193,565,2,MX,1,100,63,63
3241193,566,2,MY,1,100,27,27
3241193,567,2,MZ,1,100,-14,-15
"
2026-03-05T00:00:33.556Z,1772668833556,10.168.15.94,3132,"3241272,568,1,SF,1,100,5.9734
3241313,569,3,PI,1,100,149236,149234,149240
3241313,570,3,PR,1,100,113743,113729,113731
3241313,571,3,PG,1,100,9576,9589,9585
3241272,572,1,EA,1,100,0.237389
3241272,573,1,EL,1,100,-13750.200195
3241326,574,3,AX,1,100,0.754,0.732,0.730
3241326,575,3,AY,1,100,0.520,0.506,0.548
3241326,576,3,AZ,1,100,-0.377,-0.359,-0.422
3241326,577,3,GX,1,100,-0.702,-2.899,0.793
3241326,578,3,GY,1,100,1.984,4.852,3.265
3241326,579,3,GZ,1,100,-9.399,-4.700,2.289
3241326,580,3,MX,1,100,64,63,64
"
2026-03-05T00:00:33.570Z,1772668833570,10.168.15.94,3132,"3241326,581,3,MY,1,100,28,28,28
3241326,582,3,MZ,1,100,-16,-14,-14
"
2026-03-05T00:00:33.634Z,1772668833634,10.168.15.94,3132,"3241423,583,4,EM,1,100,RS,RE,PS,MN
"
2026-03-05T00:00:33.652Z,1772668833652,10.168.15.94,3132,"3241423,583,4,EM,1,100,RS,RE,PS,MN
3241393,584,2,PI,1,100,149209,149229
3241393,585,2,PR,1,100,113722,113710
3241393,586,2,PG,1,100,9568,9554
3241405,587,2,EA,1,100,0.237147,0.237043
3241405,588,2,EL,1,100,-13744.200195,-13741.599609
3241332,589,1,T1,1,100,36.261
3241347,590,1,TH,1,100,35.046
3241406,591,2,AX,1,100,0.709,0.769
3241406,592,2,AY,1,100,0.512,0.545
3241406,593,2,AZ,1,100,-0.378,-0.395
3241406,594,2,GX,1,100,3.876,2.350
3241406,595,2,GY,1,100,0.549,3.204
3241406,596,2,GZ,1,100,5.066,4.761
"
2026-03-05T00:00:33.659Z,1772668833659,10.168.15.94,3132,"3241406,597,2,MX,1,100,64,63
3241406,598,2,MY,1,100,28,28
3241406,599,2,MZ,1,100,-14,-14
"
2026-03-05T00:00:33.759Z,1772668833759,10.168.15.94,3132,"3241513,600,3,PI,1,100,149235,149211,149204
3241513,601,3,PR,1,100,113724,113692,113696
3241513,602,3,PG,1,100,9545,9528,9528
3241472,603,1,EA,1,100,0.237107
3241472,604,1,EL,1,100,-13743.200195
3241465,605,1,T1,1,100,36.219
3241480,606,1,TH,1,100,35.046
3241526,607,3,AX,1,100,0.784,0.776,0.732
3241526,608,3,AY,1,100,0.524,0.541,0.495
3241526,609,3,AZ,1,100,-0.361,-0.391,-0.367
3241526,610,3,GX,1,100,2.655,1.984,3.754
3241526,611,3,GY,1,100,-2.014,5.951,0.519
3241526,612,3,GZ,1,100,-0.519,-3.998,-0.641
"
2026-03-05T00:00:33.760Z,1772668833760,10.168.15.94,3132,"3241526,613,3,MX,1,100,63,62,62
3241526,614,3,MY,1,100,28,27,28
3241526,615,3,MZ,1,100,-15,-15,-15
"
2026-03-05T00:00:33.837Z,1772668833837,10.168.15.94,3132,"3241624,616,4,EM,1,100,RS,RE,PS,MN
"
2026-03-05T00:00:33.862Z,1772668833862,10.168.15.94,3132,"3241624,616,4,EM,1,100,RS,RE,PS,MN
3241605,617,1,SF,1,100,5.9043
3241633,618,3,PI,1,100,149173,149157,149141
3241633,619,3,PR,1,100,113675,113674,113660
3241633,620,3,PG,1,100,9534,9522,9525
3241605,621,2,EA,1,100,0.237091,0.237115
3241605,622,2,EL,1,100,-13742.799805,-13743.400391
3241598,623,1,T1,1,100,36.237
3241613,624,1,TH,1,100,34.952
3241606,625,2,AX,1,100,0.733,0.726
3241606,626,2,AY,1,100,0.542,0.596
3241606,627,2,AZ,1,100,-0.430,-0.398
3241606,628,2,GX,1,100,4.395,1.862
"
2026-03-05T00:00:33.862Z,1772668833862,10.168.15.94,3132,"3241606,629,2,GY,1,100,3.754,-1.221
3241606,630,2,GZ,1,100,4.547,4.669
3241606,631,2,MX,1,100,63,63
3241606,632,2,MY,1,100,29,28
3241606,633,2,MZ,1,100,-16,-15
"
2026-03-05T00:00:33.967Z,1772668833967,10.168.15.94,3132,"3241727,634,2,PI,1,100,149118,149143
3241727,635,2,PR,1,100,113634,113619
3241727,636,2,PG,1,100,9529,9522
3241672,637,1,EA,1,100,0.237324
3241672,638,1,EL,1,100,-13748.599609
3241732,639,1,T1,1,100,36.209
3241727,640,3,AX,1,100,0.790,0.763,0.708
3241727,641,3,AY,1,100,0.478,0.522,0.503
3241727,642,3,AZ,1,100,-0.361,-0.400,-0.332
3241727,643,3,GX,1,100,-3.296,-2.747,-1.343
3241727,644,3,GY,1,100,-0.061,0.580,4.120
3241727,645,3,GZ,1,100,-1.282,-5.554,-6.866
3241727,646,3,MX,1,100,63,63,64
"
2026-03-05T00:00:33.969Z,1772668833969,10.168.15.94,3132,"3241727,647,3,MY,1,100,30,29,28
3241727,648,3,MZ,1,100,-15,-14,-14
"
2026-03-05T00:00:34.068Z,1772668834068,10.168.15.94,3132,"3241825,649,4,EM,1,100,RS,RE,PS,MN
"
2026-03-05T00:00:34.069Z,1772668834069,10.168.15.94,3132,"3241825,649,4,EM,1,100,RS,RE,PS,MN
3241806,650,2,PI,1,100,149112,149114
3241807,651,2,PR,1,100,113635,113615
3241807,652,2,PG,1,100,9523,9544
3241805,653,2,EA,1,100,0.237236,0.237131
3241805,654,2,EL,1,100,-13746.400391,-13743.799805
3241747,655,1,TH,1,100,34.952
3241807,656,2,AX,1,100,0.733,0.726
3241807,657,2,AY,1,100,0.532,0.539
3241807,658,2,AZ,1,100,-0.399,-0.406
3241807,659,2,GX,1,100,0.977,2.350
3241807,660,2,GY,1,100,4.272,3.998
3241807,661,2,GZ,1,100,1.404,6.714
3241807,662,2,MX,1,100,62,63
"
2026-03-05T00:00:34.071Z,1772668834071,10.168.15.94,3132,"3241807,663,2,MY,1,100,29,30
3241807,664,2,MZ,1,100,-13,-14
"
2026-03-05T00:00:34.167Z,1772668834167,10.168.15.94,3132,"3241927,665,3,PI,1,100,149097,149063,149078
3241927,666,3,PR,1,100,113602,113610,113576
3241927,667,3,PG,1,100,9539,9551,9556
3241872,668,1,EA,1,100,0.237131
3241872,669,1,EL,1,100,-13743.799805
3241865,670,1,T1,1,100,36.232
3241880,671,1,TH,1,100,35.005
3241927,672,3,AX,1,100,0.811,0.792,0.756
3241927,673,3,AY,1,100,0.537,0.476,0.519
3241927,674,3,AZ,1,100,-0.387,-0.353,-0.370
3241927,675,3,GX,1,100,-0.031,-2.960,-2.441
3241927,676,3,GY,1,100,-1.648,-4.517,5.585
3241927,677,3,GZ,1,100,2.350,-6.256,-10.376
"
2026-03-05T00:00:34.171Z,1772668834171,10.168.15.94,3132,"3241927,678,3,MX,1,100,63,63,64
3241927,679,3,MY,1,100,29,27,27
3241927,680,3,MZ,1,100,-14,-14,-14
"
2026-03-05T00:00:34.239Z,1772668834239,10.168.15.94,3132,"3242026,681,4,EM,1,100,RS,RE,PS,MN
"
2026-03-05T00:00:34.265Z,1772668834265,10.168.15.94,3132,"3242026,681,4,EM,1,100,RS,RE,PS,MN
3242005,682,1,SF,1,100,5.8360
3242007,683,2,PI,1,100,149055,149012
3242007,684,2,PR,1,100,113574,113535
3242007,685,2,PG,1,100,9541,9527
3242005,686,2,EA,1,100,0.237163,0.237236
3242005,687,2,EL,1,100,-13744.599609,-13746.400391
3241998,688,1,T1,1,100,36.171
3242013,689,1,TH,1,100,35.005
3242007,690,2,AX,1,100,0.698,0.740
3242007,691,2,AY,1,100,0.567,0.591
3242007,692,2,AZ,1,100,-0.358,-0.385
3242007,693,2,GX,1,100,-3.082,0.641
3242007,694,2,GY,1,100,8.545,7.050
"
2026-03-05T00:00:34.266Z,1772668834266,10.168.15.94,3132,"3242007,695,2,GZ,1,100,-4.272,4.852
3242007,696,2,MX,1,100,63,64
3242007,697,2,MY,1,100,28,28
3242007,698,2,MZ,1,100,-14,-14
"
2026-03-05T00:00:34.381Z,1772668834381,10.168.15.94,3132,"3242127,699,3,PI,1,100,148965,148916,148899
3242127,700,3,PR,1,100,113507,113451,113451
3242127,701,3,PG,1,100,9512,9483,9495
3242139,702,2,EA,1,100,0.237163,0.237147
3242139,703,2,EL,1,100,-13744.599609,-13744.200195
3242132,704,1,T1,1,100,36.251
3242147,705,1,TH,1,100,35.015
3242127,706,3,AX,1,100,0.769,0.783,0.747
3242127,707,3,AY,1,100,0.529,0.480,0.541
3242127,708,3,AZ,1,100,-0.379,-0.341,-0.361
3242127,709,3,GX,1,100,0.519,-4.395,-1.831
3242127,710,3,GY,1,100,3.235,-3.387,3.235
"
2026-03-05T00:00:34.381Z,1772668834381,10.168.15.94,3132,"3242127,711,3,GZ,1,100,6.744,3.143,-2.991
3242127,712,3,MX,1,100,63,64,64
3242127,713,3,MY,1,100,29,28,28
3242127,714,3,MZ,1,100,-13,-14,-14
"
2026-03-05T00:00:34.441Z,1772668834441,10.168.15.94,3132,"3242227,715,4,EM,1,100,RS,RE,PS,MN
"
2026-03-05T00:00:34.468Z,1772668834468,10.168.15.94,3132,"3242227,715,4,EM,1,100,RS,RE,PS,MN
3242207,716,2,PI,1,100,148922,148868
3242207,717,2,PR,1,100,113447,113398
3242207,718,2,PG,1,100,9489,9489
3242205,719,1,EA,1,100,0.237099
3242205,720,1,EL,1,100,-13743.000000
3242207,721,2,AX,1,100,0.746,0.749
3242207,722,2,AY,1,100,0.532,0.551
3242207,723,2,AZ,1,100,-0.343,-0.416
3242207,724,2,GX,1,100,1.526,5.249
3242207,725,2,GY,1,100,3.387,0.732
3242207,726,2,GZ,1,100,-3.571,4.425
3242207,727,2,MX,1,100,64,63
3242207,728,2,MY,1,100,28,30
"
2026-03-05T00:00:34.468Z,1772668834468,10.168.15.94,3132,"3242207,729,2,MZ,1,100,-13,-13
"
2026-03-05T00:00:34.580Z,1772668834580,10.168.15.94,3132,"3242339,730,1,SF,1,100,5.7685
3242327,731,3,PI,1,100,148860,148846,148846
3242327,732,3,PR,1,100,113400,113409,113384
3242327,733,3,PG,1,100,9484,9494,9476
3242339,734,2,EA,1,100,0.237002,0.237043
3242339,735,2,EL,1,100,-13740.599609,-13741.599609
3242265,736,1,T1,1,100,36.251
3242280,737,1,TH,1,100,35.015
3242327,738,3,AX,1,100,0.754,0.828,0.768
3242327,739,3,AY,1,100,0.546,0.503,0.514
3242327,740,3,AZ,1,100,-0.360,-0.348,-0.338
3242327,741,3,GX,1,100,0.610,-3.540,-5.310
"
2026-03-05T00:00:34.581Z,1772668834581,10.168.15.94,3132,"3242327,742,3,GY,1,100,0.854,-3.754,1.495
3242327,743,3,GZ,1,100,7.233,0.000,-8.667
3242327,744,3,MX,1,100,63,63,63
3242327,745,3,MY,1,100,29,29,30
3242327,746,3,MZ,1,100,-14,-14,-13
"
2026-03-05T00:00:34.639Z,1772668834639,10.168.15.94,3132,"3242428,747,4,EM,1,100,RS,RE,PS,MN
"
2026-03-05T00:00:34.670Z,1772668834670,10.168.15.94,3132,"3242428,747,4,EM,1,100,RS,RE,PS,MN
3242407,748,2,PI,1,100,148820,148792
3242407,749,2,PR,1,100,113375,113358
3242407,750,2,PG,1,100,9493,9498
3242405,751,1,EA,1,100,0.237115
3242405,752,1,EL,1,100,-13743.400391
3242399,753,1,T1,1,100,36.179
3242413,754,1,TH,1,100,34.985
3242407,755,2,AX,1,100,0.715,0.730
3242407,756,2,AY,1,100,0.521,0.574
3242407,757,2,AZ,1,100,-0.369,-0.360
3242407,758,2,GX,1,100,-5.707,-4.211
3242407,759,2,GY,1,100,4.364,4.791
3242407,760,2,GZ,1,100,-6.775,2.991
"
2026-03-05T00:00:34.672Z,1772668834672,10.168.15.94,3132,"3242407,761,2,MX,1,100,63,63
3242407,762,2,MY,1,100,30,29
3242407,763,2,MZ,1,100,-14,-13
"
2026-03-05T00:00:34.775Z,1772668834775,10.168.15.94,3132,"3242526,764,3,PI,1,100,148754,148722,148734
3242527,765,3,PR,1,100,113324,113296,113283
3242527,766,3,PG,1,100,9514,9498,9521
3242539,767,2,EA,1,100,0.237043,0.237123
3242539,768,2,EL,1,100,-13741.599609,-13743.599609
3242532,769,1,T1,1,100,36.290
3242547,770,1,TH,1,100,34.985
3242527,771,3,AX,1,100,0.781,0.828,0.763
3242527,772,3,AY,1,100,0.562,0.560,0.528
3242527,773,3,AZ,1,100,-0.336,-0.338,-0.302
3242527,774,3,GX,1,100,-7.935,-6.683,-4.120
3242527,775,3,GY,1,100,-2.045,0.671,3.052
"
2026-03-05T00:00:34.778Z,1772668834778,10.168.15.94,3132,"3242527,776,3,GZ,1,100,5.707,1.282,-9.369
3242527,777,3,MX,1,100,64,63,65
3242527,778,3,MY,1,100,29,29,29
3242527,779,3,MZ,1,100,-13,-12,-12
"
2026-03-05T00:00:34.844Z,1772668834844,10.168.15.94,3132,"3242629,780,4,EM,1,100,RS,RE,PS,MN
"
2026-03-05T00:00:34.872Z,1772668834872,10.168.15.94,3132,"3242629,780,4,EM,1,100,RS,RE,PS,MN
3242605,781,1,SF,1,100,5.7017
3242647,782,3,PI,1,100,148735,148674,148630
3242647,783,3,PR,1,100,113276,113248,113231
3242647,784,3,PG,1,100,9520,9497,9469
3242605,785,1,EA,1,100,0.237292
3242605,786,1,EL,1,100,-13747.799805
3242647,787,3,AX,1,100,0.742,0.726,0.724
3242647,788,3,AY,1,100,0.490,0.552,0.550
3242647,789,3,AZ,1,100,-0.327,-0.355,-0.351
3242647,790,3,GX,1,100,-0.671,1.678,2.533
3242647,791,3,GY,1,100,7.233,4.578,2.930
"
2026-03-05T00:00:34.876Z,1772668834876,10.168.15.94,3132,"3242647,792,3,GZ,1,100,-12.665,-0.793,7.538
3242647,793,3,MX,1,100,65,65,64
3242647,794,3,MY,1,100,29,29,30
3242647,795,3,MZ,1,100,-12,-12,-12
"
2026-03-05T00:00:34.975Z,1772668834975,10.168.15.94,3132,"3242727,796,2,PI,1,100,148610,148576
3242727,797,2,PR,1,100,113202,113164
3242727,798,2,PG,1,100,9466,9471
3242738,799,2,EA,1,100,0.237203,0.236954
3242738,800,2,EL,1,100,-13745.599609,-13739.400391
3242665,801,1,T1,1,100,36.232
3242680,802,1,TH,1,100,34.962
3242727,803,2,AX,1,100,0.806,0.777
3242727,804,2,AY,1,100,0.552,0.498
3242727,805,2,AZ,1,100,-0.348,-0.319
3242727,806,2,GX,1,100,3.876,3.448
3242727,807,2,GY,1,100,0.183,-2.899
3242727,808,2,GZ,1,100,6.195,-1.831
3242727,809,2,MX,1,100,63,64
"
2026-03-05T00:00:34.978Z,1772668834978,10.168.15.94,3132,"3242727,810,2,MY,1,100,29,29
3242727,811,2,MZ,1,100,-12,-12
"
2026-03-05T00:00:35.046Z,1772668835046,10.168.15.94,3132,"3242830,812,4,EM,1,100,RS,RE,PS,MN
"
2026-03-05T00:00:35.077Z,1772668835077,10.168.15.94,3132,"3242830,812,4,EM,1,100,RS,RE,PS,MN
3242847,813,3,PI,1,100,148571,148553,148544
3242847,814,3,PR,1,100,113182,113179,113162
3242847,815,3,PG,1,100,9461,9457,9481
3242805,816,1,EA,1,100,0.237075
3242805,817,1,EL,1,100,-13742.400391
3242798,818,1,T1,1,100,36.171
3242813,819,1,TH,1,100,34.969
3242847,820,3,AX,1,100,0.772,0.704,0.734
3242847,821,3,AY,1,100,0.552,0.523,0.549
3242847,822,3,AZ,1,100,-0.350,-0.312,-0.369
3242847,823,3,GX,1,100,2.686,1.862,6.348
3242847,824,3,GY,1,100,1.556,1.495,2.747
"
2026-03-05T00:00:35.079Z,1772668835079,10.168.15.94,3132,"3242847,825,3,GZ,1,100,-6.744,-3.540,4.761
3242847,826,3,MX,1,100,63,64,64
3242847,827,3,MY,1,100,30,29,30
3242847,828,3,MZ,1,100,-13,-12,-12
"
2026-03-05T00:00:35.180Z,1772668835180,10.168.15.94,3132,"3242938,829,1,SF,1,100,5.6358
3242926,830,2,PI,1,100,148521,148513
3242926,831,2,PR,1,100,113149,113135
3242926,832,2,PG,1,100,9465,9475
3242938,833,2,EA,1,100,0.236978,0.236826
3242938,834,2,EL,1,100,-13740.000000,-13736.200195
3242932,835,1,T1,1,100,36.145
3242946,836,1,TH,1,100,34.966
3242926,837,2,AX,1,100,0.742,0.817
3242926,838,2,AY,1,100,0.566,0.543
3242926,839,2,AZ,1,100,-0.363,-0.323
3242926,840,2,GX,1,100,4.333,-0.366
3242926,841,2,GY,1,100,-1.221,-2.533
3242926,842,2,GZ,1,100,6.775,1.556
"
2026-03-05T00:00:35.181Z,1772668835181,10.168.15.94,3132,"3242926,843,2,MX,1,100,64,64
3242926,844,2,MY,1,100,29,30
3242926,845,2,MZ,1,100,-12,-12
"
2026-03-05T00:00:35.252Z,1772668835252,10.168.15.94,3132,"3243034,846,4,EM,1,100,RS,RE,PS,MN
"
2026-03-05T00:00:35.278Z,1772668835278,10.168.15.94,3132,"3243034,846,4,EM,1,100,RS,RE,PS,MN
3243046,847,3,PI,1,100,148523,148514,148509
3243046,848,3,PR,1,100,113125,113127,113126
3243046,849,3,PG,1,100,9482,9480,9480
3243005,850,1,EA,1,100,0.236994
3243005,851,1,EL,1,100,-13740.400391
3243047,852,3,AX,1,100,0.771,0.750,0.732
3243047,853,3,AY,1,100,0.548,0.514,0.548
3243047,854,3,AZ,1,100,-0.326,-0.338,-0.342
3243047,855,3,GX,1,100,-1.190,0.336,-0.305
3243047,856,3,GY,1,100,-2.777,0.854,0.427
3243047,857,3,GZ,1,100,-5.676,-4.669,1.984
"
2026-03-05T00:00:35.283Z,1772668835283,10.168.15.94,3132,"3243047,858,3,MX,1,100,64,64,64
3243047,859,3,MY,1,100,30,28,30
3243047,860,3,MZ,1,100,-13,-12,-12
"
2026-03-05T00:00:35.385Z,1772668835385,10.168.15.94,3132,"3243127,861,2,PI,1,100,148488,148472
3243127,862,2,PR,1,100,113110,113113
3243127,863,2,PG,1,100,9490,9501
3243138,864,2,EA,1,100,0.236954,0.236858
3243138,865,2,EL,1,100,-13739.400391,-13737.000000
3243065,866,1,T1,1,100,36.205
3243080,867,1,TH,1,100,34.959
3243127,868,2,AX,1,100,0.737,0.788
3243127,869,2,AY,1,100,0.540,0.532
3243127,870,2,AZ,1,100,-0.356,-0.364
3243127,871,2,GX,1,100,1.770,3.082
3243127,872,2,GY,1,100,-0.946,-1.373
3243127,873,2,GZ,1,100,5.035,2.625
3243127,874,2,MX,1,100,63,64
"
2026-03-05T00:00:35.386Z,1772668835386,10.168.15.94,3132,"3243127,875,2,MY,1,100,29,29
3243127,876,2,MZ,1,100,-12,-12
"
2026-03-05T00:00:35.452Z,1772668835452,10.168.15.94,3132,"3243235,877,4,EM,1,100,RS,RE,PS,MN
"
2026-03-05T00:00:35.489Z,1772668835489,10.168.15.94,3132,"3243235,877,4,EM,1,100,RS,RE,PS,MN
3243247,878,3,PI,1,100,148487,148470,148452
3243247,879,3,PR,1,100,113116,113126,113118
3243247,880,3,PG,1,100,9506,9511,9487
3243205,881,1,EA,1,100,0.236826
3243205,882,1,EL,1,100,-13736.200195
3243198,883,1,T1,1,100,36.089
3243213,884,1,TH,1,100,34.964
3243247,885,3,AX,1,100,0.785,0.749,0.775
3243247,886,3,AY,1,100,0.525,0.535,0.575
3243247,887,3,AZ,1,100,-0.329,-0.335,-0.353
3243247,888,3,GX,1,100,-0.183,-1.953,0.702
3243247,889,3,GY,1,100,-4.272,2.930,1.770
"
2026-03-05T00:00:35.489Z,1772668835489,10.168.15.94,3132,"3243247,890,3,GZ,1,100,-3.723,-7.324,-2.075
3243247,891,3,MX,1,100,64,63,64
3243247,892,3,MY,1,100,31,29,28
3243247,893,3,MZ,1,100,-12,-12,-12
"
2026-03-05T00:00:35.585Z,1772668835585,10.168.15.94,3132,"3243339,894,1,SF,1,100,5.5706
3243326,895,2,PI,1,100,148479,148504
3243326,896,2,PR,1,100,113139,113158
3243326,897,2,PG,1,100,9485,9469
3243339,898,2,EA,1,100,0.236906,0.236802
3243339,899,2,EL,1,100,-13738.200195,-13735.599609
3243332,900,1,T1,1,100,36.216
3243346,901,1,TH,1,100,34.964
3243326,902,2,AX,1,100,0.788,0.771
3243326,903,2,AY,1,100,0.573,0.546
3243326,904,2,AZ,1,100,-0.368,-0.330
3243326,905,2,GX,1,100,-0.793,-6.348
3243326,906,2,GY,1,100,4.578,11.383
3243326,907,2,GZ,1,100,-1.770,-9.125
"
2026-03-05T00:00:35.587Z,1772668835587,10.168.15.94,3132,"3243326,908,2,MX,1,100,64,65
3243326,909,2,MY,1,100,28,28
3243326,910,2,MZ,1,100,-12,-11
"
2026-03-05T00:00:35.650Z,1772668835650,10.168.15.94,3132,"3243436,911,4,EM,1,100,RS,RE,PS,MN
"
2026-03-05T00:00:35.690Z,1772668835690,10.168.15.94,3132,"3243436,911,4,EM,1,100,RS,RE,PS,MN
3243446,912,3,PI,1,100,148438,148386,148353
3243446,913,3,PR,1,100,113131,113129,113092
3243446,914,3,PG,1,100,9473,9458,9457
3243405,915,1,EA,1,100,0.236858
3243405,916,1,EL,1,100,-13737.000000
3243446,917,3,AX,1,100,0.792,0.774,0.752
3243446,918,3,AY,1,100,0.545,0.579,0.567
3243446,919,3,AZ,1,100,-0.309,-0.296,-0.225
3243446,920,3,GX,1,100,-11.230,-13.855,-17.670
3243446,921,3,GY,1,100,25.665,32.288,41.687
3243446,922,3,GZ,1,100,-15.381,-14.008,-13.702
"
2026-03-05T00:00:35.691Z,1772668835691,10.168.15.94,3132,"3243446,923,3,MX,1,100,65,65,67
3243446,924,3,MY,1,100,30,28,29
3243446,925,3,MZ,1,100,-10,-9,-7
"
2026-03-05T00:00:35.793Z,1772668835793,10.168.15.94,3132,"3243526,926,2,PI,1,100,148290,148251
3243526,927,2,PR,1,100,113049,113028
3243526,928,2,PG,1,100,9430,9401
3243538,929,2,EA,1,100,0.236802,0.236721
3243538,930,2,EL,1,100,-13735.599609,-13733.599609
3243465,931,1,T1,1,100,36.200
3243480,932,1,TH,1,100,35.026
3243526,933,2,AX,1,100,0.778,0.652
3243526,934,2,AY,1,100,0.591,0.579
3243526,935,2,AZ,1,100,-0.164,-0.135
3243526,936,2,GX,1,100,-16.815,-8.026
3243526,937,2,GY,1,100,64.606,62.134
3243526,938,2,GZ,1,100,-11.078,-2.014
3243526,939,2,MX,1,100,67,67
"
2026-03-05T00:00:35.793Z,1772668835793,10.168.15.94,3132,"3243526,940,2,MY,1,100,30,32
3243526,941,2,MZ,1,100,-4,-3
"
2026-03-05T00:00:35.859Z,1772668835859,10.168.15.94,3132,"3243637,942,4,EM,1,100,RS,RE,PS,MN
"
2026-03-05T00:00:35.887Z,1772668835887,10.168.15.94,3132,"3243637,942,4,EM,1,100,RS,RE,PS,MN
3243605,943,1,SF,1,100,5.5061
3243647,944,3,PI,1,100,148167,148157,148082
3243647,945,3,PR,1,100,113019,113052,113005
3243647,946,3,PG,1,100,9395,9405,9390
3243605,947,1,EA,1,100,0.236802
3243605,948,1,EL,1,100,-13735.599609
3243598,949,1,T1,1,100,36.122
3243613,950,1,TH,1,100,35.026
3243647,951,3,AX,1,100,0.860,0.737,0.763
3243647,952,3,AY,1,100,0.621,0.605,0.579
3243647,953,3,AZ,1,100,-0.187,-0.185,-0.138
3243647,954,3,GX,1,100,0.885,2.014,-4.120
"
2026-03-05T00:00:35.888Z,1772668835888,10.168.15.94,3132,"3243647,955,3,GY,1,100,5.035,3.845,23.041
3243647,956,3,GZ,1,100,-0.580,-0.916,-1.709
3243647,957,3,MX,1,100,67,67,68
3243647,958,3,MY,1,100,31,31,31
3243647,959,3,MZ,1,100,-3,-2,-3
"
2026-03-05T00:00:35.990Z,1772668835990,10.168.15.94,3132,"3243726,960,2,PI,1,100,148006,147987
3243726,961,2,PR,1,100,112995,112986
3243726,962,2,PG,1,100,9392,9389
3243738,963,2,EA,1,100,0.236866,0.236882
3243738,964,2,EL,1,100,-13737.200195,-13737.599609
3243732,965,1,T1,1,100,36.195
3243746,966,1,TH,1,100,35.041
3243726,967,2,AX,1,100,0.814,0.785
3243726,968,2,AY,1,100,0.628,0.597
3243726,969,2,AZ,1,100,-0.162,-0.105
3243726,970,2,GX,1,100,-0.854,-3.052
3243726,971,2,GY,1,100,11.353,20.081
3243726,972,2,GZ,1,100,0.519,-0.336
3243726,973,2,MX,1,100,67,67
"
2026-03-05T00:00:36Z,1772668836000,10.168.15.94,3132,"3243726,974,2,MY,1,100,31,31
3243726,975,2,MZ,1,100,-2,-2
"
2026-03-05T00:00:36.053Z,1772668836053,10.168.15.94,3132,"3243838,976,4,EM,1,100,RS,RE,PS,MN
"
2026-03-05T00:00:36.097Z,1772668836097,10.168.15.94,3132,"3243838,976,4,EM,1,100,RS,RE,PS,MN
3243860,977,3,PI,1,100,147837,147702,147703
3243860,978,3,PR,1,100,112913,112804,112690
3243860,979,3,PG,1,100,9386,9364,9363
3243805,980,1,EA,1,100,0.236786
3243805,981,1,EL,1,100,-13735.200195
3243846,982,3,AX,1,100,0.831,0.781,0.794
3243846,983,3,AY,1,100,0.620,0.636,0.524
3243846,984,3,AZ,1,100,-0.063,-0.114,-0.108
3243846,985,3,GX,1,100,-1.251,8.057,22.278
3243846,986,3,GY,1,100,26.917,4.089,-4.913
3243846,987,3,GZ,1,100,-2.838,-1.770,-2.899
"
2026-03-05T00:00:36.101Z,1772668836101,10.168.15.94,3132,"3243846,988,3,MX,1,100,67,66,67
3243846,989,3,MY,1,100,33,32,31
3243846,990,3,MZ,1,100, 0,-2,-3
"
2026-03-05T00:00:36.209Z,1772668836209,10.168.15.94,3132,"3243938,991,1,SF,1,100,5.4424
3243940,992,2,PI,1,100,147791,147892
3243940,993,2,PR,1,100,112678,112725
3243940,994,2,PG,1,100,9366,9380
3243938,995,2,EA,1,100,0.236818,0.236786
3243938,996,2,EL,1,100,-13736.000000,-13735.200195
3243865,997,1,T1,1,100,36.191
3243880,998,1,TH,1,100,35.041
3243966,999,3,AX,1,100,0.806,0.728,0.743
3243966,1000,3,AY,1,100,0.631,0.621,0.575
3243966,1001,3,AZ,1,100,-0.153,-0.145,-0.128
3243966,1002,3,GX,1,100,18.341,8.575,-2.747
3243966,1003,3,GY,1,100,9.003,29.816,19.989
"
2026-03-05T00:00:36.209Z,1772668836209,10.168.15.94,3132,"3243966,1004,3,GZ,1,100,-0.061,-2.747,-3.082
3243966,1005,3,MX,1,100,67,68,67
3243966,1006,3,MY,1,100,32,33,33
3243966,1007,3,MZ,1,100,-2, 0, 0
"
2026-03-05T00:00:36.254Z,1772668836254,10.168.15.94,3132,"3244039,1008,4,EM,1,100,RS,RE,PS,MN
"
2026-03-05T00:00:36.293Z,1772668836293,10.168.15.94,3132,"3244039,1008,4,EM,1,100,RS,RE,PS,MN
3244060,1009,1,BI,1,100,3440
3244060,1010,1,HR,1,100,31.62
3244060,1011,3,PI,1,100,147943,147955,147987
3244060,1012,3,PR,1,100,112755,112768,112799
3244060,1013,3,PG,1,100,9391,9403,9412
3244005,1014,1,EA,1,100,0.236754
3244005,1015,1,EL,1,100,-13734.400391
3243998,1016,1,T1,1,100,36.224
3244013,1017,1,TH,1,100,35.005
3244046,1018,2,AX,1,100,0.743,0.787
3244046,1019,2,AY,1,100,0.581,0.577
3244046,1020,2,AZ,1,100,-0.106,-0.096
3244046,1021,2,GX,1,100,-6.958,-4.120
"
2026-03-05T00:00:36.297Z,1772668836297,10.168.15.94,3132,"3244046,1022,2,GY,1,100,14.557,8.850
3244046,1023,2,GZ,1,100,2.502,5.493
3244046,1024,2,MX,1,100,67,67
3244046,1025,2,MY,1,100,33,33
3244046,1026,2,MZ,1,100, 0, 0
"
2026-03-05T00:00:36.398Z,1772668836398,10.168.15.94,3132,"3244140,1027,2,PI,1,100,148001,147999
3244140,1028,2,PR,1,100,112795,112773
3244140,1029,2,PG,1,100,9450,9453
3244138,1030,2,EA,1,100,0.236617,0.236625
3244138,1031,2,EL,1,100,-13731.000000,-13731.200195
3244132,1032,1,T1,1,100,36.203
3244146,1033,1,TH,1,100,35.012
3244166,1034,3,AX,1,100,0.804,0.795,0.813
3244166,1035,3,AY,1,100,0.592,0.631,0.603
3244166,1036,3,AZ,1,100,-0.073,-0.135,-0.088
3244166,1037,3,GX,1,100,-5.524,-4.272,-7.507
3244166,1038,3,GY,1,100,-1.221,-11.658,-14.587
"
2026-03-05T00:00:36.399Z,1772668836399,10.168.15.94,3132,"3244166,1039,3,GZ,1,100,6.531,5.188,5.890
3244166,1040,3,MX,1,100,67,67,67
3244166,1041,3,MY,1,100,33,33,32
3244166,1042,3,MZ,1,100, 0, 0, 0
"
2026-03-05T00:00:36.459Z,1772668836459,10.168.15.94,3132,"3244240,1043,4,EM,1,100,RS,RE,PS,MN
"
2026-03-05T00:00:36.501Z,1772668836501,10.168.15.94,3132,"3244240,1043,4,EM,1,100,RS,RE,PS,MN
3244260,1044,3,PI,1,100,147993,147991,147913
3244260,1045,3,PR,1,100,112788,112770,112736
3244260,1046,3,PG,1,100,9463,9472,9479
3244205,1047,1,EA,1,100,0.236617
3244205,1048,1,EL,1,100,-13731.000000
3244265,1049,1,T1,1,100,36.194
3244246,1050,2,AX,1,100,0.795,0.800
3244246,1051,2,AY,1,100,0.573,0.580
3244246,1052,2,AZ,1,100,-0.077,-0.073
3244246,1053,2,GX,1,100,-11.688,-9.003
3244246,1054,2,GY,1,100,5.096,4.395
3244246,1055,2,GZ,1,100,6.531,6.805
"
2026-03-05T00:00:36.504Z,1772668836504,10.168.15.94,3132,"3244246,1056,2,MX,1,100,66,66
3244246,1057,2,MY,1,100,34,33
3244246,1058,2,MZ,1,100, 0, 0
"
2026-03-05T00:00:36.634Z,1772668836634,10.168.15.94,3132,"3244338,1059,1,SF,1,100,5.3795
3244340,1060,2,PI,1,100,147907,147870
3244340,1061,2,PR,1,100,112732,112714
3244340,1062,2,PG,1,100,9489,9513
3244338,1063,2,EA,1,100,0.236617,0.236689
3244338,1064,2,EL,1,100,-13731.000000,-13732.799805
3244280,1065,1,TH,1,100,34.925
3244366,1066,3,AX,1,100,0.815,0.811,0.820
3244366,1067,3,AY,1,100,0.581,0.568,0.546
3244366,1068,3,AZ,1,100,-0.084,-0.077,-0.100
3244366,1069,3,GX,1,100,-6.866,-6.409,-2.411
3244366,1070,3,GY,1,100,-8.331,-7.263,-1.648
"
2026-03-05T00:00:36.635Z,1772668836635,10.168.15.94,3132,"3244366,1071,3,GZ,1,100,5.096,6.226,8.209
3244366,1072,3,MX,1,100,66,67,66
3244366,1073,3,MY,1,100,33,34,34
3244366,1074,3,MZ,1,100, 0, 1, 0
"
2026-03-05T00:00:36.663Z,1772668836663,10.168.15.94,3132,"3244441,1075,4,EM,1,100,RS,RE,PS,MN
"
2026-03-05T00:00:36.703Z,1772668836703,10.168.15.94,3132,"3244441,1075,4,EM,1,100,RS,RE,PS,MN
3244460,1076,3,PI,1,100,147803,147701,147475
3244460,1077,3,PR,1,100,112687,112633,112502
3244460,1078,3,PG,1,100,9485,9465,9445
3244472,1079,2,EA,1,100,0.236762,0.236746
3244472,1080,2,EL,1,100,-13734.599609,-13734.200195
3244398,1081,1,T1,1,100,36.120
3244413,1082,1,TH,1,100,34.918
3244446,1083,2,AX,1,100,0.844,0.829
3244446,1084,2,AY,1,100,0.585,0.591
3244446,1085,2,AZ,1,100,-0.108,-0.096
3244446,1086,2,GX,1,100,0.885,-2.411
3244446,1087,2,GY,1,100,-10.498,-9.949
"
2026-03-05T00:00:36.704Z,1772668836704,10.168.15.94,3132,"3244446,1088,2,GZ,1,100,6.317,-0.244
3244446,1089,2,MX,1,100,66,66
3244446,1090,2,MY,1,100,33,34
3244446,1091,2,MZ,1,100, 0, 0
"
2026-03-05T00:00:36.818Z,1772668836818,10.168.15.94,3132,"3244540,1092,2,PI,1,100,147301,146809
3244540,1093,2,PR,1,100,112395,112181
3244540,1094,2,PG,1,100,9448,9402
3244538,1095,1,EA,1,100,0.236754
3244538,1096,1,EL,1,100,-13734.400391
3244532,1097,1,T1,1,100,36.123
3244546,1098,1,TH,1,100,35.036
3244566,1099,3,AX,1,100,0.794,0.851,0.757
3244566,1100,3,AY,1,100,0.575,0.542,0.496
3244566,1101,3,AZ,1,100,-0.056,-0.104,-0.079
3244566,1102,3,GX,1,100,-1.556,-1.892,-13.062
3244566,1103,3,GY,1,100,-2.808,-3.784,-4.700
3244566,1104,3,GZ,1,100,-1.007,5.310,8.636
"
2026-03-05T00:00:36.819Z,1772668836819,10.168.15.94,3132,"3244566,1105,3,MX,1,100,66,66,66
3244566,1106,3,MY,1,100,34,34,35
3244566,1107,3,MZ,1,100, 0, 0, 0
"
2026-03-05T00:00:36.866Z,1772668836866,10.168.15.94,3132,"3244642,1108,4,EM,1,100,RS,RE,PS,MN
"
2026-03-05T00:00:36.922Z,1772668836922,10.168.15.94,3132,"3244642,1108,4,EM,1,100,RS,RE,PS,MN
3244672,1109,1,SF,1,100,5.3172
3244660,1110,3,PI,1,100,146397,146390,146627
3244660,1111,3,PR,1,100,112040,112049,112102
3244660,1112,3,PG,1,100,9393,9386,9370
3244672,1113,2,EA,1,100,0.236689,0.236609
3244672,1114,2,EL,1,100,-13732.799805,-13730.799805
3244665,1115,1,T1,1,100,36.230
3244680,1116,1,TH,1,100,35.043
3244646,1117,2,AX,1,100,0.825,0.857
3244646,1118,2,AY,1,100,0.576,0.594
3244646,1119,2,AZ,1,100,-0.120,-0.135
3244646,1120,2,GX,1,100,-9.064,-12.512
"
2026-03-05T00:00:36.922Z,1772668836922,10.168.15.94,3132,"3244646,1121,2,GY,1,100,5.737,-12.054
3244646,1122,2,GZ,1,100,10.376,9.094
3244646,1123,2,MX,1,100,65,65
3244646,1124,2,MY,1,100,35,34
3244646,1125,2,MZ,1,100, 1, 0
"
2026-03-05T00:00:37.004Z,1772668837004,10.168.15.94,3132,"3244740,1126,2,PI,1,100,146940,147164
3244740,1127,2,PR,1,100,112250,112365
3244740,1128,2,PG,1,100,9379,9399
3244738,1129,1,EA,1,100,0.236641
3244738,1130,1,EL,1,100,-13731.599609
3244766,1131,3,AX,1,100,0.788,0.898,0.807
3244766,1132,3,AY,1,100,0.512,0.609,0.511
3244766,1133,3,AZ,1,100,-0.052,-0.121,-0.104
3244766,1134,3,GX,1,100,-10.925,-4.669,0.854
3244766,1135,3,GY,1,100,-13.336,-34.760,-23.834
3244766,1136,3,GZ,1,100,4.761,-3.998,3.540
3244766,1137,3,MX,1,100,65,65,65
3244766,1138,3,MY,1,100,34,34,34
"
2026-03-05T00:00:37.004Z,1772668837004,10.168.15.94,3132,"3244766,1139,3,MZ,1,100, 0, 0,-2
"
2026-03-05T00:00:37.060Z,1772668837060,10.168.15.94,3132,"3244843,1140,4,EM,1,100,RS,RE,PS,MN
"
2026-03-05T00:00:37.103Z,1772668837103,10.168.15.94,3132,"3244843,1140,4,EM,1,100,RS,RE,PS,MN
3244820,1141,1,BI,1,100,760
3244820,1142,1,HR,1,100,42.14
3244860,1143,3,PI,1,100,147356,147506,147644
3244860,1144,3,PR,1,100,112449,112502,112560
3244860,1145,3,PG,1,100,9419,9435,9440
3244872,1146,2,EA,1,100,0.236689,0.236665
3244872,1147,2,EL,1,100,-13732.799805,-13732.200195
3244798,1148,1,T1,1,100,36.206
3244813,1149,1,TH,1,100,35.028
3244846,1150,2,AX,1,100,0.846,0.844
3244846,1151,2,AY,1,100,0.588,0.569
3244846,1152,2,AZ,1,100,-0.160,-0.130
"
2026-03-05T00:00:37.107Z,1772668837107,10.168.15.94,3132,"3244846,1153,2,GX,1,100,2.747,0.580
3244846,1154,2,GY,1,100,-21.973,-26.764
3244846,1155,2,GZ,1,100,-2.258,-5.280
3244846,1156,2,MX,1,100,66,65
3244846,1157,2,MY,1,100,34,33
3244846,1158,2,MZ,1,100,-2,-2
"
2026-03-05T00:00:37.213Z,1772668837213,10.168.15.94,3132,"3244938,1159,1,SF,1,100,5.2557
3244980,1160,3,PI,1,100,147730,147880,148009
3244980,1161,3,PR,1,100,112612,112695,112794
3244980,1162,3,PG,1,100,9462,9461,9465
3244938,1163,1,EA,1,100,0.236890
3244938,1164,1,EL,1,100,-13737.799805
3244932,1165,1,T1,1,100,36.125
3244946,1166,1,TH,1,100,35.020
3244966,1167,3,AX,1,100,0.750,0.842,0.777
3244966,1168,3,AY,1,100,0.563,0.560,0.542
3244966,1169,3,AZ,1,100,-0.183,-0.214,-0.180
3244966,1170,3,GX,1,100,2.502,2.808,0.366
3244966,1171,3,GY,1,100,-16.876,-26.917,-15.106
"
2026-03-05T00:00:37.216Z,1772668837216,10.168.15.94,3132,"3244966,1172,3,GZ,1,100,-6.866,-8.820,-5.188
3244966,1173,3,MX,1,100,65,66,66
3244966,1174,3,MY,1,100,33,32,31
3244966,1175,3,MZ,1,100,-4,-4,-4
"
2026-03-05T00:00:37.261Z,1772668837261,10.168.15.94,3132,"3245047,1176,4,EM,1,100,RS,RE,PS,MN
"
2026-03-05T00:00:37.310Z,1772668837310,10.168.15.94,3132,"3245047,1176,4,EM,1,100,RS,RE,PS,MN
3245060,1177,2,PI,1,100,148163,148260
3245060,1178,2,PR,1,100,112865,112949
3245060,1179,2,PG,1,100,9483,9485
3245072,1180,2,EA,1,100,0.236770,0.236617
3245072,1181,2,EL,1,100,-13734.799805,-13731.000000
3245065,1182,1,T1,1,100,36.196
3245080,1183,1,TH,1,100,34.974
3245046,1184,2,AX,1,100,0.770,0.784
3245046,1185,2,AY,1,100,0.550,0.611
3245046,1186,2,AZ,1,100,-0.210,-0.238
3245046,1187,2,GX,1,100,5.310,5.188
3245046,1188,2,GY,1,100,6.836,-0.702
"
2026-03-05T00:00:37.311Z,1772668837311,10.168.15.94,3132,"3245046,1189,2,GZ,1,100,-5.829,-3.540
3245046,1190,2,MX,1,100,66,67
3245046,1191,2,MY,1,100,33,31
3245046,1192,2,MZ,1,100,-4,-4
"
2026-03-05T00:00:37.425Z,1772668837425,10.168.15.94,3132,"3245180,1193,3,PI,1,100,148349,148393,148430
3245180,1194,3,PR,1,100,113019,113037,113079
3245180,1195,3,PG,1,100,9496,9487,9512
3245138,1196,1,EA,1,100,0.236481
3245138,1197,1,EL,1,100,-13727.599609
3245166,1198,3,AX,1,100,0.786,0.808,0.802
3245166,1199,3,AY,1,100,0.612,0.588,0.559
3245166,1200,3,AZ,1,100,-0.214,-0.174,-0.177
3245166,1201,3,GX,1,100,-5.035,-11.017,-5.920
3245166,1202,3,GY,1,100,-8.240,-5.615,-5.615
3245166,1203,3,GZ,1,100,-2.014,-5.280,-6.256
3245166,1204,3,MX,1,100,66,66,66
"
2026-03-05T00:00:37.425Z,1772668837425,10.168.15.94,3132,"3245166,1205,3,MY,1,100,31,32,31
3245166,1206,3,MZ,1,100,-4,-4,-4
"
2026-03-05T00:00:37.460Z,1772668837460,10.168.15.94,3132,"3245248,1207,4,EM,1,100,RS,RE,PS,MN
"
2026-03-05T00:00:37.515Z,1772668837515,10.168.15.94,3132,"3245248,1207,4,EM,1,100,RS,RE,PS,MN
3245272,1208,1,SF,1,100,5.1949
3245260,1209,2,PI,1,100,148512,148631
3245260,1210,2,PR,1,100,113124,113189
3245260,1211,2,PG,1,100,9521,9523
3245272,1212,2,EA,1,100,0.236433,0.236433
3245272,1213,2,EL,1,100,-13726.400391,-13726.400391
3245198,1214,1,T1,1,100,36.156
3245213,1215,1,TH,1,100,34.974
3245286,1216,3,AX,1,100,0.822,0.738,0.746
3245286,1217,3,AY,1,100,0.571,0.534,0.639
3245286,1218,3,AZ,1,100,-0.195,-0.167,-0.247
3245286,1219,3,GX,1,100,-0.549,1.709,8.148
"
2026-03-05T00:00:37.522Z,1772668837522,10.168.15.94,3132,"3245286,1220,3,GY,1,100,-10.437,-10.712,-5.310
3245286,1221,3,GZ,1,100,-5.829,-5.463,0.702
3245286,1222,3,MX,1,100,67,68,67
3245286,1223,3,MY,1,100,31,30,30
3245286,1224,3,MZ,1,100,-5,-6,-5
"
2026-03-05T00:00:37.616Z,1772668837616,10.168.15.94,3132,"3245380,1225,3,PI,1,100,148776,148936,149089
3245380,1226,3,PR,1,100,113283,113375,113435
3245380,1227,3,PG,1,100,9540,9567,9567
3245338,1228,1,EA,1,100,0.236393
3245338,1229,1,EL,1,100,-13725.400391
3245331,1230,1,T1,1,100,36.138
3245346,1231,1,TH,1,100,34.939
3245366,1232,2,AX,1,100,0.780,0.796
3245366,1233,2,AY,1,100,0.563,0.567
3245366,1234,2,AZ,1,100,-0.268,-0.250
3245366,1235,2,GX,1,100,7.812,4.028
3245366,1236,2,GY,1,100,-10.101,-14.252
3245366,1237,2,GZ,1,100,4.517,0.458
"
2026-03-05T00:00:37.618Z,1772668837618,10.168.15.94,3132,"3245366,1238,2,MX,1,100,67,68
3245366,1239,2,MY,1,100,30,30
3245366,1240,2,MZ,1,100,-5,-7
"
2026-03-05T00:00:37.671Z,1772668837671,10.168.15.94,3132,"3245449,1241,4,EM,1,100,RS,RE,PS,MN
"
2026-03-05T00:00:37.719Z,1772668837719,10.168.15.94,3132,"3245449,1241,4,EM,1,100,RS,RE,PS,MN
3245460,1242,2,PI,1,100,149183,149285
3245460,1243,2,PR,1,100,113510,113568
3245460,1244,2,PG,1,100,9599,9622
3245472,1245,2,EA,1,100,0.236385,0.236409
3245472,1246,2,EL,1,100,-13725.200195,-13725.799805
3245465,1247,1,T1,1,100,36.166
3245480,1248,1,TH,1,100,34.939
3245486,1249,3,AX,1,100,0.783,0.764,0.719
3245486,1250,3,AY,1,100,0.575,0.578,0.607
3245486,1251,3,AZ,1,100,-0.234,-0.195,-0.230
3245486,1252,3,GX,1,100,-1.678,-4.486,0.214
"
2026-03-05T00:00:37.720Z,1772668837720,10.168.15.94,3132,"3245486,1253,3,GY,1,100,-2.716,-3.021,0.275
3245486,1254,3,GZ,1,100,-5.829,-5.890,-1.221
3245486,1255,3,MX,1,100,67,67,67
3245486,1256,3,MY,1,100,31,31,30
3245486,1257,3,MZ,1,100,-7,-6,-5
"
2026-03-05T00:00:37.820Z,1772668837820,10.168.15.94,3132,"3245580,1258,3,PI,1,100,149366,149398,149452
3245580,1259,3,PR,1,100,113630,113635,113685
3245580,1260,3,PG,1,100,9632,9642,9643
3245538,1261,1,EA,1,100,0.236337
3245538,1262,1,EL,1,100,-13724.000000
3245566,1263,2,AX,1,100,0.773,0.798
3245566,1264,2,AY,1,100,0.573,0.615
3245566,1265,2,AZ,1,100,-0.277,-0.285
3245566,1266,2,GX,1,100,2.319,1.038
3245566,1267,2,GY,1,100,-1.221,-4.517
3245566,1268,2,GZ,1,100,4.761,1.465
3245566,1269,2,MX,1,100,67,67
3245566,1270,2,MY,1,100,29,29
3245566,1271,2,MZ,1,100,-6,-6
"
2026-03-05T00:00:37.864Z,1772668837864,10.168.15.94,3132,"3245650,1272,4,EM,1,100,RS,RE,PS,MN
"
2026-03-05T00:00:37.923Z,1772668837923,10.168.15.94,3132,"3245650,1272,4,EM,1,100,RS,RE,PS,MN
3245672,1273,1,SF,1,100,5.1348
3245660,1274,2,PI,1,100,149534,149592
3245660,1275,2,PR,1,100,113740,113766
3245660,1276,2,PG,1,100,9647,9662
3245672,1277,2,EA,1,100,0.236441,0.236489
3245672,1278,2,EL,1,100,-13726.599609,-13727.799805
3245598,1279,1,T1,1,100,36.143
3245613,1280,1,TH,1,100,34.980
3245686,1281,3,AX,1,100,0.737,0.790,0.755
3245686,1282,3,AY,1,100,0.582,0.629,0.631
3245686,1283,3,AZ,1,100,-0.198,-0.189,-0.223
3245686,1284,3,GX,1,100,-6.805,-5.310,1.007
"
2026-03-05T00:00:37.923Z,1772668837923,10.168.15.94,3132,"3245686,1285,3,GY,1,100,4.639,-0.366,2.930
3245686,1286,3,GZ,1,100,-7.874,-8.240,-2.319
3245686,1287,3,MX,1,100,67,69,67
3245686,1288,3,MY,1,100,31,29,29
3245686,1289,3,MZ,1,100,-5,-6,-4
"
2026-03-05T00:00:38.027Z,1772668838027,10.168.15.94,3132,"3245780,1290,3,PI,1,100,149636,149665,149701
3245780,1291,3,PR,1,100,113793,113813,113822
3245780,1292,3,PG,1,100,9658,9687,9689
3245738,1293,1,EA,1,100,0.236313
3245738,1294,1,EL,1,100,-13723.400391
3245731,1295,1,T1,1,100,36.097
3245746,1296,1,TH,1,100,34.987
3245766,1297,2,AX,1,100,0.746,0.771
3245766,1298,2,AY,1,100,0.583,0.578
3245766,1299,2,AZ,1,100,-0.219,-0.274
3245766,1300,2,GX,1,100,2.899,3.998
3245766,1301,2,GY,1,100,10.712,2.747
3245766,1302,2,GZ,1,100,-0.671,0.397
3245766,1303,2,MX,1,100,67,67
"
2026-03-05T00:00:38.028Z,1772668838028,10.168.15.94,3132,"3245766,1304,2,MY,1,100,29,30
3245766,1305,2,MZ,1,100,-6,-5
"
2026-03-05T00:00:38.068Z,1772668838068,10.168.15.94,3132,"3245851,1306,4,EM,1,100,RS,RE,PS,MN
"
2026-03-05T00:00:38.129Z,1772668838129,10.168.15.94,3132,"3245851,1306,4,EM,1,100,RS,RE,PS,MN
3245873,1307,2,PI,1,100,149682,149686
3245873,1308,2,PR,1,100,113815,113812
3245873,1309,2,PG,1,100,9676,9688
3245872,1310,2,EA,1,100,0.236209,0.236393
3245872,1311,2,EL,1,100,-13720.799805,-13725.400391
3245865,1312,1,T1,1,100,36.184
3245880,1313,1,TH,1,100,35.012
3245886,1314,3,AX,1,100,0.751,0.743,0.759
3245886,1315,3,AY,1,100,0.591,0.611,0.632
3245886,1316,3,AZ,1,100,-0.220,-0.201,-0.188
3245886,1317,3,GX,1,100,-1.251,-4.700,-1.312
"
2026-03-05T00:00:38.129Z,1772668838129,10.168.15.94,3132,"3245886,1318,3,GY,1,100,4.242,3.571,1.038
3245886,1319,3,GZ,1,100,-1.465,-3.174,-1.617
3245886,1320,3,MX,1,100,67,68,68
3245886,1321,3,MY,1,100,30,29,29
3245886,1322,3,MZ,1,100,-5,-6,-5
"
2026-03-05T00:00:38.233Z,1772668838233,10.168.15.94,3132,"3245938,1323,1,SF,1,100,5.0754
3245993,1324,3,PI,1,100,149688,149645,149599
3245993,1325,3,PR,1,100,113827,113785,113752
3245993,1326,3,PG,1,100,9684,9695,9690
3245938,1327,1,EA,1,100,0.236345
3245938,1328,1,EL,1,100,-13724.200195
3245966,1329,2,AX,1,100,0.756,0.794
3245966,1330,2,AY,1,100,0.580,0.569
3245966,1331,2,AZ,1,100,-0.212,-0.259
3245966,1332,2,GX,1,100,1.709,2.899
3245966,1333,2,GY,1,100,2.777,0.458
3245966,1334,2,GZ,1,100,2.350,4.669
3245966,1335,2,MX,1,100,68,67
3245966,1336,2,MY,1,100,30,30
"
2026-03-05T00:00:38.234Z,1772668838234,10.168.15.94,3132,"3245966,1337,2,MZ,1,100,-5,-5
3245904,1338,1,BV,1,100,3.90
3245904,1339,1,B%,1,100,76
"
2026-03-05T00:00:38.238Z,1772668838238,10.168.15.94,3132,"3246027,1340,2,RD,1,100,TL,TU
"
2026-03-05T00:00:38.342Z,1772668838342,10.168.15.94,3132,"3246129,1341,4,EM,1,100,RS,RE,PS,MN
"
2026-03-05T00:00:38.371Z,1772668838371,10.168.15.94,3132,"3246027,1340,2,RD,1,100,TL,TU
3246129,1341,4,EM,1,100,RS,RE,PS,MN
3246113,1342,3,PI,1,100,149606,149563,149500
3246113,1343,3,PR,1,100,113751,113710,113674
3246113,1344,3,PG,1,100,9688,9696,9686
3246071,1345,2,EA,1,100,0.236273,0.236321
3246071,1346,2,EL,1,100,-13722.400391,-13723.599609
3246131,1347,2,T1,1,100,36.221,36.202
3246013,1348,1,TH,1,100,35.012
3246125,1349,4,AX,1,100,0.784,0.782,0.757,0.735
3246125,1350,4,AY,1,100,0.599,0.619,0.611,0.601
3246125,1351,4,AZ,1,100,-0.226,-0.161,-0.198,-0.160
"
2026-03-05T00:00:38.378Z,1772668838378,10.168.15.94,3132,"3246125,1352,4,GX,1,100,-0.519,-9.583,-6.409,-4.822
3246125,1353,4,GY,1,100,0.397,5.798,3.784,6.683
3246125,1354,4,GZ,1,100,0.336,-5.463,-7.935,-3.021
3246125,1355,4,MX,1,100,66,68,68,69
3246125,1356,4,MY,1,100,32,30,29,31
3246125,1357,4,MZ,1,100,-5,-5,-4,-4
"
2026-03-05T00:00:38.460Z,1772668838460,10.168.15.94,3132,"3246233,1358,3,PI,1,100,149468,149395,149357
3246233,1359,3,PR,1,100,113666,113620,113597
3246233,1360,3,PG,1,100,9668,9667,9641
3246205,1361,2,EA,1,100,0.236377,0.236297
3246205,1362,2,EL,1,100,-13725.000000,-13723.000000
3246146,1363,1,TH,1,100,35.023
3246206,1364,2,AX,1,100,0.754,0.769
3246206,1365,2,AY,1,100,0.636,0.591
3246206,1366,2,AZ,1,100,-0.221,-0.239
3246206,1367,2,GX,1,100,2.319,2.716
3246206,1368,2,GY,1,100,7.629,3.510
3246206,1369,2,GZ,1,100,0.275,0.580
3246206,1370,2,MX,1,100,68,68
"
2026-03-05T00:00:38.465Z,1772668838465,10.168.15.94,3132,"3246206,1371,2,MY,1,100,31,30
3246206,1372,2,MZ,1,100,-3,-4
"
2026-03-05T00:00:38.543Z,1772668838543,10.168.15.94,3132,"3246330,1373,4,EM,1,100,RS,RE,PS,MN
"
2026-03-05T00:00:38.583Z,1772668838583,10.168.15.94,3132,"3246330,1373,4,EM,1,100,RS,RE,PS,MN
3246271,1374,1,SF,1,100,5.0167
3246313,1375,2,PI,1,100,149326,149225
3246313,1376,2,PR,1,100,113569,113500
3246313,1377,2,PG,1,100,9630,9649
3246271,1378,1,EA,1,100,0.236225
3246271,1379,1,EL,1,100,-13721.200195
3246265,1380,1,T1,1,100,36.194
3246279,1381,1,TH,1,100,35.015
3246325,1382,3,AX,1,100,0.787,0.750,0.723
3246325,1383,3,AY,1,100,0.594,0.632,0.619
3246325,1384,3,AZ,1,100,-0.159,-0.162,-0.167
3246325,1385,3,GX,1,100,-3.326,-2.228,-1.831
"
2026-03-05T00:00:38.583Z,1772668838583,10.168.15.94,3132,"3246325,1386,3,GY,1,100,7.050,11.963,9.705
3246325,1387,3,GZ,1,100,-3.662,-7.050,1.312
3246325,1388,3,MX,1,100,69,68,69
3246325,1389,3,MY,1,100,28,29,30
3246325,1390,3,MZ,1,100,-3,-3,-3
"
2026-03-05T00:00:38.660Z,1772668838660,10.168.15.94,3132,"3246433,1391,3,PI,1,100,149094,148997,148931
3246433,1392,3,PR,1,100,113424,113375,113318
3246433,1393,3,PG,1,100,9636,9621,9608
3246405,1394,2,EA,1,100,0.236297,0.236329
3246405,1395,2,EL,1,100,-13723.000000,-13723.799805
3246398,1396,1,T1,1,100,36.048
3246413,1397,1,TH,1,100,35.005
3246406,1398,2,AX,1,100,0.771,0.818
3246406,1399,2,AY,1,100,0.612,0.604
3246406,1400,2,AZ,1,100,-0.166,-0.177
3246406,1401,2,GX,1,100,-1.892,2.838
3246406,1402,2,GY,1,100,0.946,-4.150
3246406,1403,2,GZ,1,100,8.728,4.974
"
2026-03-05T00:00:38.665Z,1772668838665,10.168.15.94,3132,"3246406,1404,2,MX,1,100,68,68
3246406,1405,2,MY,1,100,30,30
3246406,1406,2,MZ,1,100,-2,-4
"
2026-03-05T00:00:38.747Z,1772668838747,10.168.15.94,3132,"3246532,1407,4,EM,1,100,RS,RE,PS,MN
"
2026-03-05T00:00:38.770Z,1772668838770,10.168.15.94,3132,"3246532,1407,4,EM,1,100,RS,RE,PS,MN
3246513,1408,2,PI,1,100,148876,148862
3246513,1409,2,PR,1,100,113282,113265
3246513,1410,2,PG,1,100,9608,9597
3246471,1411,1,EA,1,100,0.236257
3246471,1412,1,EL,1,100,-13722.000000
3246531,1413,1,T1,1,100,36.163
3246525,1414,3,AX,1,100,0.789,0.775,0.757
3246525,1415,3,AY,1,100,0.617,0.583,0.629
3246525,1416,3,AZ,1,100,-0.152,-0.144,-0.169
3246525,1417,3,GX,1,100,0.458,-0.427,1.343
3246525,1418,3,GY,1,100,2.075,7.812,10.956
3246525,1419,3,GZ,1,100,-5.798,-6.042,-1.587
"
2026-03-05T00:00:38.771Z,1772668838771,10.168.15.94,3132,"3246525,1420,3,MX,1,100,70,68,68
3246525,1421,3,MY,1,100,30,30,30
3246525,1422,3,MZ,1,100,-2,-2,-3
"
2026-03-05T00:00:38.866Z,1772668838866,10.168.15.94,3132,"3246605,1423,1,SF,1,100,4.9587
3246633,1424,3,PI,1,100,148808,148725,148628
3246633,1425,3,PR,1,100,113232,113182,113143
3246633,1426,3,PG,1,100,9617,9613,9611
3246605,1427,2,EA,1,100,0.236194,0.236170
3246605,1428,2,EL,1,100,-13720.400391,-13719.799805
3246546,1429,1,TH,1,100,35.012
3246606,1430,2,AX,1,100,0.718,0.798
3246606,1431,2,AY,1,100,0.662,0.607
3246606,1432,2,AZ,1,100,-0.187,-0.170
3246606,1433,2,GX,1,100,3.052,-4.303
3246606,1434,2,GY,1,100,5.402,3.479
3246606,1435,2,GZ,1,100,-0.824,0.610
"
2026-03-05T00:00:38.869Z,1772668838869,10.168.15.94,3132,"3246606,1436,2,MX,1,100,68,69
3246606,1437,2,MY,1,100,30,30
3246606,1438,2,MZ,1,100,-3,-2
"
2026-03-05T00:00:38.946Z,1772668838946,10.168.15.94,3132,"3246733,1439,4,EM,1,100,RS,RE,PS,MN
"
2026-03-05T00:00:38.972Z,1772668838972,10.168.15.94,3132,"3246733,1439,4,EM,1,100,RS,RE,PS,MN
3246713,1440,2,PI,1,100,148561,148454
3246713,1441,2,PR,1,100,113088,113025
3246713,1442,2,PG,1,100,9586,9591
3246738,1443,2,EA,1,100,0.236114,0.236241
3246738,1444,2,EL,1,100,-13718.400391,-13721.599609
3246665,1445,1,T1,1,100,36.106
3246679,1446,1,TH,1,100,34.982
3246725,1447,3,AX,1,100,0.780,0.768,0.766
3246725,1448,3,AY,1,100,0.620,0.630,0.663
3246725,1449,3,AZ,1,100,-0.110,-0.119,-0.160
3246725,1450,3,GX,1,100,-6.409,-1.953,-2.991
"
2026-03-05T00:00:38.972Z,1772668838972,10.168.15.94,3132,"3246725,1451,3,GY,1,100,4.944,16.357,12.268
3246725,1452,3,GZ,1,100,-5.524,-7.721,0.000
3246725,1453,3,MX,1,100,69,70,69
3246725,1454,3,MY,1,100,31,30,30
3246725,1455,3,MZ,1,100, 0, 0,-2
"
2026-03-05T00:00:39.070Z,1772668839070,10.168.15.94,3132,"3246833,1456,3,PI,1,100,148354,148277,148209
3246833,1457,3,PR,1,100,112967,112939,112860
3246833,1458,3,PG,1,100,9554,9559,9534
3246805,1459,1,EA,1,100,0.236194
3246805,1460,1,EL,1,100,-13720.400391
3246798,1461,1,T1,1,100,36.188
3246813,1462,1,TH,1,100,34.982
3246806,1463,2,AX,1,100,0.754,0.795
3246806,1464,2,AY,1,100,0.614,0.624
3246806,1465,2,AZ,1,100,-0.124,-0.124
3246806,1466,2,GX,1,100,-6.134,-6.653
3246806,1467,2,GY,1,100,1.434,16.052
3246806,1468,2,GZ,1,100,4.333,4.028
"
2026-03-05T00:00:39.072Z,1772668839072,10.168.15.94,3132,"3246806,1469,2,MX,1,100,69,70
3246806,1470,2,MY,1,100,30,31
3246806,1471,2,MZ,1,100, 0, 0
"
2026-03-05T00:00:39.154Z,1772668839154,10.168.15.94,3132,"3246934,1472,4,EM,1,100,RS,RE,PS,MN
"
2026-03-05T00:00:39.190Z,1772668839190,10.168.15.94,3132,"3246934,1472,4,EM,1,100,RS,RE,PS,MN
3246938,1473,1,SF,1,100,4.9013
3246913,1474,2,PI,1,100,148111,148030
3246913,1475,2,PR,1,100,112806,112753
3246913,1476,2,PG,1,100,9526,9524
3246938,1477,2,EA,1,100,0.236106,0.236154
3246938,1478,2,EL,1,100,-13718.200195,-13719.400391
3246931,1479,1,T1,1,100,36.081
3246946,1480,1,TH,1,100,34.944
3246925,1481,3,AX,1,100,0.786,0.712,0.729
3246925,1482,3,AY,1,100,0.629,0.623,0.611
3246925,1483,3,AZ,1,100,-0.104,-0.067,-0.089
3246925,1484,3,GX,1,100,-3.143,-5.096,-3.601
"
2026-03-05T00:00:39.190Z,1772668839190,10.168.15.94,3132,"3246925,1485,3,GY,1,100,12.115,7.690,4.486
3246925,1486,3,GZ,1,100,-4.517,-10.376,-3.448
3246925,1487,3,MX,1,100,70,70,69
3246925,1488,3,MY,1,100,31,30,30
3246925,1489,3,MZ,1,100, 0, 0, 1
"
2026-03-05T00:00:39.270Z,1772668839270,10.168.15.94,3132,"3247033,1490,3,PI,1,100,147922,147883,147929
3247033,1491,3,PR,1,100,112700,112663,112673
3247033,1492,3,PG,1,100,9541,9510,9524
3247005,1493,1,EA,1,100,0.236090
3247005,1494,1,EL,1,100,-13717.799805
3247005,1495,2,AX,1,100,0.754,0.768
3247005,1496,2,AY,1,100,0.635,0.636
3247005,1497,2,AZ,1,100,-0.095,-0.115
3247005,1498,2,GX,1,100,2.716,5.127
3247005,1499,2,GY,1,100,-10.468,-13.885
3247005,1500,2,GZ,1,100,1.617,1.190
3247005,1501,2,MX,1,100,70,69
3247005,1502,2,MY,1,100,30,30
3247005,1503,2,MZ,1,100, 0, 0
"
2026-03-05T00:00:39.349Z,1772668839349,10.168.15.94,3132,"3247135,1504,4,EM,1,100,RS,RE,PS,MN
"
2026-03-05T00:00:39.372Z,1772668839372,10.168.15.94,3132,"3247135,1504,4,EM,1,100,RS,RE,PS,MN
3247113,1505,2,PI,1,100,148015,148036
3247113,1506,2,PR,1,100,112709,112708
3247113,1507,2,PG,1,100,9539,9532
3247138,1508,2,EA,1,100,0.236138,0.236265
3247138,1509,2,EL,1,100,-13719.000000,-13722.200195
3247065,1510,1,T1,1,100,36.035
3247079,1511,1,TH,1,100,34.944
3247125,1512,3,AX,1,100,0.819,0.753,0.778
3247125,1513,3,AY,1,100,0.630,0.581,0.646
3247125,1514,3,AZ,1,100,-0.159,-0.088,-0.095
3247125,1515,3,GX,1,100,6.592,-0.519,0.000
"
2026-03-05T00:00:39.373Z,1772668839373,10.168.15.94,3132,"3247125,1516,3,GY,1,100,-13.977,-2.502,1.282
3247125,1517,3,GZ,1,100,0.305,-1.709,0.305
3247125,1518,3,MX,1,100,69,70,70
3247125,1519,3,MY,1,100,31,30,29
3247125,1520,3,MZ,1,100,-1, 0, 0
"
2026-03-05T00:00:39.478Z,1772668839478,10.168.15.94,3132,"3247233,1521,3,PI,1,100,148041,148065,148063
3247233,1522,3,PR,1,100,112715,112732,112733
3247233,1523,3,PG,1,100,9537,9537,9521
3247205,1524,1,EA,1,100,0.236178
3247205,1525,1,EL,1,100,-13720.000000
3247198,1526,1,T1,1,100,36.192
3247213,1527,1,TH,1,100,34.974
3247245,1528,3,AX,1,100,0.765,0.775,0.758
3247245,1529,3,AY,1,100,0.610,0.651,0.607
3247245,1530,3,AZ,1,100,-0.116,-0.186,-0.117
3247245,1531,3,GX,1,100,4.272,5.524,-0.732
3247245,1532,3,GY,1,100,-3.662,6.409,1.648
"
2026-03-05T00:00:39.479Z,1772668839479,10.168.15.94,3132,"3247245,1533,3,GZ,1,100,2.655,2.441,0.427
3247245,1534,3,MX,1,100,69,69,70
3247245,1535,3,MY,1,100,30,30,30
3247245,1536,3,MZ,1,100, 0, 0, 0
"
2026-03-05T00:00:39.558Z,1772668839558,10.168.15.94,3132,"3247336,1537,4,EM,1,100,RS,RE,PS,MN
"
2026-03-05T00:00:39.587Z,1772668839587,10.168.15.94,3132,"3247336,1537,4,EM,1,100,RS,RE,PS,MN
3247273,1538,1,BI,1,100,2440
3247273,1539,1,HR,1,100,38.24
3247338,1540,1,SF,1,100,4.8446
3247313,1541,2,PI,1,100,148078,148103
3247313,1542,2,PR,1,100,112731,112770
3247313,1543,2,PG,1,100,9508,9524
3247338,1544,2,EA,1,100,0.236082,0.236122
3247338,1545,2,EL,1,100,-13717.599609,-13718.599609
3247331,1546,1,T1,1,100,36.154
3247346,1547,1,TH,1,100,34.974
3247325,1548,2,AX,1,100,0.761,0.783
3247325,1549,2,AY,1,100,0.638,0.641
3247325,1550,2,AZ,1,100,-0.103,-0.092
"
2026-03-05T00:00:39.587Z,1772668839587,10.168.15.94,3132,"3247325,1551,2,GX,1,100,-3.632,-1.068
3247325,1552,2,GY,1,100,-1.801,1.526
3247325,1553,2,GZ,1,100,-3.113,0.519
3247325,1554,2,MX,1,100,69,70
3247325,1555,2,MY,1,100,30,30
3247325,1556,2,MZ,1,100, 0, 0
"
2026-03-05T00:00:39.677Z,1772668839677,10.168.15.94,3132,"3247433,1557,3,PI,1,100,148130,148126,148119
3247433,1558,3,PR,1,100,112766,112769,112767
3247433,1559,3,PG,1,100,9534,9505,9517
3247405,1560,1,EA,1,100,0.236090
3247405,1561,1,EL,1,100,-13717.799805
3247445,1562,3,AX,1,100,0.761,0.745,0.751
3247445,1563,3,AY,1,100,0.616,0.592,0.597
3247445,1564,3,AZ,1,100,-0.121,-0.137,-0.115
3247445,1565,3,GX,1,100,0.885,0.244,-0.793
3247445,1566,3,GY,1,100,2.838,4.333,3.876
3247445,1567,3,GZ,1,100,0.580,-0.366,2.319
3247445,1568,3,MX,1,100,70,69,70
"
2026-03-05T00:00:39.678Z,1772668839678,10.168.15.94,3132,"3247445,1569,3,MY,1,100,31,31,30
3247445,1570,3,MZ,1,100, 0, 0, 0
"
2026-03-05T00:00:39.753Z,1772668839753,10.168.15.94,3132,"3247537,1571,4,EM,1,100,RS,RE,PS,MN
"
2026-03-05T00:00:39.786Z,1772668839786,10.168.15.94,3132,"3247537,1571,4,EM,1,100,RS,RE,PS,MN
3247513,1572,2,PI,1,100,148135,148109
3247513,1573,2,PR,1,100,112764,112746
3247513,1574,2,PG,1,100,9513,9501
3247538,1575,2,EA,1,100,0.236010,0.235994
3247538,1576,2,EL,1,100,-13715.799805,-13715.400391
3247465,1577,1,T1,1,100,36.067
3247479,1578,1,TH,1,100,35.028
3247525,1579,2,AX,1,100,0.760,0.798
3247525,1580,2,AY,1,100,0.617,0.623
3247525,1581,2,AZ,1,100,-0.116,-0.071
3247525,1582,2,GX,1,100,-0.763,2.655
3247525,1583,2,GY,1,100,-1.892,0.671
"
2026-03-05T00:00:39.787Z,1772668839787,10.168.15.94,3132,"3247525,1584,2,GZ,1,100,2.380,2.686
3247525,1585,2,MX,1,100,69,69
3247525,1586,2,MY,1,100,30,31
3247525,1587,2,MZ,1,100, 0, 0
"
2026-03-05T00:00:39.881Z,1772668839881,10.168.15.94,3132,"3247605,1588,1,SF,1,100,4.7886
3247633,1589,3,PI,1,100,148089,148064,148046
3247633,1590,3,PR,1,100,112712,112701,112673
3247633,1591,3,PG,1,100,9500,9490,9514
3247605,1592,1,EA,1,100,0.235922
3247605,1593,1,EL,1,100,-13713.599609
3247598,1594,1,T1,1,100,36.171
3247613,1595,1,TH,1,100,35.028
3247645,1596,3,AX,1,100,0.829,0.759,0.750
3247645,1597,3,AY,1,100,0.689,0.639,0.585
3247645,1598,3,AZ,1,100,-0.161,-0.089,-0.066
3247645,1599,3,GX,1,100,4.944,-1.282,-5.341
3247645,1600,3,GY,1,100,3.845,-0.458,10.254
"
2026-03-05T00:00:39.891Z,1772668839891,10.168.15.94,3132,"3247645,1601,3,GZ,1,100,1.282,-4.822,-6.256
3247645,1602,3,MX,1,100,69,69,70
3247645,1603,3,MY,1,100,30,30,30
3247645,1604,3,MZ,1,100, 0, 0, 0
"
2026-03-05T00:00:39.958Z,1772668839958,10.168.15.94,3132,"3247740,1605,4,EM,1,100,RS,RE,PS,MN
"
2026-03-05T00:00:40.003Z,1772668840003,10.168.15.94,3132,"3247740,1605,4,EM,1,100,RS,RE,PS,MN
3247753,1606,3,PI,1,100,147994,147954,147933
3247753,1607,3,PR,1,100,112657,112643,112614
3247753,1608,3,PG,1,100,9504,9520,9520
3247738,1609,2,EA,1,100,0.236050,0.236042
3247738,1610,2,EL,1,100,-13716.799805,-13716.599609
3247731,1611,1,T1,1,100,36.216
3247746,1612,1,TH,1,100,35.048
3247725,1613,2,AX,1,100,0.741,0.733
3247725,1614,2,AY,1,100,0.610,0.637
3247725,1615,2,AZ,1,100,-0.112,-0.141
3247725,1616,2,GX,1,100,2.991,8.575
3247725,1617,2,GY,1,100,11.200,0.793
"
2026-03-05T00:00:40.004Z,1772668840004,10.168.15.94,3132,"3247725,1618,2,GZ,1,100,-2.441,-0.671
3247725,1619,2,MX,1,100,70,70
3247725,1620,2,MY,1,100,30,30
3247725,1621,2,MZ,1,100, 0, 0
"
2026-03-05T00:00:40.089Z,1772668840089,10.168.15.94,3132,"3247833,1622,2,PI,1,100,147884,147866
3247833,1623,2,PR,1,100,112583,112564
3247833,1624,2,PG,1,100,9516,9499
3247805,1625,1,EA,1,100,0.235915
3247805,1626,1,EL,1,100,-13713.400391
3247845,1627,3,AX,1,100,0.730,0.772,0.841
3247845,1628,3,AY,1,100,0.624,0.601,0.571
3247845,1629,3,AZ,1,100,-0.138,-0.109,-0.069
3247845,1630,3,GX,1,100,3.357,-1.282,-2.319
3247845,1631,3,GY,1,100,-2.197,-6.653,-10.223
3247845,1632,3,GZ,1,100,5.310,7.690,5.798
3247845,1633,3,MX,1,100,69,68,69
3247845,1634,3,MY,1,100,30,31,31
"
2026-03-05T00:00:40.090Z,1772668840090,10.168.15.94,3132,"3247845,1635,3,MZ,1,100, 0, 0, 0
"
2026-03-05T00:00:40.154Z,1772668840154,10.168.15.94,3132,"3247940,1636,4,EM,1,100,RS,RE,PS,MN
"
2026-03-05T00:00:40.181Z,1772668840181,10.168.15.94,3132,"3247940,1636,4,EM,1,100,RS,RE,PS,MN
3247938,1637,1,SF,1,100,4.7332
3247926,1638,2,PI,1,100,147836,147835
3247926,1639,2,PR,1,100,112539,112534
3247926,1640,2,PG,1,100,9490,9494
3247938,1641,2,EA,1,100,0.235970,0.236122
3247938,1642,2,EL,1,100,-13714.799805,-13718.599609
3247864,1643,1,T1,1,100,36.058
3247879,1644,1,TH,1,100,35.048
3247926,1645,2,AX,1,100,0.841,0.771
3247926,1646,2,AY,1,100,0.657,0.601
3247926,1647,2,AZ,1,100,-0.113,-0.054
3247926,1648,2,GX,1,100,1.038,1.709
"
2026-03-05T00:00:40.191Z,1772668840191,10.168.15.94,3132,"3247926,1649,2,GY,1,100,-6.134,-1.862
3247926,1650,2,GZ,1,100,2.136,-3.387
3247926,1651,2,MX,1,100,68,68
3247926,1652,2,MY,1,100,31,31
3247926,1653,2,MZ,1,100, 0, 0
"
2026-03-05T00:00:40.299Z,1772668840299,10.168.15.94,3132,"3248046,1654,3,PI,1,100,147819,147777,147771
3248046,1655,3,PR,1,100,112542,112508,112497
3248046,1656,3,PG,1,100,9483,9497,9500
3248005,1657,1,EA,1,100,0.236090
3248005,1658,1,EL,1,100,-13717.799805
3247998,1659,1,T1,1,100,36.096
3248013,1660,1,TH,1,100,35.033
3248046,1661,3,AX,1,100,0.776,0.746,0.742
3248046,1662,3,AY,1,100,0.635,0.626,0.591
3248046,1663,3,AZ,1,100,-0.147,-0.140,-0.112
3248046,1664,3,GX,1,100,4.517,1.892,-2.991
3248046,1665,3,GY,1,100,6.775,2.991,2.960
"
2026-03-05T00:00:40.299Z,1772668840299,10.168.15.94,3132,"3248046,1666,3,GZ,1,100,-1.648,2.838,1.068
3248046,1667,3,MX,1,100,69,69,68
3248046,1668,3,MY,1,100,30,30,30
3248046,1669,3,MZ,1,100, 0, 0, 0
"
2026-03-05T00:00:40.354Z,1772668840354,10.168.15.94,3132,"3248141,1670,4,EM,1,100,RS,RE,PS,MN
"
2026-03-05T00:00:40.383Z,1772668840383,10.168.15.94,3132,"3248141,1670,4,EM,1,100,RS,RE,PS,MN
3248126,1671,2,PI,1,100,147763,147770
3248126,1672,2,PR,1,100,112506,112499
3248126,1673,2,PG,1,100,9513,9511
3248138,1674,2,EA,1,100,0.235938,0.235938
3248138,1675,2,EL,1,100,-13714.000000,-13714.000000
3248131,1676,1,T1,1,100,36.148
3248146,1677,1,TH,1,100,35.033
3248126,1678,2,AX,1,100,0.781,0.823
3248126,1679,2,AY,1,100,0.584,0.625
3248126,1680,2,AZ,1,100,-0.113,-0.099
3248126,1681,2,GX,1,100,-2.899,0.732
3248126,1682,2,GY,1,100,-0.977,-1.434
"
2026-03-05T00:00:40.385Z,1772668840385,10.168.15.94,3132,"3248126,1683,2,GZ,1,100,-1.099,-2.563
3248126,1684,2,MX,1,100,69,69
3248126,1685,2,MY,1,100,31,31
3248126,1686,2,MZ,1,100, 0, 0
"
2026-03-05T00:00:40.490Z,1772668840490,10.168.15.94,3132,"3248246,1687,3,PI,1,100,147782,147771,147790
3248246,1688,3,PR,1,100,112510,112532,112546
3248246,1689,3,PG,1,100,9501,9520,9515
3248205,1690,1,EA,1,100,0.235795
3248205,1691,1,EL,1,100,-13710.400391
3248246,1692,3,AX,1,100,0.774,0.745,0.747
3248246,1693,3,AY,1,100,0.603,0.618,0.623
3248246,1694,3,AZ,1,100,-0.066,-0.125,-0.134
3248246,1695,3,GX,1,100,0.580,3.876,2.686
3248246,1696,3,GY,1,100,5.707,10.254,2.106
3248246,1697,3,GZ,1,100,-4.364,-1.984,2.350
3248246,1698,3,MX,1,100,70,68,68
"
2026-03-05T00:00:40.502Z,1772668840502,10.168.15.94,3132,"3248246,1699,3,MY,1,100,31,31,30
3248246,1700,3,MZ,1,100, 0, 0, 0
"
2026-03-05T00:00:40.555Z,1772668840555,10.168.15.94,3132,"3248342,1701,4,EM,1,100,RS,RE,PS,MN
"
2026-03-05T00:00:40.591Z,1772668840591,10.168.15.94,3132,"3248342,1701,4,EM,1,100,RS,RE,PS,MN
3248338,1702,1,SF,1,100,4.6784
3248326,1703,2,PI,1,100,147797,147764
3248326,1704,2,PR,1,100,112543,112543
3248326,1705,2,PG,1,100,9508,9515
3248338,1706,2,EA,1,100,0.235867,0.235827
3248338,1707,2,EL,1,100,-13712.200195,-13711.200195
3248265,1708,1,T1,1,100,36.135
3248279,1709,1,TH,1,100,35.043
3248339,1710,2,AX,1,100,0.768,0.776
3248339,1711,2,AY,1,100,0.582,0.623
3248339,1712,2,AZ,1,100,-0.107,-0.109
3248339,1713,2,GX,1,100,-0.793,2.747
"
2026-03-05T00:00:40.597Z,1772668840597,10.168.15.94,3132,"3248339,1714,2,GY,1,100,1.373,-2.411
3248339,1715,2,GZ,1,100,3.998,0.458
3248339,1716,2,MX,1,100,69,69
3248339,1717,2,MY,1,100,31,31
3248339,1718,2,MZ,1,100, 0, 0
"
2026-03-05T00:00:40.695Z,1772668840695,10.168.15.94,3132,"3248446,1719,3,PI,1,100,147774,147750,147743
3248446,1720,3,PR,1,100,112536,112531,112521
3248446,1721,3,PG,1,100,9496,9477,9476
3248405,1722,1,EA,1,100,0.235922
3248405,1723,1,EL,1,100,-13713.599609
3248398,1724,1,T1,1,100,36.165
3248413,1725,1,TH,1,100,35.043
3248459,1726,3,AX,1,100,0.776,0.780,0.774
3248459,1727,3,AY,1,100,0.618,0.660,0.627
3248459,1728,3,AZ,1,100,-0.073,-0.128,-0.122
3248459,1729,3,GX,1,100,5.249,3.113,2.045
3248459,1730,3,GY,1,100,-2.838,0.641,-1.923
"
2026-03-05T00:00:40.696Z,1772668840696,10.168.15.94,3132,"3248459,1731,3,GZ,1,100,-2.289,-0.183,4.303
3248459,1732,3,MX,1,100,69,68,68
3248459,1733,3,MY,1,100,30,31,31
3248459,1734,3,MZ,1,100, 0, 0, 0
"
2026-03-05T00:00:40.761Z,1772668840761,10.168.15.94,3132,"3248543,1735,4,EM,1,100,RS,RE,PS,MN
"
2026-03-05T00:00:40.793Z,1772668840793,10.168.15.94,3132,"3248543,1735,4,EM,1,100,RS,RE,PS,MN
3248526,1736,2,PI,1,100,147746,147732
3248526,1737,2,PR,1,100,112536,112532
3248526,1738,2,PG,1,100,9469,9476
3248538,1739,2,EA,1,100,0.235851,0.235835
3248538,1740,2,EL,1,100,-13711.799805,-13711.400391
3248531,1741,1,T1,1,100,36.178
3248546,1742,1,TH,1,100,35.045
3248539,1743,2,AX,1,100,0.784,0.790
3248539,1744,2,AY,1,100,0.592,0.589
3248539,1745,2,AZ,1,100,-0.111,-0.096
3248539,1746,2,GX,1,100,-1.373,-0.275
3248539,1747,2,GY,1,100,0.153,-0.488
"
2026-03-05T00:00:40.793Z,1772668840793,10.168.15.94,3132,"3248539,1748,2,GZ,1,100,2.228,-0.061
3248539,1749,2,MX,1,100,68,68
3248539,1750,2,MY,1,100,30,30
3248539,1751,2,MZ,1,100, 0, 0
"
2026-03-05T00:00:40.903Z,1772668840903,10.168.15.94,3132,"3248605,1752,1,SF,1,100,4.6243
3248646,1753,3,PI,1,100,147739,147719,147741
3248646,1754,3,PR,1,100,112534,112544,112534
3248646,1755,3,PG,1,100,9460,9447,9470
3248605,1756,1,EA,1,100,0.235787
3248605,1757,1,EL,1,100,-13710.200195
3248664,1758,1,T1,1,100,36.148
3248659,1759,3,AX,1,100,0.812,0.746,0.756
3248659,1760,3,AY,1,100,0.658,0.641,0.607
3248659,1761,3,AZ,1,100,-0.100,-0.110,-0.135
3248659,1762,3,GX,1,100,3.906,3.326,2.472
3248659,1763,3,GY,1,100,-2.441,1.221,2.472
"
2026-03-05T00:00:40.906Z,1772668840906,10.168.15.94,3132,"3248659,1764,3,GZ,1,100,-0.244,-1.953,1.526
3248659,1765,3,MX,1,100,68,68,68
3248659,1766,3,MY,1,100,31,30,30
3248659,1767,3,MZ,1,100, 0, 0, 0
"
2026-03-05T00:00:40.955Z,1772668840955,10.168.15.94,3132,"3248744,1768,4,EM,1,100,RS,RE,PS,MN
"
2026-03-05T00:00:40.994Z,1772668840994,10.168.15.94,3132,"3248744,1768,4,EM,1,100,RS,RE,PS,MN
3248766,1769,3,PI,1,100,147741,147730,147751
3248766,1770,3,PR,1,100,112535,112529,112532
3248766,1771,3,PG,1,100,9449,9457,9474
3248738,1772,2,EA,1,100,0.235835,0.235930
3248738,1773,2,EL,1,100,-13711.400391,-13713.799805
3248679,1774,1,TH,1,100,35.045
3248739,1775,2,AX,1,100,0.792,0.804
3248739,1776,2,AY,1,100,0.597,0.580
3248739,1777,2,AZ,1,100,-0.128,-0.085
3248739,1778,2,GX,1,100,-1.038,-1.282
3248739,1779,2,GY,1,100,1.282,-1.923
3248739,1780,2,GZ,1,100,3.998,-1.587
"
2026-03-05T00:00:40.995Z,1772668840995,10.168.15.94,3132,"3248739,1781,2,MX,1,100,68,68
3248739,1782,2,MY,1,100,32,30
3248739,1783,2,MZ,1,100, 0,-1
"
2026-03-05T00:00:41.108Z,1772668841108,10.168.15.94,3132,"3248846,1784,2,PI,1,100,147747,147729
3248846,1785,2,PR,1,100,112541,112549
3248846,1786,2,PG,1,100,9473,9453
3248805,1787,1,EA,1,100,0.235994
3248805,1788,1,EL,1,100,-13715.400391
3248798,1789,1,T1,1,100,36.099
3248813,1790,1,TH,1,100,35.002
3248859,1791,3,AX,1,100,0.799,0.748,0.744
3248859,1792,3,AY,1,100,0.653,0.636,0.622
3248859,1793,3,AZ,1,100,-0.116,-0.094,-0.129
3248859,1794,3,GX,1,100,1.251,0.763,0.977
3248859,1795,3,GY,1,100,-0.885,1.709,0.183
3248859,1796,3,GZ,1,100,-3.174,-0.763,1.434
"
2026-03-05T00:00:41.109Z,1772668841109,10.168.15.94,3132,"3248859,1797,3,MX,1,100,68,68,68
3248859,1798,3,MY,1,100,31,31,31
3248859,1799,3,MZ,1,100, 0, 1, 0
"
2026-03-05T00:00:41.170Z,1772668841170,10.168.15.94,3132,"3248948,1800,4,EM,1,100,RS,RE,PS,MN
"
2026-03-05T00:00:41.214Z,1772668841214,10.168.15.94,3132,"3248948,1800,4,EM,1,100,RS,RE,PS,MN
3248938,1801,1,SF,1,100,4.5708
3248966,1802,3,PI,1,100,147739,147715,147717
3248966,1803,3,PR,1,100,112531,112507,112515
3248966,1804,3,PG,1,100,9440,9441,9421
3248938,1805,2,EA,1,100,0.235867,0.235811
3248938,1806,2,EL,1,100,-13712.200195,-13710.799805
3248931,1807,1,T1,1,100,36.220
3248946,1808,1,TH,1,100,35.002
3248939,1809,2,AX,1,100,0.817,0.803
3248939,1810,2,AY,1,100,0.566,0.602
3248939,1811,2,AZ,1,100,-0.120,-0.130
3248939,1812,2,GX,1,100,0.793,0.702
"
2026-03-05T00:00:41.214Z,1772668841214,10.168.15.94,3132,"3248939,1813,2,GY,1,100,0.549,0.671
3248939,1814,2,GZ,1,100,4.181,-1.892
3248939,1815,2,MX,1,100,69,68
3248939,1816,2,MY,1,100,31,31
3248939,1817,2,MZ,1,100, 0, 0
"
2026-03-05T00:00:41.306Z,1772668841306,10.168.15.94,3132,"3249046,1818,2,PI,1,100,147707,147719
3249046,1819,2,PR,1,100,112529,112510
3249046,1820,2,PG,1,100,9428,9429
3249004,1821,1,EA,1,100,0.235604
3249004,1822,1,EL,1,100,-13705.599609
3249064,1823,1,T1,1,100,36.202
3249059,1824,3,AX,1,100,0.771,0.749,0.757
3249059,1825,3,AY,1,100,0.661,0.615,0.616
3249059,1826,3,AZ,1,100,-0.102,-0.082,-0.122
3249059,1827,3,GX,1,100,1.221,-3.204,1.343
3249059,1828,3,GY,1,100,0.854,1.740,-0.854
3249059,1829,3,GZ,1,100,-3.632,-0.854,2.075
3249059,1830,3,MX,1,100,69,69,69
"
2026-03-05T00:00:41.308Z,1772668841308,10.168.15.94,3132,"3249059,1831,3,MY,1,100,30,31,31
3249059,1832,3,MZ,1,100, 0, 0, 0
"
2026-03-05T00:00:41.363Z,1772668841363,10.168.15.94,3132,"3249149,1833,4,EM,1,100,RS,RE,PS,MN
"
2026-03-05T00:00:41.399Z,1772668841399,10.168.15.94,3132,"3249149,1833,4,EM,1,100,RS,RE,PS,MN
3249166,1834,3,PI,1,100,147718,147725,147723
3249166,1835,3,PR,1,100,112517,112502,112492
3249166,1836,3,PG,1,100,9430,9423,9426
3249138,1837,2,EA,1,100,0.235763,0.235755
3249138,1838,2,EL,1,100,-13709.599609,-13709.400391
3249079,1839,1,TH,1,100,34.956
3249139,1840,2,AX,1,100,0.784,0.761
3249139,1841,2,AY,1,100,0.613,0.558
3249139,1842,2,AZ,1,100,-0.136,-0.114
3249139,1843,2,GX,1,100,3.296,-0.336
3249139,1844,2,GY,1,100,0.000,-3.815
3249139,1845,2,GZ,1,100,4.791,1.251
"
2026-03-05T00:00:41.407Z,1772668841407,10.168.15.94,3132,"3249139,1846,2,MX,1,100,68,68
3249139,1847,2,MY,1,100,33,30
3249139,1848,2,MZ,1,100, 0, 0
"
2026-03-05T00:00:41.508Z,1772668841508,10.168.15.94,3132,"3249271,1849,1,SF,1,100,4.5179
3249246,1850,2,PI,1,100,147752,147756
3249246,1851,2,PR,1,100,112504,112515
3249246,1852,2,PG,1,100,9421,9434
3249271,1853,2,EA,1,100,0.235747,0.235747
3249271,1854,2,EL,1,100,-13709.200195,-13709.200195
3249198,1855,1,T1,1,100,36.123
3249213,1856,1,TH,1,100,34.956
3249259,1857,3,AX,1,100,0.817,0.804,0.790
3249259,1858,3,AY,1,100,0.589,0.655,0.594
3249259,1859,3,AZ,1,100,-0.096,-0.103,-0.051
3249259,1860,3,GX,1,100,-0.183,0.854,-1.434
"
2026-03-05T00:00:41.508Z,1772668841508,10.168.15.94,3132,"3249259,1861,3,GY,1,100,-7.782,1.312,7.355
3249259,1862,3,GZ,1,100,-0.549,1.038,-0.977
3249259,1863,3,MX,1,100,68,69,68
3249259,1864,3,MY,1,100,30,31,31
3249259,1865,3,MZ,1,100, 0,-1, 0
"
2026-03-05T00:00:41.578Z,1772668841578,10.168.15.94,3132,"3249353,1866,4,EM,1,100,RS,RE,PS,MN
"
2026-03-05T00:00:41.602Z,1772668841602,10.168.15.94,3132,"3249353,1866,4,EM,1,100,RS,RE,PS,MN
3249366,1867,3,PI,1,100,147762,147761,147781
3249366,1868,3,PR,1,100,112502,112519,112523
3249366,1869,3,PG,1,100,9424,9434,9439
3249338,1870,1,EA,1,100,0.235660
3249338,1871,1,EL,1,100,-13707.000000
3249331,1872,1,T1,1,100,36.124
3249346,1873,1,TH,1,100,34.987
3249339,1874,2,AX,1,100,0.747,0.756
3249339,1875,2,AY,1,100,0.627,0.609
3249339,1876,2,AZ,1,100,-0.124,-0.143
3249339,1877,2,GX,1,100,4.456,6.195
3249339,1878,2,GY,1,100,6.317,5.249
"
2026-03-05T00:00:41.609Z,1772668841609,10.168.15.94,3132,"3249339,1879,2,GZ,1,100,-5.249,1.648
3249339,1880,2,MX,1,100,68,69
3249339,1881,2,MY,1,100,32,31
3249339,1882,2,MZ,1,100,-1, 0
"
2026-03-05T00:00:41.717Z,1772668841717,10.168.15.94,3132,"3249446,1883,2,PI,1,100,147757,147755
3249446,1884,2,PR,1,100,112519,112510
3249446,1885,2,PG,1,100,9447,9425
3249471,1886,2,EA,1,100,0.235660,0.235724
3249471,1887,2,EL,1,100,-13707.000000,-13708.599609
3249464,1888,1,T1,1,100,36.231
3249479,1889,1,TH,1,100,34.987
3249459,1890,3,AX,1,100,0.778,0.815,0.769
3249459,1891,3,AY,1,100,0.550,0.631,0.624
3249459,1892,3,AZ,1,100,-0.135,-0.115,-0.051
3249459,1893,3,GX,1,100,2.899,3.265,-1.984
3249459,1894,3,GY,1,100,1.007,-1.648,3.998
"
2026-03-05T00:00:41.719Z,1772668841719,10.168.15.94,3132,"3249459,1895,3,GZ,1,100,1.526,-1.770,-2.869
3249459,1896,3,MX,1,100,68,68,68
3249459,1897,3,MY,1,100,32,31,31
3249459,1898,3,MZ,1,100, 0, 0, 0
"
2026-03-05T00:00:41.764Z,1772668841764,10.168.15.94,3132,"3249553,1899,4,EM,1,100,RS,RE,PS,MN
"
2026-03-05T00:00:41.799Z,1772668841799,10.168.15.94,3132,"3249553,1899,4,EM,1,100,RS,RE,PS,MN
3249566,1900,3,PI,1,100,147750,147742,147733
3249566,1901,3,PR,1,100,112524,112514,112496
3249566,1902,3,PG,1,100,9418,9415,9412
3249538,1903,1,EA,1,100,0.235692
3249538,1904,1,EL,1,100,-13707.799805
3249539,1905,2,AX,1,100,0.759,0.789
3249539,1906,2,AY,1,100,0.620,0.603
3249539,1907,2,AZ,1,100,-0.100,-0.128
3249539,1908,2,GX,1,100,2.930,8.057
3249539,1909,2,GY,1,100,-0.549,1.556
3249539,1910,2,GZ,1,100,0.061,5.981
3249539,1911,2,MX,1,100,69,68
"
2026-03-05T00:00:41.803Z,1772668841803,10.168.15.94,3132,"3249539,1912,2,MY,1,100,31,31
3249539,1913,2,MZ,1,100, 0, 0
"
2026-03-05T00:00:41.907Z,1772668841907,10.168.15.94,3132,"3249671,1914,1,SF,1,100,4.4657
3249646,1915,2,PI,1,100,147737,147743
3249646,1916,2,PR,1,100,112499,112515
3249646,1917,2,PG,1,100,9407,9424
3249671,1918,2,EA,1,100,0.235692,0.235628
3249671,1919,2,EL,1,100,-13707.799805,-13706.200195
3249598,1920,1,T1,1,100,36.135
3249612,1921,1,TH,1,100,34.966
3249658,1922,3,AX,1,100,0.789,0.792,0.776
3249658,1923,3,AY,1,100,0.613,0.627,0.642
3249658,1924,3,AZ,1,100,-0.130,-0.141,-0.104
3249658,1925,3,GX,1,100,6.012,4.425,0.244
3249658,1926,3,GY,1,100,1.953,-0.580,1.434
"
2026-03-05T00:00:41.908Z,1772668841908,10.168.15.94,3132,"3249658,1927,3,GZ,1,100,2.136,-2.319,-2.380
3249658,1928,3,MX,1,100,68,68,67
3249658,1929,3,MY,1,100,32,31,31
3249658,1930,3,MZ,1,100,-1, 0, 0
"
2026-03-05T00:00:41.972Z,1772668841972,10.168.15.94,3132,"3249754,1931,4,EM,1,100,RS,RE,PS,MN
"
2026-03-05T00:00:42.011Z,1772668842011,10.168.15.94,3132,"3249754,1931,4,EM,1,100,RS,RE,PS,MN
3249766,1932,3,PI,1,100,147739,147728,147739
3249766,1933,3,PR,1,100,112504,112496,112512
3249766,1934,3,PG,1,100,9411,9396,9414
3249738,1935,1,EA,1,100,0.235644
3249738,1936,1,EL,1,100,-13706.599609
3249731,1937,1,T1,1,100,36.165
3249746,1938,1,TH,1,100,34.966
3249778,1939,3,AX,1,100,0.757,0.771,0.781
3249778,1940,3,AY,1,100,0.628,0.619,0.613
3249778,1941,3,AZ,1,100,-0.071,-0.108,-0.130
3249778,1942,3,GX,1,100,-2.350,2.899,5.005
"
2026-03-05T00:00:42.012Z,1772668842012,10.168.15.94,3132,"3249778,1943,3,GY,1,100,3.876,-1.648,0.580
3249778,1944,3,GZ,1,100,-2.106,0.397,2.167
3249778,1945,3,MX,1,100,68,68,67
3249778,1946,3,MY,1,100,30,31,31
3249778,1947,3,MZ,1,100,-1, 0, 0
"
2026-03-05T00:00:42.108Z,1772668842108,10.168.15.94,3132,"3249846,1948,2,PI,1,100,147740,147734
3249846,1949,2,PR,1,100,112502,112494
3249846,1950,2,PG,1,100,9441,9424
3249871,1951,2,EA,1,100,0.235509,0.235581
3249871,1952,2,EL,1,100,-13703.200195,-13705.000000
3249864,1953,1,T1,1,100,36.178
3249879,1954,1,TH,1,100,35.060
3249858,1955,2,AX,1,100,0.778,0.776
3249858,1956,2,AY,1,100,0.604,0.630
3249858,1957,2,AZ,1,100,-0.146,-0.102
3249858,1958,2,GX,1,100,1.984,-2.869
3249858,1959,2,GY,1,100,-2.716,-0.732
3249858,1960,2,GZ,1,100,-0.671,-1.495
"
2026-03-05T00:00:42.113Z,1772668842113,10.168.15.94,3132,"3249858,1961,2,MX,1,100,69,68
3249858,1962,2,MY,1,100,31,31
3249858,1963,2,MZ,1,100,-1, 0
"
2026-03-05T00:00:42.169Z,1772668842169,10.168.15.94,3132,"3249955,1964,4,EM,1,100,RS,RE,PS,MN
"
2026-03-05T00:00:42.211Z,1772668842211,10.168.15.94,3132,"3249955,1964,4,EM,1,100,RS,RE,PS,MN
3249938,1965,1,SF,1,100,4.4140
3249966,1966,3,PI,1,100,147732,147735,147703
3249966,1967,3,PR,1,100,112510,112504,112474
3249966,1968,3,PG,1,100,9444,9437,9400
3249938,1969,1,EA,1,100,0.235604
3249938,1970,1,EL,1,100,-13705.599609
3249978,1971,3,AX,1,100,0.755,0.832,0.771
3249978,1972,3,AY,1,100,0.565,0.619,0.632
3249978,1973,3,AZ,1,100,-0.056,-0.119,-0.121
3249978,1974,3,GX,1,100,-4.974,2.319,2.625
3249978,1975,3,GY,1,100,0.580,-6.561,0.244
"
2026-03-05T00:00:42.212Z,1772668842212,10.168.15.94,3132,"3249978,1976,3,GZ,1,100,-1.190,1.862,1.373
3249978,1977,3,MX,1,100,68,68,68
3249978,1978,3,MY,1,100,32,31,30
3249978,1979,3,MZ,1,100, 0,-1, 0
"
2026-03-05T00:00:42.314Z,1772668842314,10.168.15.94,3132,"3250059,1980,2,PI,1,100,147697,147721
3250059,1981,2,PR,1,100,112491,112492
3250059,1982,2,PG,1,100,9403,9394
3250071,1983,2,EA,1,100,0.235644,0.235628
3250071,1984,2,EL,1,100,-13706.599609,-13706.200195
3249998,1985,1,T1,1,100,36.148
3250012,1986,1,TH,1,100,35.060
3250059,1987,2,AX,1,100,0.796,0.770
3250059,1988,2,AY,1,100,0.606,0.587
3250059,1989,2,AZ,1,100,-0.111,-0.110
3250059,1990,2,GX,1,100,-1.038,-1.770
3250059,1991,2,GY,1,100,-0.214,0.946
3250059,1992,2,GZ,1,100,-1.495,-2.991
"
2026-03-05T00:00:42.316Z,1772668842316,10.168.15.94,3132,"3250059,1993,2,MX,1,100,68,68
3250059,1994,2,MY,1,100,30,30
3250059,1995,2,MZ,1,100, 0, 0
"
2026-03-05T00:00:42.370Z,1772668842370,10.168.15.94,3132,"3250156,1996,4,EM,1,100,RS,RE,PS,MN
"
2026-03-05T00:00:42.413Z,1772668842413,10.168.15.94,3132,"3250156,1996,4,EM,1,100,RS,RE,PS,MN
3250179,1997,3,PI,1,100,147680,147685,147683
3250179,1998,3,PR,1,100,112483,112474,112483
3250179,1999,3,PG,1,100,9388,9379,9388
3250138,2000,1,EA,1,100,0.235692
3250138,2001,1,EL,1,100,-13707.799805
3250131,2002,1,T1,1,100,36.135
3250146,2003,1,TH,1,100,35.043
3250179,2004,3,AX,1,100,0.781,0.770,0.771
3250179,2005,3,AY,1,100,0.600,0.599,0.615
3250179,2006,3,AZ,1,100,-0.099,-0.093,-0.111
3250179,2007,3,GX,1,100,-1.495,-1.587,1.587
"
2026-03-05T00:00:42.413Z,1772668842413,10.168.15.94,3132,"3250179,2008,3,GY,1,100,2.136,-0.183,-2.136
3250179,2009,3,GZ,1,100,-1.007,0.092,1.526
3250179,2010,3,MX,1,100,68,68,69
3250179,2011,3,MY,1,100,31,31,30
3250179,2012,3,MZ,1,100, 0, 0, 0
"
2026-03-05T00:00:42.518Z,1772668842518,10.168.15.94,3132,"3250271,2013,1,SF,1,100,4.3630
3250259,2014,2,PI,1,100,147671,147660
3250259,2015,2,PR,1,100,112464,112464
3250259,2016,2,PG,1,100,9391,9371
3250271,2017,2,EA,1,100,0.235652,0.235573
3250271,2018,2,EL,1,100,-13706.799805,-13704.799805
3250264,2019,1,T1,1,100,36.165
3250279,2020,1,TH,1,100,35.043
3250259,2021,2,AX,1,100,0.800,0.777
3250259,2022,2,AY,1,100,0.615,0.591
3250259,2023,2,AZ,1,100,-0.126,-0.107
3250259,2024,2,GX,1,100,2.594,0.824
3250259,2025,2,GY,1,100,0.702,-2.075
"
2026-03-05T00:00:42.518Z,1772668842518,10.168.15.94,3132,"3250259,2026,2,GZ,1,100,2.350,-0.275
3250259,2027,2,MX,1,100,68,68
3250259,2028,2,MY,1,100,31,31
3250259,2029,2,MZ,1,100, 0, 0
"
2026-03-05T00:00:42.571Z,1772668842571,10.168.15.94,3132,"3250357,2030,4,EM,1,100,RS,RE,PS,MN
"
2026-03-05T00:00:42.613Z,1772668842613,10.168.15.94,3132,"3250357,2030,4,EM,1,100,RS,RE,PS,MN
3250379,2031,3,PI,1,100,147649,147654,147658
3250379,2032,3,PR,1,100,112466,112452,112455
3250379,2033,3,PG,1,100,9379,9395,9389
3250338,2034,1,EA,1,100,0.235604
3250338,2035,1,EL,1,100,-13705.599609
3250379,2036,3,AX,1,100,0.809,0.785,0.775
3250379,2037,3,AY,1,100,0.588,0.644,0.651
3250379,2038,3,AZ,1,100,-0.110,-0.071,-0.097
3250379,2039,3,GX,1,100,-0.702,1.678,4.211
3250379,2040,3,GY,1,100,0.092,-0.946,5.157
3250379,2041,3,GZ,1,100,0.214,0.977,-1.526
"
2026-03-05T00:00:42.624Z,1772668842624,10.168.15.94,3132,"3250379,2042,3,MX,1,100,68,68,68
3250379,2043,3,MY,1,100,32,31,30
3250379,2044,3,MZ,1,100, 0, 0, 0
"
2026-03-05T00:00:42.718Z,1772668842718,10.168.15.94,3132,"3250459,2045,2,PI,1,100,147678,147663
3250459,2046,2,PR,1,100,112452,112440
3250459,2047,2,PG,1,100,9387,9401
3250471,2048,2,EA,1,100,0.235628,0.235612
3250471,2049,2,EL,1,100,-13706.200195,-13705.799805
3250398,2050,1,T1,1,100,36.213
3250412,2051,1,TH,1,100,34.997
3250459,2052,2,AX,1,100,0.763,0.783
3250459,2053,2,AY,1,100,0.635,0.616
3250459,2054,2,AZ,1,100,-0.155,-0.143
3250459,2055,2,GX,1,100,6.653,2.045
3250459,2056,2,GY,1,100,6.439,3.723
3250459,2057,2,GZ,1,100,2.075,2.014
"
2026-03-05T00:00:42.718Z,1772668842718,10.168.15.94,3132,"3250459,2058,2,MX,1,100,68,68
3250459,2059,2,MY,1,100,30,30
3250459,2060,2,MZ,1,100, 0, 0
"
2026-03-05T00:00:42.773Z,1772668842773,10.168.15.94,3132,"3250558,2061,4,EM,1,100,RS,RE,PS,MN
"
2026-03-05T00:00:42.819Z,1772668842819,10.168.15.94,3132,"3250558,2061,4,EM,1,100,RS,RE,PS,MN
3250579,2062,3,PI,1,100,147635,147621,147617
3250579,2063,3,PR,1,100,112436,112443,112429
3250579,2064,3,PG,1,100,9374,9368,9353
3250538,2065,1,EA,1,100,0.235684
3250538,2066,1,EL,1,100,-13707.599609
3250531,2067,1,T1,1,100,36.128
3250546,2068,1,TH,1,100,34.997
3250579,2069,3,AX,1,100,0.774,0.799,0.818
3250579,2070,3,AY,1,100,0.586,0.586,0.617
3250579,2071,3,AZ,1,100,-0.105,-0.091,-0.099
3250579,2072,3,GX,1,100,-1.953,-4.364,-1.282
"
2026-03-05T00:00:42.820Z,1772668842820,10.168.15.94,3132,"3250579,2073,3,GY,1,100,-0.916,-0.366,-2.930
3250579,2074,3,GZ,1,100,-4.150,-3.754,-0.580
3250579,2075,3,MX,1,100,69,68,68
3250579,2076,3,MY,1,100,33,31,31
3250579,2077,3,MZ,1,100, 0, 0,-1
"
2026-03-05T00:00:42.927Z,1772668842927,10.168.15.94,3132,"3250671,2078,1,SF,1,100,4.3125
3250659,2079,2,PI,1,100,147598,147614
3250659,2080,2,PR,1,100,112442,112424
3250659,2081,2,PG,1,100,9348,9351
3250671,2082,2,EA,1,100,0.235676,0.235700
3250671,2083,2,EL,1,100,-13707.400391,-13708.000000
3250664,2084,1,T1,1,100,36.126
3250679,2085,1,TH,1,100,35.056
3250659,2086,2,AX,1,100,0.741,0.771
3250659,2087,2,AY,1,100,0.635,0.624
3250659,2088,2,AZ,1,100,-0.087,-0.134
3250659,2089,2,GX,1,100,0.519,1.343
3250659,2090,2,GY,1,100,0.610,1.312
"
2026-03-05T00:00:42.928Z,1772668842928,10.168.15.94,3132,"3250659,2091,2,GZ,1,100,-2.045,0.092
3250659,2092,2,MX,1,100,70,68
3250659,2093,2,MY,1,100,31,30
3250659,2094,2,MZ,1,100,-1,-1
"
2026-03-05T00:00:42.975Z,1772668842975,10.168.15.94,3132,"3250759,2095,4,EM,1,100,RS,RE,PS,MN
"
2026-03-05T00:00:43.021Z,1772668843021,10.168.15.94,3132,"3250759,2095,4,EM,1,100,RS,RE,PS,MN
3250779,2096,3,PI,1,100,147592,147567,147592
3250779,2097,3,PR,1,100,112419,112409,112418
3250779,2098,3,PG,1,100,9366,9339,9358
3250738,2099,1,EA,1,100,0.235604
3250738,2100,1,EL,1,100,-13705.599609
3250779,2101,3,AX,1,100,0.771,0.750,0.795
3250779,2102,3,AY,1,100,0.613,0.567,0.598
3250779,2103,3,AZ,1,100,-0.119,-0.118,-0.115
3250779,2104,3,GX,1,100,1.068,-0.183,-0.031
3250779,2105,3,GY,1,100,1.038,-0.092,-2.899
3250779,2106,3,GZ,1,100,1.801,-2.106,-0.153
"
2026-03-05T00:00:43.033Z,1772668843033,10.168.15.94,3132,"3250779,2107,3,MX,1,100,68,67,69
3250779,2108,3,MY,1,100,31,31,31
3250779,2109,3,MZ,1,100, 0, 0, 0
"
2026-03-05T00:00:43.128Z,1772668843128,10.168.15.94,3132,"3250859,2110,2,PI,1,100,147606,147599
3250859,2111,2,PR,1,100,112425,112409
3250859,2112,2,PG,1,100,9350,9354
3250871,2113,2,EA,1,100,0.235573,0.235588
3250871,2114,2,EL,1,100,-13704.799805,-13705.200195
3250798,2115,1,T1,1,100,36.161
3250813,2116,1,TH,1,100,35.056
3250859,2117,2,AX,1,100,0.793,0.778
3250859,2118,2,AY,1,100,0.636,0.665
3250859,2119,2,AZ,1,100,-0.085,-0.088
3250859,2120,2,GX,1,100,0.519,0.641
3250859,2121,2,GY,1,100,-3.784,-0.610
3250859,2122,2,GZ,1,100,1.099,-1.892
"
2026-03-05T00:00:43.130Z,1772668843130,10.168.15.94,3132,"3250859,2123,2,MX,1,100,68,69
3250859,2124,2,MY,1,100,31,31
3250859,2125,2,MZ,1,100, 0, 0
"
2026-03-05T00:00:43.171Z,1772668843171,10.168.15.94,3132,"3250960,2126,4,EM,1,100,RS,RE,PS,MN
"
2026-03-05T00:00:43.234Z,1772668843234,10.168.15.94,3132,"3250960,2126,4,EM,1,100,RS,RE,PS,MN
3250979,2127,1,BI,1,100,3680
3250979,2128,1,HR,1,100,33.36
3250938,2129,1,SF,1,100,4.2626
3250979,2130,3,PI,1,100,147596,147617,147604
3250979,2131,3,PR,1,100,112394,112421,112407
3250979,2132,3,PG,1,100,9367,9372,9369
3250938,2133,1,EA,1,100,0.235612
3250938,2134,1,EL,1,100,-13705.799805
3250931,2135,1,T1,1,100,36.105
3250946,2136,1,TH,1,100,35.096
3250979,2137,3,AX,1,100,0.787,0.772,0.759
3250979,2138,3,AY,1,100,0.621,0.610,0.575
"
2026-03-05T00:00:43.234Z,1772668843234,10.168.15.94,3132,"3250979,2139,3,AZ,1,100,-0.128,-0.109,-0.112
3250979,2140,3,GX,1,100,1.709,-0.946,-2.136
3250979,2141,3,GY,1,100,1.862,2.258,2.747
3250979,2142,3,GZ,1,100,0.977,-0.549,-4.211
3250979,2143,3,MX,1,100,69,68,68
3250979,2144,3,MY,1,100,31,31,30
3250979,2145,3,MZ,1,100, 0, 0, 0
3250904,2146,1,BV,1,100,3.89
3250904,2147,1,B%,1,100,75
"
2026-03-05T00:00:43.333Z,1772668843333,10.168.15.94,3132,"3251059,2148,2,PI,1,100,147581,147579
3251059,2149,2,PR,1,100,112413,112413
3251059,2150,2,PG,1,100,9381,9378
3251071,2151,2,EA,1,100,0.235644,0.235581
3251071,2152,2,EL,1,100,-13706.599609,-13705.000000
3251064,2153,1,T1,1,100,36.223
3251079,2154,1,TH,1,100,35.096
3251099,2155,3,AX,1,100,0.780,0.799,0.762
3251099,2156,3,AY,1,100,0.599,0.610,0.627
3251099,2157,3,AZ,1,100,-0.110,-0.082,-0.095
3251099,2158,3,GX,1,100,-2.228,-3.235,1.526
3251099,2159,3,GY,1,100,-0.366,-4.578,-1.434
"
2026-03-05T00:00:43.334Z,1772668843334,10.168.15.94,3132,"3251099,2160,3,GZ,1,100,0.671,2.777,-0.122
3251099,2161,3,MX,1,100,68,68,68
3251099,2162,3,MY,1,100,30,31,31
3251099,2163,3,MZ,1,100,-1,-1, 0
"
2026-03-05T00:00:43.359Z,1772668843359,10.168.15.94,3132,"3251135,2164,2,RD,1,100,TL,TU
"
2026-03-05T00:00:43.453Z,1772668843453,10.168.15.94,3132,"3251240,2165,4,EM,1,100,RS,RE,PS,MN
"
2026-03-05T00:00:43.478Z,1772668843478,10.168.15.94,3132,"3251135,2164,2,RD,1,100,TL,TU
3251240,2165,4,EM,1,100,RS,RE,PS,MN
3251219,2166,4,PI,1,100,147568,147537,147553,147570
3251219,2167,4,PR,1,100,112407,112416,112417,112410
3251219,2168,4,PG,1,100,9381,9341,9358,9346
3251204,2169,2,EA,1,100,0.235588,0.235533
3251204,2170,2,EL,1,100,-13705.200195,-13703.799805
3251197,2171,1,T1,1,100,36.274
3251212,2172,1,TH,1,100,35.023
3251219,2173,3,AX,1,100,0.801,0.777,0.758
3251219,2174,3,AY,1,100,0.619,0.626,0.597
3251219,2175,3,AZ,1,100,-0.106,-0.128,-0.116
"
2026-03-05T00:00:43.482Z,1772668843482,10.168.15.94,3132,"3251219,2176,3,GX,1,100,3.448,1.740,0.183
3251219,2177,3,GY,1,100,-0.244,0.885,0.061
3251219,2178,3,GZ,1,100,2.197,0.977,0.000
3251219,2179,3,MX,1,100,68,68,68
3251219,2180,3,MY,1,100,31,31,31
3251219,2181,3,MZ,1,100, 0, 0, 0
"
2026-03-05T00:00:43.582Z,1772668843582,10.168.15.94,3132,"3251338,2182,1,SF,1,100,4.2133
3251339,2183,3,PI,1,100,147560,147544,147537
3251339,2184,3,PR,1,100,112404,112411,112405
3251339,2185,3,PG,1,100,9353,9352,9348
3251338,2186,2,EA,1,100,0.235557,0.235644
3251338,2187,2,EL,1,100,-13704.400391,-13706.599609
3251331,2188,1,T1,1,100,36.154
3251346,2189,1,TH,1,100,35.023
3251339,2190,3,AX,1,100,0.780,0.781,0.774
3251339,2191,3,AY,1,100,0.602,0.649,0.646
3251339,2192,3,AZ,1,100,-0.094,-0.085,-0.124
3251339,2193,3,GX,1,100,-1.282,1.770,4.913
"
2026-03-05T00:00:43.582Z,1772668843582,10.168.15.94,3132,"3251339,2194,3,GY,1,100,-1.740,-4.333,-2.899
3251339,2195,3,GZ,1,100,0.793,-1.740,-3.723
3251339,2196,3,MX,1,100,68,70,69
3251339,2197,3,MY,1,100,31,31,31
3251339,2198,3,MZ,1,100, 0, 0, 0
"
2026-03-05T00:00:43.677Z,1772668843677,10.168.15.94,3132,"3251441,2199,4,EM,1,100,RS,RE,PS,MN
"
2026-03-05T00:00:43.684Z,1772668843684,10.168.15.94,3132,"3251441,2199,4,EM,1,100,RS,RE,PS,MN
3251419,2200,2,PI,1,100,147535,147552
3251419,2201,2,PR,1,100,112395,112391
3251419,2202,2,PG,1,100,9347,9348
3251404,2203,1,EA,1,100,0.235628
3251404,2204,1,EL,1,100,-13706.200195
3251419,2205,2,AX,1,100,0.791,0.764
3251419,2206,2,AY,1,100,0.627,0.589
3251419,2207,2,AZ,1,100,-0.125,-0.103
3251419,2208,2,GX,1,100,-1.099,-3.174
3251419,2209,2,GY,1,100,-1.129,3.387
3251419,2210,2,GZ,1,100,-0.519,-3.906
3251419,2211,2,MX,1,100,68,69
3251419,2212,2,MY,1,100,31,31
"
2026-03-05T00:00:43.685Z,1772668843685,10.168.15.94,3132,"3251419,2213,2,MZ,1,100,-1,-1
"
2026-03-05T00:00:43.785Z,1772668843785,10.168.15.94,3132,"3251539,2214,3,PI,1,100,147560,147563,147563
3251539,2215,3,PR,1,100,112404,112409,112431
3251539,2216,3,PG,1,100,9354,9377,9384
3251538,2217,2,EA,1,100,0.235604,0.235596
3251538,2218,2,EL,1,100,-13705.599609,-13705.400391
3251464,2219,1,T1,1,100,36.244
3251479,2220,1,TH,1,100,35.065
3251539,2221,3,AX,1,100,0.745,0.803,0.743
3251539,2222,3,AY,1,100,0.606,0.635,0.641
3251539,2223,3,AZ,1,100,-0.088,-0.118,-0.101
3251539,2224,3,GX,1,100,-3.784,-0.793,2.197
3251539,2225,3,GY,1,100,4.669,-1.190,-1.343
"
2026-03-05T00:00:43.786Z,1772668843786,10.168.15.94,3132,"3251539,2226,3,GZ,1,100,-3.601,0.885,-1.709
3251539,2227,3,MX,1,100,70,69,69
3251539,2228,3,MY,1,100,30,31,31
3251539,2229,3,MZ,1,100, 0, 0, 0
"
2026-03-05T00:00:43.859Z,1772668843859,10.168.15.94,3132,"3251642,2230,4,EM,1,100,RS,RE,PS,MN
"
2026-03-05T00:00:43.882Z,1772668843882,10.168.15.94,3132,"3251642,2230,4,EM,1,100,RS,RE,PS,MN
3251604,2231,1,SF,1,100,4.1646
3251619,2232,2,PI,1,100,147592,147568
3251619,2233,2,PR,1,100,112430,112413
3251619,2234,2,PG,1,100,9400,9403
3251604,2235,1,EA,1,100,0.235644
3251604,2236,1,EL,1,100,-13706.599609
3251597,2237,1,T1,1,100,36.283
3251612,2238,1,TH,1,100,35.065
3251619,2239,2,AX,1,100,0.774,0.777
3251619,2240,2,AY,1,100,0.625,0.599
3251619,2241,2,AZ,1,100,-0.097,-0.109
3251619,2242,2,GX,1,100,-0.153,-0.641
3251619,2243,2,GY,1,100,1.648,1.526
"
2026-03-05T00:00:43.887Z,1772668843887,10.168.15.94,3132,"3251619,2244,2,GZ,1,100,-2.563,-1.709
3251619,2245,2,MX,1,100,69,70
3251619,2246,2,MY,1,100,31,31
3251619,2247,2,MZ,1,100, 0, 0
"
2026-03-05T00:00:43.992Z,1772668843992,10.168.15.94,3132,"3251739,2248,3,PI,1,100,147552,147554,147548
3251739,2249,3,PR,1,100,112425,112429,112411
3251739,2250,3,PG,1,100,9387,9386,9382
3251738,2251,2,EA,1,100,0.235501,0.235509
3251738,2252,2,EL,1,100,-13703.000000,-13703.200195
3251731,2253,1,T1,1,100,36.193
3251746,2254,1,TH,1,100,35.074
3251739,2255,3,AX,1,100,0.754,0.760,0.769
3251739,2256,3,AY,1,100,0.618,0.604,0.644
3251739,2257,3,AZ,1,100,-0.107,-0.106,-0.118
3251739,2258,3,GX,1,100,0.610,-0.122,1.190
3251739,2259,3,GY,1,100,-1.648,-5.219,-14.557
"
2026-03-05T00:00:43.993Z,1772668843993,10.168.15.94,3132,"3251739,2260,3,GZ,1,100,-1.770,-0.549,-0.275
3251739,2261,3,MX,1,100,68,69,69
3251739,2262,3,MY,1,100,31,30,30
3251739,2263,3,MZ,1,100, 0,-1,-1
"
2026-03-05T00:00:44.068Z,1772668844068,10.168.15.94,3132,"3251843,2264,4,EM,1,100,RS,RE,PS,MN
"
2026-03-05T00:00:44.081Z,1772668844081,10.168.15.94,3132,"3251843,2264,4,EM,1,100,RS,RE,PS,MN
3251819,2265,2,PI,1,100,147571,147602
3251819,2266,2,PR,1,100,112426,112431
3251819,2267,2,PG,1,100,9368,9378
3251804,2268,1,EA,1,100,0.235565
3251804,2269,1,EL,1,100,-13704.599609
3251819,2270,2,AX,1,100,0.797,0.754
3251819,2271,2,AY,1,100,0.639,0.609
3251819,2272,2,AZ,1,100,-0.125,-0.125
3251819,2273,2,GX,1,100,1.953,-0.854
3251819,2274,2,GY,1,100,-16.815,1.221
3251819,2275,2,GZ,1,100,-3.601,-1.862
3251819,2276,2,MX,1,100,69,68
3251819,2277,2,MY,1,100,30,30
"
2026-03-05T00:00:44.081Z,1772668844081,10.168.15.94,3132,"3251819,2278,2,MZ,1,100,-2, 0
"
2026-03-05T00:00:44.185Z,1772668844185,10.168.15.94,3132,"3251938,2279,1,SF,1,100,4.1164
3251939,2280,3,PI,1,100,147627,147643,147679
3251939,2281,3,PR,1,100,112466,112497,112530
3251939,2282,3,PG,1,100,9399,9390,9412
3251938,2283,2,EA,1,100,0.235604,0.235588
3251938,2284,2,EL,1,100,-13705.599609,-13705.200195
3251864,2285,1,T1,1,100,36.296
3251879,2286,1,TH,1,100,35.074
3251939,2287,3,AX,1,100,0.753,0.778,0.723
3251939,2288,3,AY,1,100,0.692,0.621,0.582
3251939,2289,3,AZ,1,100,-0.138,-0.121,-0.129
3251939,2290,3,GX,1,100,0.641,-0.031,-0.549
"
2026-03-05T00:00:44.197Z,1772668844197,10.168.15.94,3132,"3251939,2291,3,GY,1,100,7.721,-0.061,3.265
3251939,2292,3,GZ,1,100,-0.275,-2.106,-3.845
3251939,2293,3,MX,1,100,70,71,70
3251939,2294,3,MY,1,100,30,31,30
3251939,2295,3,MZ,1,100, 0, 0,-1
"
2026-03-05T00:00:44.264Z,1772668844264,10.168.15.94,3132,"3252046,2296,4,EM,1,100,RS,RE,PS,MN
"
2026-03-05T00:00:44.283Z,1772668844283,10.168.15.94,3132,"3252046,2296,4,EM,1,100,RS,RE,PS,MN
3252019,2297,2,PI,1,100,147718,147749
3252019,2298,2,PR,1,100,112570,112589
3252019,2299,2,PG,1,100,9418,9421
3252004,2300,1,EA,1,100,0.235501
3252004,2301,1,EL,1,100,-13703.000000
3251997,2302,1,T1,1,100,36.270
3252012,2303,1,TH,1,100,34.987
3252019,2304,2,AX,1,100,0.779,0.759
3252019,2305,2,AY,1,100,0.617,0.646
3252019,2306,2,AZ,1,100,-0.098,-0.102
3252019,2307,2,GX,1,100,-2.563,-0.397
3252019,2308,2,GY,1,100,1.190,-2.777
3252019,2309,2,GZ,1,100,0.732,1.312
"
2026-03-05T00:00:44.301Z,1772668844301,10.168.15.94,3132,"3252019,2310,2,MX,1,100,70,70
3252019,2311,2,MY,1,100,31,30
3252019,2312,2,MZ,1,100, 0, 0
"
2026-03-05T00:00:44.390Z,1772668844390,10.168.15.94,3132,"3252152,2313,3,PI,1,100,147769,147798,147795
3252152,2314,3,PR,1,100,112606,112650,112637
3252152,2315,3,PG,1,100,9435,9444,9453
3252138,2316,2,EA,1,100,0.235454,0.235533
3252138,2317,2,EL,1,100,-13701.799805,-13703.799805
3252131,2318,1,T1,1,100,36.152
3252146,2319,1,TH,1,100,34.987
3252138,2320,3,AX,1,100,0.786,0.768,0.730
3252138,2321,3,AY,1,100,0.635,0.626,0.618
3252138,2322,3,AZ,1,100,-0.133,-0.104,-0.113
3252138,2323,3,GX,1,100,2.106,0.397,-0.397
3252138,2324,3,GY,1,100,2.563,-0.977,-0.916
"
2026-03-05T00:00:44.392Z,1772668844392,10.168.15.94,3132,"3252138,2325,3,GZ,1,100,2.533,2.594,-2.136
3252138,2326,3,MX,1,100,69,69,70
3252138,2327,3,MY,1,100,31,30,30
3252138,2328,3,MZ,1,100, 0, 0,-1
"
2026-03-05T00:00:44.467Z,1772668844467,10.168.15.94,3132,"3252246,2329,4,EM,1,100,RS,RE,PS,MN
"
2026-03-05T00:00:44.491Z,1772668844491,10.168.15.94,3132,"3252246,2329,4,EM,1,100,RS,RE,PS,MN
3252232,2330,2,PI,1,100,147794,147794
3252232,2331,2,PR,1,100,112642,112671
3252232,2332,2,PG,1,100,9450,9460
3252204,2333,1,EA,1,100,0.235565
3252204,2334,1,EL,1,100,-13704.599609
3252258,2335,3,AX,1,100,0.763,0.761,0.813
3252258,2336,3,AY,1,100,0.615,0.611,0.596
3252258,2337,3,AZ,1,100,-0.104,-0.116,-0.173
3252258,2338,3,GX,1,100,0.793,3.021,1.892
3252258,2339,3,GY,1,100,1.373,-3.387,-1.709
3252258,2340,3,GZ,1,100,1.709,5.524,7.263
3252258,2341,3,MX,1,100,70,70,69
"
2026-03-05T00:00:44.500Z,1772668844500,10.168.15.94,3132,"3252258,2342,3,MY,1,100,30,30,31
3252258,2343,3,MZ,1,100,-1, 0, 0
"
2026-03-05T00:00:44.589Z,1772668844589,10.168.15.94,3132,"3252338,2344,1,SF,1,100,4.0688
3252352,2345,3,PI,1,100,147771,147757,147765
3252352,2346,3,PR,1,100,112648,112641,112656
3252352,2347,3,PG,1,100,9447,9424,9443
3252338,2348,2,EA,1,100,0.235501,0.235517
3252338,2349,2,EL,1,100,-13703.000000,-13703.400391
3252264,2350,1,T1,1,100,36.172
3252279,2351,1,TH,1,100,35.006
3252338,2352,2,AX,1,100,0.753,0.792
3252338,2353,2,AY,1,100,0.618,0.629
3252338,2354,2,AZ,1,100,-0.102,-0.117
3252338,2355,2,GX,1,100,-2.930,-5.127
3252338,2356,2,GY,1,100,-4.974,-2.106
"
2026-03-05T00:00:44.591Z,1772668844591,10.168.15.94,3132,"3252338,2357,2,GZ,1,100,2.594,-2.350
3252338,2358,2,MX,1,100,69,69
3252338,2359,2,MY,1,100,30,30
3252338,2360,2,MZ,1,100, 0,-1
"
2026-03-05T00:00:44.668Z,1772668844668,10.168.15.94,3132,"3252447,2361,4,EM,1,100,RS,RE,PS,MN
"
2026-03-05T00:00:44.695Z,1772668844695,10.168.15.94,3132,"3252447,2361,4,EM,1,100,RS,RE,PS,MN
3252432,2362,2,PI,1,100,147771,147749
3252432,2363,2,PR,1,100,112660,112672
3252432,2364,2,PG,1,100,9436,9424
3252404,2365,1,EA,1,100,0.235533
3252404,2366,1,EL,1,100,-13703.799805
3252397,2367,1,T1,1,100,36.216
3252412,2368,1,TH,1,100,35.006
3252458,2369,3,AX,1,100,0.745,0.828,0.741
3252458,2370,3,AY,1,100,0.565,0.646,0.607
3252458,2371,3,AZ,1,100,-0.074,-0.162,-0.106
3252458,2372,3,GX,1,100,-3.876,1.434,2.930
3252458,2373,3,GY,1,100,5.585,4.059,-0.824
"
2026-03-05T00:00:44.696Z,1772668844696,10.168.15.94,3132,"3252458,2374,3,GZ,1,100,-0.244,2.350,-0.153
3252458,2375,3,MX,1,100,70,69,69
3252458,2376,3,MY,1,100,31,31,31
3252458,2377,3,MZ,1,100, 0, 0, 0
"
2026-03-05T00:00:44.799Z,1772668844799,10.168.15.94,3132,"3252552,2378,1,BI,1,100,1560
3252552,2379,1,HR,1,100,34.50
3252552,2380,3,PI,1,100,147759,147765,147781
3252552,2381,3,PR,1,100,112650,112672,112655
3252552,2382,3,PG,1,100,9435,9451,9445
3252538,2383,2,EA,1,100,0.235343,0.235358
3252538,2384,2,EL,1,100,-13699.000000,-13699.400391
3252531,2385,1,T1,1,100,36.306
3252546,2386,1,TH,1,100,34.958
3252538,2387,2,AX,1,100,0.768,0.756
3252538,2388,2,AY,1,100,0.629,0.605
3252538,2389,2,AZ,1,100,-0.123,-0.084
3252538,2390,2,GX,1,100,-2.716,-2.045
"
2026-03-05T00:00:44.800Z,1772668844800,10.168.15.94,3132,"3252538,2391,2,GY,1,100,5.493,0.763
3252538,2392,2,GZ,1,100,0.092,1.038
3252538,2393,2,MX,1,100,70,68
3252538,2394,2,MY,1,100,31,30
3252538,2395,2,MZ,1,100, 0, 0
"
2026-03-05T00:00:44.860Z,1772668844860,10.168.15.94,3132,"3252648,2396,4,EM,1,100,RS,RE,PS,MN
"
2026-03-05T00:00:44.903Z,1772668844903,10.168.15.94,3132,"3252648,2396,4,EM,1,100,RS,RE,PS,MN
3252604,2397,1,SF,1,100,4.0217
3252632,2398,2,PI,1,100,147763,147802
3252632,2399,2,PR,1,100,112686,112691
3252632,2400,2,PG,1,100,9444,9444
3252604,2401,1,EA,1,100,0.235422
3252604,2402,1,EL,1,100,-13701.000000
3252664,2403,1,T1,1,100,36.239
3252658,2404,3,AX,1,100,0.816,0.763,0.773
3252658,2405,3,AY,1,100,0.631,0.649,0.634
3252658,2406,3,AZ,1,100,-0.106,-0.131,-0.128
3252658,2407,3,GX,1,100,3.296,5.219,1.465
3252658,2408,3,GY,1,100,-2.319,-1.373,2.869
"
2026-03-05T00:00:44.904Z,1772668844904,10.168.15.94,3132,"3252658,2409,3,GZ,1,100,1.068,-2.319,0.366
3252658,2410,3,MX,1,100,68,69,69
3252658,2411,3,MY,1,100,31,30,29
3252658,2412,3,MZ,1,100, 0, 0, 0
"
2026-03-05T00:00:45.001Z,1772668845001,10.168.15.94,3132,"3252752,2413,3,PI,1,100,147802,147822,147804
3252752,2414,3,PR,1,100,112711,112703,112708
3252752,2415,3,PG,1,100,9465,9455,9476
3252737,2416,2,EA,1,100,0.235573,0.235684
3252737,2417,2,EL,1,100,-13704.799805,-13707.599609
3252679,2418,1,TH,1,100,34.958
3252738,2419,2,AX,1,100,0.770,0.768
3252738,2420,2,AY,1,100,0.619,0.565
3252738,2421,2,AZ,1,100,-0.121,-0.093
3252738,2422,2,GX,1,100,-3.967,-4.761
3252738,2423,2,GY,1,100,2.991,3.540
3252738,2424,2,GZ,1,100,-2.869,-3.723
3252738,2425,2,MX,1,100,69,69
"
2026-03-05T00:00:45.002Z,1772668845002,10.168.15.94,3132,"3252738,2426,2,MY,1,100,30,30
3252738,2427,2,MZ,1,100, 0, 0
"
2026-03-05T00:00:45.064Z,1772668845064,10.168.15.94,3132,"3252849,2428,4,EM,1,100,RS,RE,PS,MN
"
2026-03-05T00:00:45.093Z,1772668845093,10.168.15.94,3132,"3252849,2428,4,EM,1,100,RS,RE,PS,MN
3252832,2429,2,PI,1,100,147814,147834
3252832,2430,2,PR,1,100,112720,112757
3252832,2431,2,PG,1,100,9481,9471
3252804,2432,1,EA,1,100,0.235620
3252804,2433,1,EL,1,100,-13706.000000
3252797,2434,1,T1,1,100,36.245
3252812,2435,1,TH,1,100,35.057
3252858,2436,3,AX,1,100,0.786,0.799,0.719
3252858,2437,3,AY,1,100,0.621,0.674,0.663
3252858,2438,3,AZ,1,100,-0.086,-0.112,-0.093
3252858,2439,3,GX,1,100,-1.648,2.930,2.075
3252858,2440,3,GY,1,100,6.653,-1.099,-0.671
"
2026-03-05T00:00:45.099Z,1772668845099,10.168.15.94,3132,"3252858,2441,3,GZ,1,100,-1.709,-1.068,-4.822
3252858,2442,3,MX,1,100,68,69,70
3252858,2443,3,MY,1,100,32,30,30
3252858,2444,3,MZ,1,100, 0, 0, 0
"
2026-03-05T00:00:45.199Z,1772668845199,10.168.15.94,3132,"3252937,2445,1,SF,1,100,3.9752
3252952,2446,3,PI,1,100,147832,147816,147809
3252952,2447,3,PR,1,100,112730,112714,112714
3252952,2448,3,PG,1,100,9444,9444,9432
3252937,2449,2,EA,1,100,0.235557,0.235573
3252937,2450,2,EL,1,100,-13704.400391,-13704.799805
3252931,2451,1,T1,1,100,36.212
3252946,2452,1,TH,1,100,35.057
3252938,2453,2,AX,1,100,0.758,0.760
3252938,2454,2,AY,1,100,0.617,0.615
3252938,2455,2,AZ,1,100,-0.115,-0.111
3252938,2456,2,GX,1,100,0.488,0.427
3252938,2457,2,GY,1,100,1.862,-1.221
"
2026-03-05T00:00:45.200Z,1772668845200,10.168.15.94,3132,"3252938,2458,2,GZ,1,100,-0.824,2.472
3252938,2459,2,MX,1,100,70,69
3252938,2460,2,MY,1,100,29,29
3252938,2461,2,MZ,1,100, 0, 0
"
2026-03-05T00:00:45.264Z,1772668845264,10.168.15.94,3132,"3253051,2462,4,EM,1,100,RS,RE,PS,MN
"
2026-03-05T00:00:45.304Z,1772668845304,10.168.15.94,3132,"3253051,2462,4,EM,1,100,RS,RE,PS,MN
3253032,2463,2,PI,1,100,147785,147783
3253032,2464,2,PR,1,100,112734,112707
3253032,2465,2,PG,1,100,9434,9441
3253004,2466,1,EA,1,100,0.235612
3253004,2467,1,EL,1,100,-13705.799805
3253064,2468,1,T1,1,100,36.198
3253058,2469,3,AX,1,100,0.742,0.823,0.844
3253058,2470,3,AY,1,100,0.565,0.572,0.685
3253058,2471,3,AZ,1,100,-0.121,-0.084,-0.128
3253058,2472,3,GX,1,100,1.068,1.740,7.935
3253058,2473,3,GY,1,100,-1.831,-5.035,-4.150
3253058,2474,3,GZ,1,100,-0.092,1.740,2.289
"
2026-03-05T00:00:45.308Z,1772668845308,10.168.15.94,3132,"3253058,2475,3,MX,1,100,69,69,70
3253058,2476,3,MY,1,100,30,30,30
3253058,2477,3,MZ,1,100,-1, 0, 0
"
2026-03-05T00:00:45.402Z,1772668845402,10.168.15.94,3132,"3253152,2478,3,PI,1,100,147787,147823,147797
3253152,2479,3,PR,1,100,112722,112738,112725
3253152,2480,3,PG,1,100,9428,9438,9444
3253137,2481,2,EA,1,100,0.235517,0.235414
3253137,2482,2,EL,1,100,-13703.400391,-13700.799805
3253079,2483,1,TH,1,100,35.045
3253138,2484,2,AX,1,100,0.741,0.750
3253138,2485,2,AY,1,100,0.652,0.638
3253138,2486,2,AZ,1,100,-0.079,-0.135
3253138,2487,2,GX,1,100,3.021,2.655
3253138,2488,2,GY,1,100,3.754,6.287
3253138,2489,2,GZ,1,100,-2.960,-1.770
3253138,2490,2,MX,1,100,70,69
"
2026-03-05T00:00:45.403Z,1772668845403,10.168.15.94,3132,"3253138,2491,2,MY,1,100,30,31
3253138,2492,2,MZ,1,100, 0, 0
"
2026-03-05T00:00:45.469Z,1772668845469,10.168.15.94,3132,"3253251,2493,4,EM,1,100,RS,RE,PS,MN
"
2026-03-05T00:00:45.502Z,1772668845502,10.168.15.94,3132,"3253251,2493,4,EM,1,100,RS,RE,PS,MN
3253192,2494,1,BI,1,100,640
3253192,2495,1,HR,1,100,47.66
3253271,2496,1,SF,1,100,3.9292
3253232,2497,2,PI,1,100,147800,147803
3253232,2498,2,PR,1,100,112723,112717
3253272,2499,3,PG,1,100,9433,9452,9461
3253271,2500,2,EA,1,100,0.235517,0.235382
3253271,2501,2,EL,1,100,-13703.400391,-13700.000000
3253197,2502,1,T1,1,100,36.228
3253212,2503,1,TH,1,100,35.045
3253258,2504,3,AX,1,100,0.748,0.758,0.812
3253258,2505,3,AY,1,100,0.632,0.598,0.623
"
2026-03-05T00:00:45.503Z,1772668845503,10.168.15.94,3132,"3253258,2506,3,AZ,1,100,-0.135,-0.108,-0.105
3253258,2507,3,GX,1,100,1.740,-0.397,-0.183
3253258,2508,3,GY,1,100,2.686,0.214,-0.458
3253258,2509,3,GZ,1,100,2.075,-0.305,-1.801
3253258,2510,3,MX,1,100,68,69,70
3253258,2511,3,MY,1,100,31,29,30
3253258,2512,3,MZ,1,100, 0, 0, 0
"
2026-03-05T00:00:45.604Z,1772668845604,10.168.15.94,3132,"3253352,2513,3,PI,1,100,147832,147817,147828
3253352,2514,3,PR,1,100,112731,112720,112746
3253352,2515,2,PG,1,100,9465,9465
3253337,2516,1,EA,1,100,0.235414
3253337,2517,1,EL,1,100,-13700.799805
3253331,2518,1,T1,1,100,36.276
3253345,2519,1,TH,1,100,35.027
3253338,2520,2,AX,1,100,0.790,0.777
3253338,2521,2,AY,1,100,0.665,0.644
3253338,2522,2,AZ,1,100,-0.074,-0.099
3253338,2523,2,GX,1,100,1.678,-1.556
3253338,2524,2,GY,1,100,0.946,2.899
3253338,2525,2,GZ,1,100,-1.831,-2.380
3253338,2526,2,MX,1,100,70,69
"
2026-03-05T00:00:45.605Z,1772668845605,10.168.15.94,3132,"3253338,2527,2,MY,1,100,30,30
3253338,2528,2,MZ,1,100, 0, 0
"
2026-03-05T00:00:45.666Z,1772668845666,10.168.15.94,3132,"3253452,2529,4,EM,1,100,RS,RE,PS,MN
"
2026-03-05T00:00:45.712Z,1772668845712,10.168.15.94,3132,"3253452,2529,4,EM,1,100,RS,RE,PS,MN
3253472,2530,3,PI,1,100,147816,147786,147768
3253472,2531,3,PR,1,100,112727,112702,112702
3253472,2532,3,PG,1,100,9478,9480,9452
3253471,2533,2,EA,1,100,0.235311,0.235303
3253471,2534,2,EL,1,100,-13698.200195,-13698.000000
3253464,2535,1,T1,1,100,36.155
3253479,2536,1,TH,1,100,35.027
3253458,2537,3,AX,1,100,0.744,0.766,0.733
3253458,2538,3,AY,1,100,0.633,0.610,0.566
3253458,2539,3,AZ,1,100,-0.108,-0.109,-0.104
3253458,2540,3,GX,1,100,-1.465,-0.305,0.122
"
2026-03-05T00:00:45.713Z,1772668845713,10.168.15.94,3132,"3253458,2541,3,GY,1,100,2.014,1.892,1.251
3253458,2542,3,GZ,1,100,0.336,-0.305,-1.068
3253458,2543,3,MX,1,100,70,69,70
3253458,2544,3,MY,1,100,30,30,31
3253458,2545,3,MZ,1,100, 0,-1, 0
"
2026-03-05T00:00:45.801Z,1772668845801,10.168.15.94,3132,"3253552,2546,2,PI,1,100,147768,147760
3253552,2547,2,PR,1,100,112712,112694
3253552,2548,2,PG,1,100,9439,9459
3253537,2549,1,EA,1,100,0.235248
3253537,2550,1,EL,1,100,-13696.599609
3253538,2551,2,AX,1,100,0.806,0.742
3253538,2552,2,AY,1,100,0.639,0.641
3253538,2553,2,AZ,1,100,-0.133,-0.077
3253538,2554,2,GX,1,100,2.106,0.702
3253538,2555,2,GY,1,100,-2.228,-4.730
3253538,2556,2,GZ,1,100,2.747,2.167
3253538,2557,2,MX,1,100,70,70
3253538,2558,2,MY,1,100,30,30
3253538,2559,2,MZ,1,100, 0,-1
"
2026-03-05T00:00:45.877Z,1772668845877,10.168.15.94,3132,"3253653,2560,4,EM,1,100,RS,RE,PS,MN
"
2026-03-05T00:00:45.910Z,1772668845910,10.168.15.94,3132,"3253653,2560,4,EM,1,100,RS,RE,PS,MN
3253671,2561,1,SF,1,100,3.8837
3253672,2562,3,PI,1,100,147755,147750,147753
3253672,2563,3,PR,1,100,112689,112682,112692
3253672,2564,3,PG,1,100,9453,9465,9460
3253671,2565,2,EA,1,100,0.235287,0.235263
3253671,2566,2,EL,1,100,-13697.599609,-13697.000000
3253597,2567,1,T1,1,100,36.209
3253612,2568,1,TH,1,100,34.936
3253658,2569,3,AX,1,100,0.769,0.787,0.746
3253658,2570,3,AY,1,100,0.639,0.627,0.634
3253658,2571,3,AZ,1,100,-0.102,-0.124,-0.112
"
2026-03-05T00:00:45.911Z,1772668845911,10.168.15.94,3132,"3253658,2572,3,GX,1,100,-1.068,-0.366,-0.641
3253658,2573,3,GY,1,100,-1.984,-1.282,-1.740
3253658,2574,3,GZ,1,100,2.228,4.364,1.984
3253658,2575,3,MX,1,100,70,69,69
3253658,2576,3,MY,1,100,30,31,31
3253658,2577,3,MZ,1,100,-1, 0, 0
"
2026-03-05T00:00:46.012Z,1772668846012,10.168.15.94,3132,"3253752,2578,2,PI,1,100,147735,147741
3253752,2579,2,PR,1,100,112686,112703
3253752,2580,2,PG,1,100,9454,9455
3253737,2581,1,EA,1,100,0.235263
3253737,2582,1,EL,1,100,-13697.000000
3253731,2583,1,T1,1,100,36.197
3253745,2584,1,TH,1,100,34.936
3253778,2585,3,AX,1,100,0.773,0.766,0.802
3253778,2586,3,AY,1,100,0.632,0.610,0.618
3253778,2587,3,AZ,1,100,-0.127,-0.073,-0.094
3253778,2588,3,GX,1,100,-1.373,-1.648,-0.610
3253778,2589,3,GY,1,100,-3.723,-3.540,0.946
3253778,2590,3,GZ,1,100,2.991,0.763,-0.916
"
2026-03-05T00:00:46.013Z,1772668846013,10.168.15.94,3132,"3253778,2591,3,MX,1,100,69,68,67
3253778,2592,3,MY,1,100,31,30,31
3253778,2593,3,MZ,1,100,-1, 0, 0
"
2026-03-05T00:00:46.068Z,1772668846068,10.168.15.94,3132,"3253854,2594,4,EM,1,100,RS,RE,PS,MN
"
2026-03-05T00:00:46.112Z,1772668846112,10.168.15.94,3132,"3253854,2594,4,EM,1,100,RS,RE,PS,MN
3253872,2595,3,PI,1,100,147741,147743,147742
3253872,2596,3,PR,1,100,112679,112683,112680
3253872,2597,3,PG,1,100,9460,9470,9467
3253871,2598,2,EA,1,100,0.235263,0.235303
3253871,2599,2,EL,1,100,-13697.000000,-13698.000000
3253864,2600,1,T1,1,100,36.121
3253879,2601,1,TH,1,100,35.022
3253858,2602,2,AX,1,100,0.778,0.768
3253858,2603,2,AY,1,100,0.641,0.575
3253858,2604,2,AZ,1,100,-0.115,-0.117
3253858,2605,2,GX,1,100,0.366,-0.061
3253858,2606,2,GY,1,100,1.068,1.190
"
2026-03-05T00:00:46.115Z,1772668846115,10.168.15.94,3132,"3253858,2607,2,GZ,1,100,0.946,0.641
3253858,2608,2,MX,1,100,68,69
3253858,2609,2,MY,1,100,31,30
3253858,2610,2,MZ,1,100, 0, 0
"
2026-03-05T00:00:46.219Z,1772668846219,10.168.15.94,3132,"3253937,2611,1,SF,1,100,3.8388
3253952,2612,2,PI,1,100,147719,147739
3253952,2613,2,PR,1,100,112680,112679
3253952,2614,2,PG,1,100,9482,9498
3253937,2615,1,EA,1,100,0.235319
3253937,2616,1,EL,1,100,-13698.400391
3253978,2617,3,AX,1,100,0.764,0.804,0.772
3253978,2618,3,AY,1,100,0.609,0.667,0.632
3253978,2619,3,AZ,1,100,-0.114,-0.103,-0.090
3253978,2620,3,GX,1,100,-0.854,1.740,-0.793
3253978,2621,3,GY,1,100,-0.671,-4.150,0.885
3253978,2622,3,GZ,1,100,1.221,2.319,-1.617
3253978,2623,3,MX,1,100,68,70,69
"
2026-03-05T00:00:46.219Z,1772668846219,10.168.15.94,3132,"3253978,2624,3,MY,1,100,30,31,32
3253978,2625,3,MZ,1,100, 0, 0, 0
"
2026-03-05T00:00:46.266Z,1772668846266,10.168.15.94,3132,"3254055,2626,4,EM,1,100,RS,RE,PS,MN
"
2026-03-05T00:00:46.306Z,1772668846306,10.168.15.94,3132,"3254055,2626,4,EM,1,100,RS,RE,PS,MN
3254072,2627,3,PI,1,100,147741,147745,147704
3254072,2628,3,PR,1,100,112684,112682,112648
3254072,2629,3,PG,1,100,9497,9498,9493
3254071,2630,2,EA,1,100,0.235343,0.235232
3254071,2631,2,EL,1,100,-13699.000000,-13696.200195
3253997,2632,1,T1,1,100,36.194
3254012,2633,1,TH,1,100,35.022
3254058,2634,2,AX,1,100,0.781,0.781
3254058,2635,2,AY,1,100,0.609,0.610
3254058,2636,2,AZ,1,100,-0.096,-0.107
3254058,2637,2,GX,1,100,-0.183,2.045
3254058,2638,2,GY,1,100,1.862,3.113
"
2026-03-05T00:00:46.311Z,1772668846311,10.168.15.94,3132,"3254058,2639,2,GZ,1,100,-1.068,-2.319
3254058,2640,2,MX,1,100,69,69
3254058,2641,2,MY,1,100,31,31
3254058,2642,2,MZ,1,100, 0, 0
"
2026-03-05T00:00:46.412Z,1772668846412,10.168.15.94,3132,"3254165,2643,2,PI,1,100,147723,147702
3254165,2644,2,PR,1,100,112671,112674
3254165,2645,2,PG,1,100,9491,9471
3254137,2646,1,EA,1,100,0.235192
3254137,2647,1,EL,1,100,-13695.200195
3254131,2648,1,T1,1,100,36.155
3254145,2649,1,TH,1,100,35.007
3254178,2650,3,AX,1,100,0.759,0.776,0.768
3254178,2651,3,AY,1,100,0.612,0.640,0.649
3254178,2652,3,AZ,1,100,-0.116,-0.116,-0.085
3254178,2653,3,GX,1,100,2.197,0.641,-1.343
3254178,2654,3,GY,1,100,4.242,0.946,-0.488
3254178,2655,3,GZ,1,100,-2.136,-0.214,-0.183
"
2026-03-05T00:00:46.414Z,1772668846414,10.168.15.94,3132,"3254178,2656,3,MX,1,100,68,69,68
3254178,2657,3,MY,1,100,30,30,30
3254178,2658,3,MZ,1,100, 0, 0,-1
"
2026-03-05T00:00:46.474Z,1772668846474,10.168.15.94,3132,"3254256,2659,4,EM,1,100,RS,RE,PS,MN
"
2026-03-05T00:00:46.515Z,1772668846515,10.168.15.94,3132,"3254256,2659,4,EM,1,100,RS,RE,PS,MN
3254271,2660,1,SF,1,100,3.7944
3254285,2661,3,PI,1,100,147677,147706,147715
3254285,2662,3,PR,1,100,112623,112668,112679
3254285,2663,3,PG,1,100,9474,9460,9458
3254271,2664,2,EA,1,100,0.235058,0.235097
3254271,2665,2,EL,1,100,-13691.799805,-13692.799805
3254264,2666,1,T1,1,100,36.209
3254279,2667,1,TH,1,100,35.007
3254258,2668,2,AX,1,100,0.769,0.780
3254258,2669,2,AY,1,100,0.633,0.633
3254258,2670,2,AZ,1,100,-0.096,-0.098
3254258,2671,2,GX,1,100,0.916,1.953
"
2026-03-05T00:00:46.526Z,1772668846526,10.168.15.94,3132,"3254258,2672,2,GY,1,100,1.953,1.312
3254258,2673,2,GZ,1,100,-1.068,-0.763
3254258,2674,2,MX,1,100,70,68
3254258,2675,2,MY,1,100,31,31
3254258,2676,2,MZ,1,100, 0, 0
"
2026-03-05T00:00:46.623Z,1772668846623,10.168.15.94,3132,"3254365,2677,2,PI,1,100,147688,147691
3254365,2678,2,PR,1,100,112630,112647
3254365,2679,2,PG,1,100,9467,9468
3254337,2680,1,EA,1,100,0.235248
3254337,2681,1,EL,1,100,-13696.599609
3254378,2682,3,AX,1,100,0.781,0.751,0.793
3254378,2683,3,AY,1,100,0.623,0.602,0.653
3254378,2684,3,AZ,1,100,-0.100,-0.108,-0.098
3254378,2685,3,GX,1,100,1.862,0.793,-0.671
3254378,2686,3,GY,1,100,0.641,3.601,4.364
3254378,2687,3,GZ,1,100,-2.014,-1.190,2.289
3254378,2688,3,MX,1,100,69,70,71
3254378,2689,3,MY,1,100,31,29,30
"
2026-03-05T00:00:46.624Z,1772668846624,10.168.15.94,3132,"3254378,2690,3,MZ,1,100, 0, 0, 1
"
2026-03-05T00:00:46.675Z,1772668846675,10.168.15.94,3132,"3254460,2691,4,EM,1,100,RS,RE,PS,MN
"
2026-03-05T00:00:46.712Z,1772668846712,10.168.15.94,3132,"3254460,2691,4,EM,1,100,RS,RE,PS,MN
3254485,2692,3,PI,1,100,147695,147717,147700
3254485,2693,3,PR,1,100,112667,112656,112641
3254485,2694,3,PG,1,100,9475,9474,9463
3254471,2695,2,EA,1,100,0.235271,0.235192
3254471,2696,2,EL,1,100,-13697.200195,-13695.200195
3254397,2697,1,T1,1,100,36.232
3254412,2698,1,TH,1,100,35.025
3254458,2699,2,AX,1,100,0.760,0.793
3254458,2700,2,AY,1,100,0.650,0.649
3254458,2701,2,AZ,1,100,-0.089,-0.078
3254458,2702,2,GX,1,100,-1.312,-0.519
3254458,2703,2,GY,1,100,5.951,5.890
"
2026-03-05T00:00:46.714Z,1772668846714,10.168.15.94,3132,"3254458,2704,2,GZ,1,100,2.411,0.366
3254458,2705,2,MX,1,100,70,69
3254458,2706,2,MY,1,100,30,30
3254458,2707,2,MZ,1,100, 0, 0
"
2026-03-05T00:00:46.818Z,1772668846818,10.168.15.94,3132,"3254525,2708,1,BI,1,100,1320
3254525,2709,1,HR,1,100,47.17
3254565,2710,2,PI,1,100,147697,147679
3254565,2711,2,PR,1,100,112633,112612
3254565,2712,2,PG,1,100,9468,9473
3254537,2713,1,EA,1,100,0.235160
3254537,2714,1,EL,1,100,-13694.400391
3254530,2715,1,T1,1,100,36.242
3254545,2716,1,TH,1,100,35.025
3254578,2717,3,AX,1,100,0.768,0.773,0.757
3254578,2718,3,AY,1,100,0.610,0.603,0.597
3254578,2719,3,AZ,1,100,-0.088,-0.089,-0.100
3254578,2720,3,GX,1,100,-1.190,-1.648,-1.129
"
2026-03-05T00:00:46.822Z,1772668846822,10.168.15.94,3132,"3254578,2721,3,GY,1,100,4.578,5.951,0.061
3254578,2722,3,GZ,1,100,-2.106,0.244,0.824
3254578,2723,3,MX,1,100,69,68,69
3254578,2724,3,MY,1,100,31,29,32
3254578,2725,3,MZ,1,100, 0, 0, 2
"
2026-03-05T00:00:46.873Z,1772668846873,10.168.15.94,3132,"3254661,2726,4,EM,1,100,RS,RE,PS,MN
"
2026-03-05T00:00:46.914Z,1772668846914,10.168.15.94,3132,"3254661,2726,4,EM,1,100,RS,RE,PS,MN
3254671,2727,1,SF,1,100,3.7505
3254685,2728,3,PI,1,100,147677,147673,147644
3254685,2729,3,PR,1,100,112587,112588,112577
3254685,2730,3,PG,1,100,9480,9474,9480
3254671,2731,2,EA,1,100,0.235018,0.235200
3254671,2732,2,EL,1,100,-13690.799805,-13695.400391
3254664,2733,1,T1,1,100,36.318
3254679,2734,1,TH,1,100,34.994
3254658,2735,2,AX,1,100,0.788,0.760
3254658,2736,2,AY,1,100,0.626,0.646
3254658,2737,2,AZ,1,100,-0.075,-0.066
3254658,2738,2,GX,1,100,-1.831,0.000
"
2026-03-05T00:00:46.915Z,1772668846915,10.168.15.94,3132,"3254658,2739,2,GY,1,100,-2.106,3.235
3254658,2740,2,GZ,1,100,2.228,1.465
3254658,2741,2,MX,1,100,69,69
3254658,2742,2,MY,1,100,30,31
3254658,2743,2,MZ,1,100, 0, 2
"
2026-03-05T00:00:47.022Z,1772668847022,10.168.15.94,3132,"3254765,2744,2,PI,1,100,147609,147599
3254765,2745,2,PR,1,100,112555,112536
3254765,2746,2,PG,1,100,9463,9436
3254737,2747,1,EA,1,100,0.235113
3254737,2748,1,EL,1,100,-13693.200195
3254778,2749,3,AX,1,100,0.820,0.765,0.764
3254778,2750,3,AY,1,100,0.631,0.628,0.572
3254778,2751,3,AZ,1,100,-0.085,-0.085,-0.089
3254778,2752,3,GX,1,100,2.899,1.007,0.549
3254778,2753,3,GY,1,100,-1.648,3.845,5.432
3254778,2754,3,GZ,1,100,0.122,-1.404,0.214
3254778,2755,3,MX,1,100,70,69,69
3254778,2756,3,MY,1,100,31,30,31
"
2026-03-05T00:00:47.028Z,1772668847028,10.168.15.94,3132,"3254778,2757,3,MZ,1,100, 1, 1, 0
"
2026-03-05T00:00:47.076Z,1772668847076,10.168.15.94,3132,"3254862,2758,4,EM,1,100,RS,RE,PS,MN
"
2026-03-05T00:00:47.125Z,1772668847125,10.168.15.94,3132,"3254862,2758,4,EM,1,100,RS,RE,PS,MN
3254885,2759,3,PI,1,100,147578,147571,147542
3254885,2760,3,PR,1,100,112531,112528,112512
3254885,2761,3,PG,1,100,9457,9443,9449
3254871,2762,2,EA,1,100,0.235105,0.235089
3254871,2763,2,EL,1,100,-13693.000000,-13692.599609
3254797,2764,1,T1,1,100,36.244
3254812,2765,1,TH,1,100,34.994
3254858,2766,2,AX,1,100,0.770,0.787
3254858,2767,2,AY,1,100,0.628,0.649
3254858,2768,2,AZ,1,100,-0.102,-0.080
3254858,2769,2,GX,1,100,0.214,-1.282
3254858,2770,2,GY,1,100,-1.007,-2.472
"
2026-03-05T00:00:47.125Z,1772668847125,10.168.15.94,3132,"3254858,2771,2,GZ,1,100,1.495,3.296
3254858,2772,2,MX,1,100,68,68
3254858,2773,2,MY,1,100,31,31
3254858,2774,2,MZ,1,100, 2, 0
"
2026-03-05T00:00:47.224Z,1772668847224,10.168.15.94,3132,"3254937,2775,1,SF,1,100,3.7071
3254965,2776,2,PI,1,100,147562,147543
3254965,2777,2,PR,1,100,112509,112500
3254965,2778,2,PG,1,100,9441,9439
3254937,2779,1,EA,1,100,0.235208
3254937,2780,1,EL,1,100,-13695.599609
3254930,2781,1,T1,1,100,36.247
3254945,2782,1,TH,1,100,35.035
3254991,2783,3,AX,1,100,0.780,0.784,0.791
3254991,2784,3,AY,1,100,0.635,0.602,0.606
3254991,2785,3,AZ,1,100,-0.059,-0.077,-0.081
3254991,2786,3,GX,1,100,0.458,2.960,1.587
3254991,2787,3,GY,1,100,4.761,4.761,8.209
"
2026-03-05T00:00:47.225Z,1772668847225,10.168.15.94,3132,"3254991,2788,3,GZ,1,100,1.190,-1.862,0.824
3254991,2789,3,MX,1,100,69,68,68
3254991,2790,3,MY,1,100,31,31,31
3254991,2791,3,MZ,1,100, 1, 2, 1
"
2026-03-05T00:00:47.279Z,1772668847279,10.168.15.94,3132,"3255064,2792,4,EM,1,100,RS,RE,PS,MN
"
2026-03-05T00:00:47.323Z,1772668847323,10.168.15.94,3132,"3255064,2792,4,EM,1,100,RS,RE,PS,MN
3255085,2793,3,PI,1,100,147544,147519,147513
3255085,2794,3,PR,1,100,112491,112513,112486
3255085,2795,3,PG,1,100,9443,9450,9455
3255071,2796,2,EA,1,100,0.235081,0.235050
3255071,2797,2,EL,1,100,-13692.400391,-13691.599609
3255064,2798,1,T1,1,100,36.178
3255079,2799,1,TH,1,100,35.035
3255071,2800,2,AX,1,100,0.747,0.811
3255071,2801,2,AY,1,100,0.613,0.576
3255071,2802,2,AZ,1,100,-0.081,-0.062
3255071,2803,2,GX,1,100,-1.648,-3.693
3255071,2804,2,GY,1,100,14.343,6.958
"
2026-03-05T00:00:47.334Z,1772668847334,10.168.15.94,3132,"3255071,2805,2,GZ,1,100,2.319,2.472
3255071,2806,2,MX,1,100,68,69
3255071,2807,2,MY,1,100,32,31
3255071,2808,2,MZ,1,100, 2, 3
"
2026-03-05T00:00:47.437Z,1772668847437,10.168.15.94,3132,"3255165,2809,2,PI,1,100,147481,147491
3255165,2810,2,PR,1,100,112482,112469
3255165,2811,2,PG,1,100,9447,9449
3255137,2812,1,EA,1,100,0.235010
3255137,2813,1,EL,1,100,-13690.599609
3255191,2814,3,AX,1,100,0.764,0.807,0.801
3255191,2815,3,AY,1,100,0.691,0.594,0.601
3255191,2816,3,AZ,1,100,-0.040,-0.032,-0.045
3255191,2817,3,GX,1,100,-2.380,1.160,1.038
3255191,2818,3,GY,1,100,15.076,12.512,2.167
3255191,2819,3,GZ,1,100,2.838,-0.214,-1.526
3255191,2820,3,MX,1,100,68,69,68
3255191,2821,3,MY,1,100,32,32,32
"
2026-03-05T00:00:47.438Z,1772668847438,10.168.15.94,3132,"3255191,2822,3,MZ,1,100, 4, 2, 3
"
2026-03-05T00:00:47.476Z,1772668847476,10.168.15.94,3132,"3255265,2823,4,EM,1,100,RS,RE,PS,MN
"
2026-03-05T00:00:47.540Z,1772668847540,10.168.15.94,3132,"3255265,2823,4,EM,1,100,RS,RE,PS,MN
3255271,2824,1,SF,1,100,3.6642
3255285,2825,3,PI,1,100,147481,147482,147466
3255285,2826,3,PR,1,100,112489,112490,112516
3255285,2827,3,PG,1,100,9479,9474,9468
3255271,2828,2,EA,1,100,0.235018,0.234963
3255271,2829,2,EL,1,100,-13690.799805,-13689.400391
3255197,2830,1,T1,1,100,36.112
3255212,2831,1,TH,1,100,35.023
3255271,2832,2,AX,1,100,0.754,0.784
3255271,2833,2,AY,1,100,0.591,0.610
3255271,2834,2,AZ,1,100,-0.034,-0.048
3255271,2835,2,GX,1,100,-0.885,-1.617
"
2026-03-05T00:00:47.540Z,1772668847540,10.168.15.94,3132,"3255271,2836,2,GY,1,100,12.085,7.996
3255271,2837,2,GZ,1,100,1.282,3.510
3255271,2838,2,MX,1,100,68,68
3255271,2839,2,MY,1,100,32,31
3255271,2840,2,MZ,1,100, 4, 3
"
2026-03-05T00:00:47.629Z,1772668847629,10.168.15.94,3132,"3255365,2841,2,PI,1,100,147468,147462
3255365,2842,2,PR,1,100,112523,112535
3255365,2843,2,PG,1,100,9451,9445
3255337,2844,1,EA,1,100,0.235018
3255337,2845,1,EL,1,100,-13690.799805
3255330,2846,1,T1,1,100,36.120
3255345,2847,1,TH,1,100,35.023
3255391,2848,3,AX,1,100,0.800,0.812,0.788
3255391,2849,3,AY,1,100,0.635,0.598,0.624
3255391,2850,3,AZ,1,100,-0.018,0.015,-0.015
3255391,2851,3,GX,1,100,-0.854,-0.031,1.190
3255391,2852,3,GY,1,100,4.578,7.111,2.899
3255391,2853,3,GZ,1,100,4.242,0.336,-4.395
"
2026-03-05T00:00:47.633Z,1772668847633,10.168.15.94,3132,"3255391,2854,3,MX,1,100,68,69,68
3255391,2855,3,MY,1,100,32,33,33
3255391,2856,3,MZ,1,100, 4, 5, 4
"
2026-03-05T00:00:47.677Z,1772668847677,10.168.15.94,3132,"3255466,2857,4,EM,1,100,RS,RE,PS,MN
"
2026-03-05T00:00:47.734Z,1772668847734,10.168.15.94,3132,"3255466,2857,4,EM,1,100,RS,RE,PS,MN
3255485,2858,3,PI,1,100,147484,147488,147491
3255485,2859,3,PR,1,100,112555,112572,112555
3255485,2860,3,PG,1,100,9435,9444,9433
3255471,2861,2,EA,1,100,0.235026,0.235034
3255471,2862,2,EL,1,100,-13691.000000,-13691.200195
3255464,2863,1,T1,1,100,36.052
3255479,2864,1,TH,1,100,35.078
3255471,2865,2,AX,1,100,0.773,0.747
3255471,2866,2,AY,1,100,0.598,0.583
3255471,2867,2,AZ,1,100,-0.014,-0.036
3255471,2868,2,GX,1,100,0.854,1.282
3255471,2869,2,GY,1,100,3.326,1.526
"
2026-03-05T00:00:47.734Z,1772668847734,10.168.15.94,3132,"3255471,2870,2,GZ,1,100,0.214,0.702
3255471,2871,2,MX,1,100,68,69
3255471,2872,2,MY,1,100,33,33
3255471,2873,2,MZ,1,100, 4, 4
"
2026-03-05T00:00:47.839Z,1772668847839,10.168.15.94,3132,"3255565,2874,2,PI,1,100,147463,147461
3255565,2875,2,PR,1,100,112534,112549
3255565,2876,2,PG,1,100,9429,9433
3255537,2877,1,EA,1,100,0.234979
3255537,2878,1,EL,1,100,-13689.799805
3255597,2879,1,T1,1,100,36.058
3255591,2880,3,AX,1,100,0.807,0.825,0.804
3255591,2881,3,AY,1,100,0.560,0.616,0.660
3255591,2882,3,AZ,1,100,-0.030,0.006,-0.012
3255591,2883,3,GX,1,100,1.007,2.594,5.798
3255591,2884,3,GY,1,100,-2.869,-4.333,-4.852
3255591,2885,3,GZ,1,100,5.005,3.876,-1.404
3255591,2886,3,MX,1,100,68,69,68
"
2026-03-05T00:00:47.841Z,1772668847841,10.168.15.94,3132,"3255591,2887,3,MY,1,100,34,33,32
3255591,2888,3,MZ,1,100, 4, 3, 4
"
2026-03-05T00:00:47.884Z,1772668847884,10.168.15.94,3132,"3255667,2889,4,EM,1,100,RS,RE,PS,MN
"
2026-03-05T00:00:47.931Z,1772668847931,10.168.15.94,3132,"3255667,2889,4,EM,1,100,RS,RE,PS,MN
3255671,2890,1,SF,1,100,3.6218
3255685,2891,3,PI,1,100,147455,147432,147408
3255685,2892,3,PR,1,100,112536,112501,112497
3255685,2893,3,PG,1,100,9448,9430,9431
3255671,2894,2,EA,1,100,0.235058,0.235121
3255671,2895,2,EL,1,100,-13691.799805,-13693.400391
3255612,2896,1,TH,1,100,35.078
3255671,2897,2,AX,1,100,0.809,0.776
3255671,2898,2,AY,1,100,0.569,0.557
3255671,2899,2,AZ,1,100,-0.004,-0.048
3255671,2900,2,GX,1,100,4.517,5.798
3255671,2901,2,GY,1,100,-0.305,6.561
"
2026-03-05T00:00:47.936Z,1772668847936,10.168.15.94,3132,"3255671,2902,2,GZ,1,100,-2.594,-1.160
3255671,2903,2,MX,1,100,68,68
3255671,2904,2,MY,1,100,33,33
3255671,2905,2,MZ,1,100, 3, 3
"
2026-03-05T00:00:48.036Z,1772668848036,10.168.15.94,3132,"3255805,2906,3,PI,1,100,147435,147419,147439
3255805,2907,3,PR,1,100,112495,112502,112519
3255805,2908,3,PG,1,100,9447,9450,9453
3255804,2909,2,EA,1,100,0.235089,0.235034
3255804,2910,2,EL,1,100,-13692.599609,-13691.200195
3255730,2911,1,T1,1,100,36.167
3255745,2912,1,TH,1,100,34.981
3255791,2913,3,AX,1,100,0.771,0.763,0.828
3255791,2914,3,AY,1,100,0.618,0.616,0.559
3255791,2915,3,AZ,1,100,-0.079,-0.055,0.003
3255791,2916,3,GX,1,100,6.287,-1.709,-5.463
3255791,2917,3,GY,1,100,2.106,0.702,2.930
"
2026-03-05T00:00:48.041Z,1772668848041,10.168.15.94,3132,"3255791,2918,3,GZ,1,100,1.648,8.881,8.057
3255791,2919,3,MX,1,100,68,68,68
3255791,2920,3,MY,1,100,33,34,33
3255791,2921,3,MZ,1,100, 4, 4, 4
"
2026-03-05T00:00:48.079Z,1772668848079,10.168.15.94,3132,"3255868,2922,4,EM,1,100,RS,RE,PS,MN
"
2026-03-05T00:00:48.142Z,1772668848142,10.168.15.94,3132,"3255868,2922,4,EM,1,100,RS,RE,PS,MN
3255885,2923,2,PI,1,100,147466,147470
3255885,2924,2,PR,1,100,112562,112559
3255885,2925,2,PG,1,100,9460,9470
3255871,2926,1,EA,1,100,0.234971
3255871,2927,1,EL,1,100,-13689.599609
3255864,2928,1,T1,1,100,36.143
3255879,2929,1,TH,1,100,34.981
3255871,2930,2,AX,1,100,0.832,0.865
3255871,2931,2,AY,1,100,0.626,0.624
3255871,2932,2,AZ,1,100,0.051,0.033
3255871,2933,2,GX,1,100,-2.411,7.080
3255871,2934,2,GY,1,100,6.256,3.876
3255871,2935,2,GZ,1,100,2.441,-3.174
"
2026-03-05T00:00:48.143Z,1772668848143,10.168.15.94,3132,"3255871,2936,2,MX,1,100,67,67
3255871,2937,2,MY,1,100,34,33
3255871,2938,2,MZ,1,100, 4, 5
3255903,2939,1,BV,1,100,3.90
3255903,2940,1,B%,1,100,77
"
2026-03-05T00:00:48.246Z,1772668848246,10.168.15.94,3132,"3256004,2941,1,SF,1,100,3.5799
3256005,2942,3,PI,1,100,147470,147455,147436
3256005,2943,3,PR,1,100,112555,112552,112497
3256005,2944,3,PG,1,100,9449,9445,9440
3256004,2945,2,EA,1,100,0.235026,0.235113
3256004,2946,2,EL,1,100,-13691.000000,-13693.200195
3255997,2947,1,T1,1,100,35.956
3256012,2948,1,TH,1,100,34.945
3255991,2949,3,AX,1,100,0.791,0.790,0.728
3255991,2950,3,AY,1,100,0.587,0.585,0.618
3255991,2951,3,AZ,1,100,-0.023,-0.035,-0.043
3255991,2952,3,GX,1,100,8.667,3.021,-0.793
"
2026-03-05T00:00:48.247Z,1772668848247,10.168.15.94,3132,"3255991,2953,3,GY,1,100,6.531,9.064,5.249
3255991,2954,3,GZ,1,100,-4.700,0.092,2.777
3255991,2955,3,MX,1,100,68,68,68
3255991,2956,3,MY,1,100,33,33,33
3255991,2957,3,MZ,1,100, 4, 4, 5
"
2026-03-05T00:00:48.286Z,1772668848286,10.168.15.94,3132,"3256069,2958,4,EM,1,100,RS,RE,PS,MN
"
2026-03-05T00:00:48.339Z,1772668848339,10.168.15.94,3132,"3256069,2958,4,EM,1,100,RS,RE,PS,MN
3256085,2959,2,PI,1,100,147396,147375
3256085,2960,2,PR,1,100,112462,112437
3256085,2961,2,PG,1,100,9434,9432
3256071,2962,1,EA,1,100,0.235010
3256071,2963,1,EL,1,100,-13690.599609
3256071,2964,2,AX,1,100,0.777,0.788
3256071,2965,2,AY,1,100,0.606,0.604
3256071,2966,2,AZ,1,100,-0.070,-0.015
3256071,2967,2,GX,1,100,-0.702,-6.653
3256071,2968,2,GY,1,100,1.038,0.427
3256071,2969,2,GZ,1,100,3.723,7.416
3256071,2970,2,MX,1,100,67,67
3256071,2971,2,MY,1,100,34,34
"
2026-03-05T00:00:48.340Z,1772668848340,10.168.15.94,3132,"3256071,2972,2,MZ,1,100, 4, 5
"
2026-03-05T00:00:48.439Z,1772668848439,10.168.15.94,3132,"3256178,2973,2,PI,1,100,147318,147307
3256178,2974,2,PR,1,100,112425,112421
3256178,2975,2,PG,1,100,9439,9434
3256204,2976,2,EA,1,100,0.234923,0.234915
3256204,2977,2,EL,1,100,-13688.400391,-13688.200195
3256130,2978,1,T1,1,100,36.087
3256145,2979,1,TH,1,100,34.945
3256191,2980,3,AX,1,100,0.827,0.865,0.851
3256191,2981,3,AY,1,100,0.561,0.600,0.600
3256191,2982,3,AZ,1,100,0.076,0.039,0.007
3256191,2983,3,GX,1,100,-8.850,6.409,9.399
3256191,2984,3,GY,1,100,6.927,-5.035,-7.141
"
2026-03-05T00:00:48.440Z,1772668848440,10.168.15.94,3132,"3256191,2985,3,GZ,1,100,5.707,-3.052,-3.082
3256191,2986,3,MX,1,100,67,67,67
3256191,2987,3,MY,1,100,33,34,34
3256191,2988,3,MZ,1,100, 5, 5, 4
"
2026-03-05T00:00:48.462Z,1772668848462,10.168.15.94,3132,"3256246,2989,2,RD,1,100,TL,TU
"
2026-03-05T00:00:48.564Z,1772668848564,10.168.15.94,3132,"3256348,2990,4,EM,1,100,RS,RE,PS,MN
"
2026-03-05T00:00:48.586Z,1772668848586,10.168.15.94,3132,"3256246,2989,2,RD,1,100,TL,TU
3256348,2990,4,EM,1,100,RS,RE,PS,MN
3256337,2991,1,SF,1,100,3.5385
3256338,2992,4,PI,1,100,147294,147284,147264,147237
3256338,2993,4,PR,1,100,112403,112383,112378,112378
3256338,2994,4,PG,1,100,9434,9440,9435,9450
3256337,2995,2,EA,1,100,0.234939,0.234923
3256337,2996,2,EL,1,100,-13688.799805,-13688.400391
3256264,2997,1,T1,1,100,36.180
3256278,2998,1,TH,1,100,35.014
3256351,2999,4,AX,1,100,0.769,0.769,0.771,0.798
3256351,3000,4,AY,1,100,0.608,0.624,0.574,0.594
"
2026-03-05T00:00:48.587Z,1772668848587,10.168.15.94,3132,"3256351,3001,4,AZ,1,100,-0.037,-0.039,-0.016,-0.026
3256351,3002,4,GX,1,100,6.683,1.495,-1.465,-0.977
3256351,3003,4,GY,1,100,6.317,2.869,1.373,-1.862
3256351,3004,4,GZ,1,100,-0.977,-0.488,0.946,1.770
3256351,3005,4,MX,1,100,68,67,67,67
3256351,3006,4,MY,1,100,34,32,33,34
3256351,3007,4,MZ,1,100, 4, 5, 4, 4
"
2026-03-05T00:00:48.677Z,1772668848677,10.168.15.94,3132,"3256418,3008,2,PI,1,100,147226,147217
3256418,3009,2,PR,1,100,112353,112363
3256418,3010,2,PG,1,100,9446,9455
3256404,3011,1,EA,1,100,0.235018
3256404,3012,1,EL,1,100,-13690.799805
3256397,3013,1,T1,1,100,36.255
3256412,3014,1,TH,1,100,35.014
3256431,3015,2,AX,1,100,0.799,0.850
3256431,3016,2,AY,1,100,0.601,0.612
3256431,3017,2,AZ,1,100,-0.014,0.021
3256431,3018,2,GX,1,100,-2.014,-2.228
3256431,3019,2,GY,1,100,-6.622,-6.104
3256431,3020,2,GZ,1,100,1.404,1.038
3256431,3021,2,MX,1,100,67,67
"
2026-03-05T00:00:48.679Z,1772668848679,10.168.15.94,3132,"3256431,3022,2,MY,1,100,34,34
3256431,3023,2,MZ,1,100, 4, 4
"
2026-03-05T00:00:48.769Z,1772668848769,10.168.15.94,3132,"3256549,3024,4,EM,1,100,RS,RE,PS,MN
"
2026-03-05T00:00:48.783Z,1772668848783,10.168.15.94,3132,"3256549,3024,4,EM,1,100,RS,RE,PS,MN
3256538,3025,3,PI,1,100,147219,147196,147166
3256538,3026,3,PR,1,100,112379,112357,112353
3256538,3027,3,PG,1,100,9464,9447,9436
3256537,3028,2,EA,1,100,0.235176,0.235200
3256537,3029,2,EL,1,100,-13694.799805,-13695.400391
3256530,3030,1,T1,1,100,36.146
3256545,3031,1,TH,1,100,34.941
3256551,3032,3,AX,1,100,0.827,0.815,0.782
3256551,3033,3,AY,1,100,0.594,0.620,0.606
3256551,3034,3,AZ,1,100,0.042,-0.002,-0.037
3256551,3035,3,GX,1,100,-0.702,4.272,7.141
"
2026-03-05T00:00:48.784Z,1772668848784,10.168.15.94,3132,"3256551,3036,3,GY,1,100,-3.601,3.540,2.472
3256551,3037,3,GZ,1,100,-2.075,-4.089,-4.242
3256551,3038,3,MX,1,100,67,68,68
3256551,3039,3,MY,1,100,33,34,34
3256551,3040,3,MZ,1,100, 4, 6, 4
"
2026-03-05T00:00:48.885Z,1772668848885,10.168.15.94,3132,"3256604,3041,1,SF,1,100,3.4976
3256618,3042,2,PI,1,100,147181,147174
3256618,3043,2,PR,1,100,112338,112338
3256618,3044,2,PG,1,100,9441,9418
3256604,3045,1,EA,1,100,0.235113
3256604,3046,1,EL,1,100,-13693.200195
3256631,3047,2,AX,1,100,0.771,0.782
3256631,3048,2,AY,1,100,0.595,0.592
3256631,3049,2,AZ,1,100,-0.042,-0.036
3256631,3050,2,GX,1,100,1.801,-1.038
3256631,3051,2,GY,1,100,-0.397,1.587
3256631,3052,2,GZ,1,100,0.122,2.136
3256631,3053,2,MX,1,100,68,67
3256631,3054,2,MY,1,100,34,33
"
2026-03-05T00:00:48.887Z,1772668848887,10.168.15.94,3132,"3256631,3055,2,MZ,1,100, 6, 4
"
2026-03-05T00:00:48.966Z,1772668848966,10.168.15.94,3132,"3256752,3056,4,EM,1,100,RS,RE,PS,MN
"
2026-03-05T00:00:48.984Z,1772668848984,10.168.15.94,3132,"3256752,3056,4,EM,1,100,RS,RE,PS,MN
3256738,3057,3,PI,1,100,147145,147154,147132
3256738,3058,3,PR,1,100,112299,112316,112321
3256738,3059,3,PG,1,100,9430,9420,9439
3256737,3060,2,EA,1,100,0.235034,0.235066
3256737,3061,2,EL,1,100,-13691.200195,-13692.000000
3256664,3062,1,T1,1,100,36.205
3256679,3063,1,TH,1,100,34.941
3256751,3064,3,AX,1,100,0.800,0.833,0.774
3256751,3065,3,AY,1,100,0.604,0.570,0.606
3256751,3066,3,AZ,1,100,-0.023,0.017,-0.015
3256751,3067,3,GX,1,100,0.061,1.526,5.920
"
2026-03-05T00:00:48.992Z,1772668848992,10.168.15.94,3132,"3256751,3068,3,GY,1,100,-5.432,-5.981,-5.341
3256751,3069,3,GZ,1,100,0.275,-0.763,-0.702
3256751,3070,3,MX,1,100,67,68,67
3256751,3071,3,MY,1,100,34,34,34
3256751,3072,3,MZ,1,100, 4, 4, 3
"
2026-03-05T00:00:49.087Z,1772668849087,10.168.15.94,3132,"3256858,3073,3,PI,1,100,147128,147033,146941
3256858,3074,3,PR,1,100,112295,112229,112150
3256858,3075,3,PG,1,100,9436,9414,9411
3256804,3076,1,EA,1,100,0.235073
3256804,3077,1,EL,1,100,-13692.200195
3256797,3078,1,T1,1,100,36.160
3256812,3079,1,TH,1,100,35.037
3256831,3080,2,AX,1,100,0.790,0.784
3256831,3081,2,AY,1,100,0.566,0.559
3256831,3082,2,AZ,1,100,-0.046,-0.057
3256831,3083,2,GX,1,100,4.395,3.113
3256831,3084,2,GY,1,100,-22.522,-41.138
3256831,3085,2,GZ,1,100,2.594,4.150
"
2026-03-05T00:00:49.088Z,1772668849088,10.168.15.94,3132,"3256831,3086,2,MX,1,100,68,67
3256831,3087,2,MY,1,100,33,32
3256831,3088,2,MZ,1,100, 4, 0
"
2026-03-05T00:00:49.171Z,1772668849171,10.168.15.94,3132,"3256953,3089,4,EM,1,100,RS,RE,PS,MN
"
2026-03-05T00:00:49.190Z,1772668849190,10.168.15.94,3132,"3256953,3089,4,EM,1,100,RS,RE,PS,MN
3256937,3090,1,SF,1,100,3.4571
3256938,3091,2,PI,1,100,146879,146887
3256938,3092,2,PR,1,100,112068,112049
3256938,3093,2,PG,1,100,9416,9400
3256937,3094,2,EA,1,100,0.235089,0.234987
3256937,3095,2,EL,1,100,-13692.599609,-13690.000000
3256930,3096,1,T1,1,100,36.104
3256945,3097,1,TH,1,100,35.037
3256951,3098,3,AX,1,100,0.834,0.840,0.806
3256951,3099,3,AY,1,100,0.569,0.562,0.546
3256951,3100,3,AZ,1,100,-0.090,-0.108,-0.148
3256951,3101,3,GX,1,100,8.453,13.763,13.458
"
2026-03-05T00:00:49.191Z,1772668849191,10.168.15.94,3132,"3256951,3102,3,GY,1,100,-53.101,-48.218,-21.790
3256951,3103,3,GZ,1,100,1.862,1.099,5.310
3256951,3104,3,MX,1,100,67,67,66
3256951,3105,3,MY,1,100,34,31,32
3256951,3106,3,MZ,1,100, 0,-2,-2
"
2026-03-05T00:00:49.289Z,1772668849289,10.168.15.94,3132,"3257058,3107,3,PI,1,100,147021,147140,147072
3257058,3108,3,PR,1,100,112086,112152,112094
3257058,3109,3,PG,1,100,9419,9423,9419
3257004,3110,1,EA,1,100,0.234876
3257004,3111,1,EL,1,100,-13687.200195
3257031,3112,2,AX,1,100,0.849,0.778
3257031,3113,2,AY,1,100,0.509,0.521
3257031,3114,2,AZ,1,100,-0.166,-0.161
3257031,3115,2,GX,1,100,10.742,9.552
3257031,3116,2,GY,1,100,-7.385,17.487
3257031,3117,2,GZ,1,100,12.695,20.660
3257031,3118,2,MX,1,100,66,65
3257031,3119,2,MY,1,100,32,34
"
2026-03-05T00:00:49.292Z,1772668849292,10.168.15.94,3132,"3257031,3120,2,MZ,1,100,-2,-2
"
2026-03-05T00:00:49.375Z,1772668849375,10.168.15.94,3132,"3257154,3121,4,EM,1,100,RS,RE,PS,MN
"
2026-03-05T00:00:49.392Z,1772668849392,10.168.15.94,3132,"3257154,3121,4,EM,1,100,RS,RE,PS,MN
3257138,3122,2,PI,1,100,146983,146960
3257138,3123,2,PR,1,100,112060,112038
3257138,3124,2,PG,1,100,9408,9388
3257137,3125,2,EA,1,100,0.234726,0.234718
3257137,3126,2,EL,1,100,-13683.400391,-13683.200195
3257064,3127,1,T1,1,100,36.187
3257079,3128,1,TH,1,100,34.999
3257151,3129,3,AX,1,100,0.835,0.809,0.822
3257151,3130,3,AY,1,100,0.494,0.605,0.538
3257151,3131,3,AZ,1,100,-0.140,-0.168,-0.135
3257151,3132,3,GX,1,100,6.073,3.662,6.927
"
2026-03-05T00:00:49.395Z,1772668849395,10.168.15.94,3132,"3257151,3133,3,GY,1,100,21.362,6.378,-0.275
3257151,3134,3,GZ,1,100,25.055,25.146,23.254
3257151,3135,3,MX,1,100,64,63,63
3257151,3136,3,MY,1,100,34,35,35
3257151,3137,3,MZ,1,100,-2,-1,-2
"
2026-03-05T00:00:49.497Z,1772668849497,10.168.15.94,3132,"3257258,3138,3,PI,1,100,146861,146818,146776
3257258,3139,3,PR,1,100,111983,111933,111925
3257258,3140,3,PG,1,100,9384,9384,9372
3257204,3141,1,EA,1,100,0.234639
3257204,3142,1,EL,1,100,-13681.200195
3257197,3143,1,T1,1,100,36.223
3257212,3144,1,TH,1,100,34.999
3257231,3145,2,AX,1,100,0.841,0.872
3257231,3146,2,AY,1,100,0.521,0.502
3257231,3147,2,AZ,1,100,-0.144,-0.138
3257231,3148,2,GX,1,100,0.305,-2.167
3257231,3149,2,GY,1,100,3.876,5.615
3257231,3150,2,GZ,1,100,24.567,24.323
"
2026-03-05T00:00:49.498Z,1772668849498,10.168.15.94,3132,"3257231,3151,2,MX,1,100,62,61
3257231,3152,2,MY,1,100,36,37
3257231,3153,2,MZ,1,100,-2,-2
"
2026-03-05T00:00:49.574Z,1772668849574,10.168.15.94,3132,"3257355,3154,4,EM,1,100,RS,RE,PS,MN
"
2026-03-05T00:00:49.594Z,1772668849594,10.168.15.94,3132,"3257355,3154,4,EM,1,100,RS,RE,PS,MN
3257337,3155,1,SF,1,100,3.4171
3257338,3156,2,PI,1,100,146737,146691
3257338,3157,2,PR,1,100,111892,111863
3257338,3158,2,PG,1,100,9383,9364
3257337,3159,2,EA,1,100,0.234600,0.234600
3257337,3160,2,EL,1,100,-13680.200195,-13680.200195
3257330,3161,1,T1,1,100,36.132
3257345,3162,1,TH,1,100,35.009
3257351,3163,3,AX,1,100,0.874,0.917,0.867
3257351,3164,3,AY,1,100,0.480,0.489,0.490
3257351,3165,3,AZ,1,100,-0.134,-0.115,-0.105
3257351,3166,3,GX,1,100,-1.465,-2.747,-2.533
"
2026-03-05T00:00:49.596Z,1772668849596,10.168.15.94,3132,"3257351,3167,3,GY,1,100,0.916,1.984,10.986
3257351,3168,3,GZ,1,100,20.996,18.738,13.916
3257351,3169,3,MX,1,100,60,61,60
3257351,3170,3,MY,1,100,38,38,38
3257351,3171,3,MZ,1,100,-2,-2, 0
"
2026-03-05T00:00:49.700Z,1772668849700,10.168.15.94,3132,"3257458,3172,3,PI,1,100,146648,146588,146551
3257458,3173,3,PR,1,100,111840,111808,111807
3257458,3174,3,PG,1,100,9362,9370,9365
3257404,3175,1,EA,1,100,0.234600
3257404,3176,1,EL,1,100,-13680.200195
3257464,3177,1,T1,1,100,36.199
3257431,3178,2,AX,1,100,0.916,0.879
3257431,3179,2,AY,1,100,0.446,0.494
3257431,3180,2,AZ,1,100,-0.129,-0.096
3257431,3181,2,GX,1,100,-2.991,-2.869
3257431,3182,2,GY,1,100,8.270,8.148
3257431,3183,2,GZ,1,100,6.989,0.183
3257431,3184,2,MX,1,100,61,60
3257431,3185,2,MY,1,100,39,38
"
2026-03-05T00:00:49.701Z,1772668849701,10.168.15.94,3132,"3257431,3186,2,MZ,1,100,-1,-1
"
2026-03-05T00:00:49.772Z,1772668849772,10.168.15.94,3132,"3257556,3187,4,EM,1,100,RS,RE,PS,MN
"
2026-03-05T00:00:49.795Z,1772668849795,10.168.15.94,3132,"3257556,3187,4,EM,1,100,RS,RE,PS,MN
3257538,3188,2,PI,1,100,146485,146395
3257538,3189,2,PR,1,100,111765,111729
3257538,3190,2,PG,1,100,9364,9360
3257537,3191,2,EA,1,100,0.234671,0.234789
3257537,3192,2,EL,1,100,-13682.000000,-13685.000000
3257478,3193,1,TH,1,100,35.009
3257551,3194,3,AX,1,100,0.867,0.869,0.822
3257551,3195,3,AY,1,100,0.475,0.481,0.463
3257551,3196,3,AZ,1,100,-0.096,-0.090,-0.047
3257551,3197,3,GX,1,100,-3.998,-2.319,-8.881
3257551,3198,3,GY,1,100,10.834,-4.181,7.263
"
2026-03-05T00:00:49.806Z,1772668849806,10.168.15.94,3132,"3257551,3199,3,GZ,1,100,-9.766,-11.200,-10.315
3257551,3200,3,MX,1,100,60,61,60
3257551,3201,3,MY,1,100,40,39,38
3257551,3202,3,MZ,1,100, 0, 0, 0
"
2026-03-05T00:00:49.898Z,1772668849898,10.168.15.94,3132,"3257604,3203,1,SF,1,100,3.3776
3257658,3204,3,PI,1,100,146365,146361,146312
3257658,3205,3,PR,1,100,111714,111705,111675
3257658,3206,3,PG,1,100,9361,9355,9323
3257604,3207,1,EA,1,100,0.234852
3257604,3208,1,EL,1,100,-13686.599609
3257597,3209,1,T1,1,100,36.228
3257612,3210,1,TH,1,100,35.032
3257631,3211,2,AX,1,100,0.902,0.871
3257631,3212,2,AY,1,100,0.479,0.492
3257631,3213,2,AZ,1,100,-0.069,-0.058
3257631,3214,2,GX,1,100,-2.960,6.897
3257631,3215,2,GY,1,100,1.617,5.005
"
2026-03-05T00:00:49.903Z,1772668849903,10.168.15.94,3132,"3257631,3216,2,GZ,1,100,-7.965,-6.256
3257631,3217,2,MX,1,100,61,61
3257631,3218,2,MY,1,100,37,37
3257631,3219,2,MZ,1,100, 0, 0
"
2026-03-05T00:00:49.979Z,1772668849979,10.168.15.94,3132,"3257757,3220,4,EM,1,100,RS,RE,PS,MN
"
2026-03-05T00:00:49.999Z,1772668849999,10.168.15.94,3132,"3257757,3220,4,EM,1,100,RS,RE,PS,MN
3257738,3221,2,PI,1,100,146264,146294
3257738,3222,2,PR,1,100,111651,111645
3257738,3223,2,PG,1,100,9317,9328
3257737,3224,2,EA,1,100,0.234773,0.234766
3257737,3225,2,EL,1,100,-13684.599609,-13684.400391
3257730,3226,1,T1,1,100,36.134
3257745,3227,1,TH,1,100,35.032
3257751,3228,3,AX,1,100,0.863,0.869,0.832
3257751,3229,3,AY,1,100,0.482,0.507,0.508
3257751,3230,3,AZ,1,100,-0.066,-0.079,-0.084
3257751,3231,3,GX,1,100,10.651,7.355,4.150
"
2026-03-05T00:00:50.002Z,1772668850002,10.168.15.94,3132,"3257751,3232,3,GY,1,100,9.155,-1.923,1.892
3257751,3233,3,GZ,1,100,-7.507,-7.782,-5.981
3257751,3234,3,MX,1,100,61,61,62
3257751,3235,3,MY,1,100,38,36,38
3257751,3236,3,MZ,1,100, 0, 0, 0
"
2026-03-05T00:00:50.112Z,1772668850112,10.168.15.94,3132,"3257858,3237,3,PI,1,100,146257,146245,146305
3257858,3238,3,PR,1,100,111625,111596,111632
3257858,3239,3,PG,1,100,9322,9316,9320
3257870,3240,2,EA,1,100,0.234695,0.234671
3257870,3241,2,EL,1,100,-13682.599609,-13682.000000
3257863,3242,1,T1,1,100,36.200
3257878,3243,1,TH,1,100,34.991
3257871,3244,3,AX,1,100,0.860,0.859,0.866
3257871,3245,3,AY,1,100,0.486,0.501,0.517
3257871,3246,3,AZ,1,100,-0.083,-0.096,-0.075
3257871,3247,3,GX,1,100,2.106,1.526,2.960
3257871,3248,3,GY,1,100,3.021,-2.869,-6.439
"
2026-03-05T00:00:50.113Z,1772668850113,10.168.15.94,3132,"3257871,3249,3,GZ,1,100,-2.350,0.732,-2.228
3257871,3250,3,MX,1,100,61,62,61
3257871,3251,3,MY,1,100,37,37,37
3257871,3252,3,MZ,1,100, 0, 0, 0
"
2026-03-05T00:00:50.180Z,1772668850180,10.168.15.94,3132,"3257958,3253,4,EM,1,100,RS,RE,PS,MN
"
2026-03-05T00:00:50.204Z,1772668850204,10.168.15.94,3132,"3257958,3253,4,EM,1,100,RS,RE,PS,MN
3257937,3254,1,SF,1,100,3.3385
3257938,3255,2,PI,1,100,146377,146434
3257938,3256,2,PR,1,100,111689,111713
3257938,3257,2,PG,1,100,9316,9332
3257937,3258,1,EA,1,100,0.234608
3257937,3259,1,EL,1,100,-13680.400391
3257951,3260,2,AX,1,100,0.850,0.909
3257951,3261,2,AY,1,100,0.507,0.533
3257951,3262,2,AZ,1,100,-0.081,-0.117
3257951,3263,2,GX,1,100,3.143,7.782
3257951,3264,2,GY,1,100,-2.411,-8.789
3257951,3265,2,GZ,1,100,-3.357,-2.228
3257951,3266,2,MX,1,100,63,63
"
2026-03-05T00:00:50.204Z,1772668850204,10.168.15.94,3132,"3257951,3267,2,MY,1,100,38,36
3257951,3268,2,MZ,1,100,-1,-1
"
2026-03-05T00:00:50.313Z,1772668850313,10.168.15.94,3132,"3257978,3269,1,BI,1,100,3440
3257978,3270,1,HR,1,100,40.57
3258058,3271,3,PI,1,100,146466,146459,146504
3258058,3272,3,PR,1,100,111729,111742,111752
3258058,3273,3,PG,1,100,9321,9349,9349
3258070,3274,2,EA,1,100,0.234584,0.234537
3258070,3275,2,EL,1,100,-13679.799805,-13678.599609
3257997,3276,1,T1,1,100,36.264
3258012,3277,1,TH,1,100,34.991
3258071,3278,3,AX,1,100,0.843,0.833,0.856
3258071,3279,3,AY,1,100,0.505,0.499,0.494
3258071,3280,3,AZ,1,100,-0.094,-0.087,-0.126
"
2026-03-05T00:00:50.314Z,1772668850314,10.168.15.94,3132,"3258071,3281,3,GX,1,100,4.639,0.916,2.686
3258071,3282,3,GY,1,100,-2.716,6.958,0.122
3258071,3283,3,GZ,1,100,-4.150,-5.951,-5.188
3258071,3284,3,MX,1,100,62,62,62
3258071,3285,3,MY,1,100,37,37,37
3258071,3286,3,MZ,1,100, 0,-1, 0
"
2026-03-05T00:00:50.372Z,1772668850372,10.168.15.94,3132,"3258159,3287,4,EM,1,100,RS,RE,PS,MN
"
2026-03-05T00:00:50.408Z,1772668850408,10.168.15.94,3132,"3258159,3287,4,EM,1,100,RS,RE,PS,MN
3258178,3288,3,PI,1,100,146529,146596,146597
3258178,3289,3,PR,1,100,111776,111806,111821
3258178,3290,3,PG,1,100,9358,9370,9362
3258137,3291,1,EA,1,100,0.234553
3258137,3292,1,EL,1,100,-13679.000000
3258130,3293,1,T1,1,100,36.327
3258145,3294,1,TH,1,100,34.925
3258151,3295,2,AX,1,100,0.836,0.814
3258151,3296,2,AY,1,100,0.469,0.481
3258151,3297,2,AZ,1,100,-0.130,-0.120
3258151,3298,2,GX,1,100,3.204,3.082
3258151,3299,2,GY,1,100,-0.824,6.287
"
2026-03-05T00:00:50.408Z,1772668850408,10.168.15.94,3132,"3258151,3300,2,GZ,1,100,-2.930,-3.204
3258151,3301,2,MX,1,100,62,61
3258151,3302,2,MY,1,100,37,36
3258151,3303,2,MZ,1,100,-1, 0
"
2026-03-05T00:00:50.520Z,1772668850520,10.168.15.94,3132,"3258270,3304,1,SF,1,100,3.2999
3258272,3305,2,PI,1,100,146593,146635
3258272,3306,2,PR,1,100,111803,111832
3258272,3307,2,PG,1,100,9340,9328
3258270,3308,2,EA,1,100,0.234458,0.234474
3258270,3309,2,EL,1,100,-13676.599609,-13677.000000
3258263,3310,1,T1,1,100,36.283
3258278,3311,1,TH,1,100,34.925
3258272,3312,3,AX,1,100,0.845,0.848,0.824
3258272,3313,3,AY,1,100,0.487,0.496,0.520
3258272,3314,3,AZ,1,100,-0.131,-0.121,-0.112
3258272,3315,3,GX,1,100,4.425,4.456,2.777
3258272,3316,3,GY,1,100,-5.157,-7.477,3.876
"
2026-03-05T00:00:50.521Z,1772668850521,10.168.15.94,3132,"3258272,3317,3,GZ,1,100,-1.801,0.641,2.625
3258272,3318,3,MX,1,100,63,62,62
3258272,3319,3,MY,1,100,34,37,36
3258272,3320,3,MZ,1,100, 0, 0, 0
"
2026-03-05T00:00:50.572Z,1772668850572,10.168.15.94,3132,"3258360,3321,4,EM,1,100,RS,RE,PS,MN
"
2026-03-05T00:00:50.612Z,1772668850612,10.168.15.94,3132,"3258360,3321,4,EM,1,100,RS,RE,PS,MN
3258352,3322,2,PI,1,100,146641,146699
3258352,3323,2,PR,1,100,111837,111847
3258352,3324,2,PG,1,100,9340,9338
3258337,3325,1,EA,1,100,0.234380
3258337,3326,1,EL,1,100,-13674.599609
3258352,3327,2,AX,1,100,0.862,0.896
3258352,3328,2,AY,1,100,0.511,0.551
3258352,3329,2,AZ,1,100,-0.089,-0.115
3258352,3330,2,GX,1,100,2.258,2.869
3258352,3331,2,GY,1,100,-2.014,-6.714
3258352,3332,2,GZ,1,100,2.045,0.122
3258352,3333,2,MX,1,100,62,62
3258352,3334,2,MY,1,100,38,37
"
2026-03-05T00:00:50.612Z,1772668850612,10.168.15.94,3132,"3258352,3335,2,MZ,1,100, 0, 0
"
2026-03-05T00:00:50.714Z,1772668850714,10.168.15.94,3132,"3258472,3336,3,PI,1,100,146720,146742,146746
3258472,3337,3,PR,1,100,111887,111882,111890
3258472,3338,3,PG,1,100,9330,9340,9343
3258470,3339,2,EA,1,100,0.234340,0.234458
3258470,3340,2,EL,1,100,-13673.599609,-13676.599609
3258397,3341,1,T1,1,100,36.300
3258412,3342,1,TH,1,100,34.994
3258472,3343,3,AX,1,100,0.828,0.868,0.876
3258472,3344,3,AY,1,100,0.536,0.506,0.547
3258472,3345,3,AZ,1,100,-0.100,-0.115,-0.114
3258472,3346,3,GX,1,100,4.944,6.531,4.486
3258472,3347,3,GY,1,100,-2.686,1.740,-0.427
"
2026-03-05T00:00:50.715Z,1772668850715,10.168.15.94,3132,"3258472,3348,3,GZ,1,100,-3.540,-4.456,-4.578
3258472,3349,3,MX,1,100,63,63,62
3258472,3350,3,MY,1,100,36,35,36
3258472,3351,3,MZ,1,100,-1,-2,-2
"
2026-03-05T00:00:50.774Z,1772668850774,10.168.15.94,3132,"3258561,3352,4,EM,1,100,RS,RE,PS,MN
"
2026-03-05T00:00:50.809Z,1772668850809,10.168.15.94,3132,"3258561,3352,4,EM,1,100,RS,RE,PS,MN
3258552,3353,2,PI,1,100,146747,146744
3258552,3354,2,PR,1,100,111899,111905
3258552,3355,2,PG,1,100,9336,9334
3258537,3356,1,EA,1,100,0.234451
3258537,3357,1,EL,1,100,-13676.400391
3258530,3358,1,T1,1,100,36.272
3258545,3359,1,TH,1,100,34.994
3258552,3360,2,AX,1,100,0.797,0.877
3258552,3361,2,AY,1,100,0.490,0.522
3258552,3362,2,AZ,1,100,-0.096,-0.129
3258552,3363,2,GX,1,100,5.249,7.843
3258552,3364,2,GY,1,100,6.226,4.791
3258552,3365,2,GZ,1,100,-3.937,-1.923
"
2026-03-05T00:00:50.823Z,1772668850823,10.168.15.94,3132,"3258552,3366,2,MX,1,100,63,63
3258552,3367,2,MY,1,100,36,36
3258552,3368,2,MZ,1,100, 0,-1
"
2026-03-05T00:00:50.918Z,1772668850918,10.168.15.94,3132,"3258670,3369,1,SF,1,100,3.2618
3258672,3370,3,PI,1,100,146743,146875,147144
3258672,3371,3,PR,1,100,111952,112074,112262
3258672,3372,3,PG,1,100,9339,9355,9369
3258670,3373,2,EA,1,100,0.234388,0.234435
3258670,3374,2,EL,1,100,-13674.799805,-13676.000000
3258663,3375,1,T1,1,100,36.153
3258678,3376,1,TH,1,100,34.950
3258672,3377,3,AX,1,100,0.810,0.862,0.802
3258672,3378,3,AY,1,100,0.494,0.518,0.493
3258672,3379,3,AZ,1,100,-0.130,-0.119,-0.109
3258672,3380,3,GX,1,100,4.700,-0.366,-1.434
"
2026-03-05T00:00:50.918Z,1772668850918,10.168.15.94,3132,"3258672,3381,3,GY,1,100,6.287,3.418,2.167
3258672,3382,3,GZ,1,100,-2.258,-2.625,-1.984
3258672,3383,3,MX,1,100,63,63,63
3258672,3384,3,MY,1,100,35,36,37
3258672,3385,3,MZ,1,100,-1,-1,-2
"
2026-03-05T00:00:50.978Z,1772668850978,10.168.15.94,3132,"3258762,3386,4,EM,1,100,RS,RE,PS,MN
"
2026-03-05T00:00:51.011Z,1772668851011,10.168.15.94,3132,"3258762,3386,4,EM,1,100,RS,RE,PS,MN
3258752,3387,2,PI,1,100,147377,147567
3258752,3388,2,PR,1,100,112430,112573
3258752,3389,2,PG,1,100,9384,9378
3258737,3390,1,EA,1,100,0.234388
3258737,3391,1,EL,1,100,-13674.799805
3258752,3392,2,AX,1,100,0.840,0.840
3258752,3393,2,AY,1,100,0.518,0.490
3258752,3394,2,AZ,1,100,-0.115,-0.122
3258752,3395,2,GX,1,100,-0.458,1.892
3258752,3396,2,GY,1,100,-1.587,-7.446
3258752,3397,2,GZ,1,100,1.984,3.784
3258752,3398,2,MX,1,100,62,62
3258752,3399,2,MY,1,100,37,36
"
2026-03-05T00:00:51.013Z,1772668851013,10.168.15.94,3132,"3258752,3400,2,MZ,1,100,-1,-1
"
2026-03-05T00:00:51.115Z,1772668851115,10.168.15.94,3132,"3258872,3401,3,PI,1,100,147699,147717,147786
3258872,3402,3,PR,1,100,112676,112675,112743
3258872,3403,3,PG,1,100,9372,9382,9374
3258870,3404,2,EA,1,100,0.234458,0.234380
3258870,3405,2,EL,1,100,-13676.599609,-13674.599609
3258797,3406,1,T1,1,100,36.173
3258812,3407,1,TH,1,100,34.950
3258872,3408,3,AX,1,100,0.837,0.907,0.853
3258872,3409,3,AY,1,100,0.500,0.498,0.504
3258872,3410,3,AZ,1,100,-0.112,-0.121,-0.108
3258872,3411,3,GX,1,100,1.709,0.610,6.012
3258872,3412,3,GY,1,100,-4.883,-10.925,-2.716
"
2026-03-05T00:00:51.117Z,1772668851117,10.168.15.94,3132,"3258872,3413,3,GZ,1,100,4.486,5.432,1.984
3258872,3414,3,MX,1,100,62,62,62
3258872,3415,3,MY,1,100,37,37,34
3258872,3416,3,MZ,1,100,-1,-2,-2
"
2026-03-05T00:00:51.181Z,1772668851181,10.168.15.94,3132,"3258965,3417,4,EM,1,100,RS,RE,PS,MN
"
2026-03-05T00:00:51.220Z,1772668851220,10.168.15.94,3132,"3258965,3417,4,EM,1,100,RS,RE,PS,MN
3258937,3418,1,SF,1,100,3.2240
3258952,3419,2,PI,1,100,147816,147841
3258952,3420,2,PR,1,100,112762,112768
3258952,3421,2,PG,1,100,9391,9401
3258937,3422,1,EA,1,100,0.234427
3258937,3423,1,EL,1,100,-13675.799805
3258930,3424,1,T1,1,100,36.110
3258945,3425,1,TH,1,100,35.025
3258952,3426,2,AX,1,100,0.889,0.826
3258952,3427,2,AY,1,100,0.502,0.524
3258952,3428,2,AZ,1,100,-0.105,-0.146
3258952,3429,2,GX,1,100,5.585,8.636
3258952,3430,2,GY,1,100,-1.251,-1.160
"
2026-03-05T00:00:51.220Z,1772668851220,10.168.15.94,3132,"3258952,3431,2,GZ,1,100,-0.916,-1.587
3258952,3432,2,MX,1,100,63,62
3258952,3433,2,MY,1,100,36,36
3258952,3434,2,MZ,1,100,-3,-2
"
2026-03-05T00:00:51.328Z,1772668851328,10.168.15.94,3132,"3259072,3435,3,PI,1,100,147800,147823,147842
3259072,3436,3,PR,1,100,112736,112743,112746
3259072,3437,3,PG,1,100,9374,9399,9405
3259070,3438,2,EA,1,100,0.234490,0.234569
3259070,3439,2,EL,1,100,-13677.400391,-13679.400391
3259063,3440,1,T1,1,100,36.048
3259078,3441,1,TH,1,100,35.032
3259072,3442,3,AX,1,100,0.855,0.773,0.856
3259072,3443,3,AY,1,100,0.516,0.531,0.517
3259072,3444,3,AZ,1,100,-0.138,-0.158,-0.162
3259072,3445,3,GX,1,100,7.996,6.104,7.416
3259072,3446,3,GY,1,100,-1.801,-0.305,-9.216
"
2026-03-05T00:00:51.328Z,1772668851328,10.168.15.94,3132,"3259072,3447,3,GZ,1,100,-0.824,-1.373,0.305
3259072,3448,3,MX,1,100,61,61,63
3259072,3449,3,MY,1,100,37,35,35
3259072,3450,3,MZ,1,100,-3,-4,-4
"
2026-03-05T00:00:51.379Z,1772668851379,10.168.15.94,3132,"3259166,3451,4,EM,1,100,RS,RE,PS,MN
"
2026-03-05T00:00:51.419Z,1772668851419,10.168.15.94,3132,"3259166,3451,4,EM,1,100,RS,RE,PS,MN
3259192,3452,3,PI,1,100,147832,147847,147846
3259192,3453,3,PR,1,100,112736,112737,112716
3259192,3454,3,PG,1,100,9393,9398,9421
3259137,3455,1,EA,1,100,0.234529
3259137,3456,1,EL,1,100,-13678.400391
3259192,3457,3,AX,1,100,0.779,0.873,0.852
3259192,3458,3,AY,1,100,0.493,0.505,0.495
3259192,3459,3,AZ,1,100,-0.167,-0.181,-0.189
3259192,3460,3,GX,1,100,3.601,4.242,6.012
3259192,3461,3,GY,1,100,-13.580,-16.571,-20.294
3259192,3462,3,GZ,1,100,1.862,2.960,0.763
"
2026-03-05T00:00:51.424Z,1772668851424,10.168.15.94,3132,"3259192,3463,3,MX,1,100,61,61,61
3259192,3464,3,MY,1,100,36,36,34
3259192,3465,3,MZ,1,100,-4,-5,-6
"
2026-03-05T00:00:51.524Z,1772668851524,10.168.15.94,3132,"3259270,3466,1,SF,1,100,3.1867
3259271,3467,2,PI,1,100,147857,147872
3259271,3468,2,PR,1,100,112706,112733
3259271,3469,2,PG,1,100,9434,9407
3259270,3470,2,EA,1,100,0.234561,0.234576
3259270,3471,2,EL,1,100,-13679.200195,-13679.599609
3259197,3472,1,T1,1,100,36.127
3259212,3473,1,TH,1,100,34.953
3259271,3474,2,AX,1,100,0.859,0.857
3259271,3475,2,AY,1,100,0.488,0.507
3259271,3476,2,AZ,1,100,-0.199,-0.239
3259271,3477,2,GX,1,100,6.226,4.852
3259271,3478,2,GY,1,100,-16.266,-18.188
"
2026-03-05T00:00:51.525Z,1772668851525,10.168.15.94,3132,"3259271,3479,2,GZ,1,100,-0.641,-0.610
3259271,3480,2,MX,1,100,61,61
3259271,3481,2,MY,1,100,36,34
3259271,3482,2,MZ,1,100,-6,-6
"
2026-03-05T00:00:51.586Z,1772668851586,10.168.15.94,3132,"3259367,3483,4,EM,1,100,RS,RE,PS,MN
"
2026-03-05T00:00:51.622Z,1772668851622,10.168.15.94,3132,"3259367,3483,4,EM,1,100,RS,RE,PS,MN
3259391,3484,3,PI,1,100,147938,147976,147998
3259391,3485,3,PR,1,100,112805,112805,112832
3259391,3486,3,PG,1,100,9427,9422,9410
3259337,3487,1,EA,1,100,0.234734
3259337,3488,1,EL,1,100,-13683.599609
3259330,3489,1,T1,1,100,36.232
3259345,3490,1,TH,1,100,34.953
3259391,3491,3,AX,1,100,0.810,0.828,0.799
3259391,3492,3,AY,1,100,0.485,0.494,0.501
3259391,3493,3,AZ,1,100,-0.219,-0.226,-0.230
3259391,3494,3,GX,1,100,1.068,-0.977,1.556
"
2026-03-05T00:00:51.625Z,1772668851625,10.168.15.94,3132,"3259391,3495,3,GY,1,100,-12.054,-13.489,-14.954
3259391,3496,3,GZ,1,100,-2.991,-3.418,-2.563
3259391,3497,3,MX,1,100,61,61,61
3259391,3498,3,MY,1,100,34,34,34
3259391,3499,3,MZ,1,100,-6,-7,-8
"
2026-03-05T00:00:51.728Z,1772668851728,10.168.15.94,3132,"3259472,3500,2,PI,1,100,148032,148082
3259472,3501,2,PR,1,100,112850,112871
3259472,3502,2,PG,1,100,9426,9433
3259470,3503,2,EA,1,100,0.234655,0.234726
3259470,3504,2,EL,1,100,-13681.599609,-13683.400391
3259463,3505,1,T1,1,100,36.171
3259478,3506,1,TH,1,100,35.078
3259472,3507,2,AX,1,100,0.854,0.786
3259472,3508,2,AY,1,100,0.504,0.509
3259472,3509,2,AZ,1,100,-0.266,-0.227
3259472,3510,2,GX,1,100,2.991,3.906
3259472,3511,2,GY,1,100,-23.041,-25.787
3259472,3512,2,GZ,1,100,-1.678,-3.082
"
2026-03-05T00:00:51.747Z,1772668851747,10.168.15.94,3132,"3259472,3513,2,MX,1,100,62,61
3259472,3514,2,MY,1,100,34,33
3259472,3515,2,MZ,1,100,-9,-9
"
2026-03-05T00:00:51.781Z,1772668851781,10.168.15.94,3132,"3259568,3516,4,EM,1,100,RS,RE,PS,MN
"
2026-03-05T00:00:51.837Z,1772668851837,10.168.15.94,3132,"3259568,3516,4,EM,1,100,RS,RE,PS,MN
3259591,3517,3,PI,1,100,148144,148193,148332
3259591,3518,3,PR,1,100,112927,112995,113096
3259591,3519,3,PG,1,100,9445,9445,9471
3259537,3520,1,EA,1,100,0.234632
3259537,3521,1,EL,1,100,-13681.000000
3259597,3522,1,T1,1,100,36.110
3259591,3523,3,AX,1,100,0.843,0.812,0.770
3259591,3524,3,AY,1,100,0.485,0.518,0.514
3259591,3525,3,AZ,1,100,-0.278,-0.301,-0.270
3259591,3526,3,GX,1,100,4.944,6.592,2.228
3259591,3527,3,GY,1,100,-13.550,-19.745,-5.524
"
2026-03-05T00:00:51.839Z,1772668851839,10.168.15.94,3132,"3259591,3528,3,GZ,1,100,-1.312,-0.671,-2.625
3259591,3529,3,MX,1,100,60,62,62
3259591,3530,3,MY,1,100,33,33,32
3259591,3531,3,MZ,1,100,-11,-11,-9
"
2026-03-05T00:00:51.934Z,1772668851934,10.168.15.94,3132,"3259670,3532,1,SF,1,100,3.1499
3259671,3533,2,PI,1,100,148417,148579
3259671,3534,2,PR,1,100,113158,113269
3259671,3535,2,PG,1,100,9484,9503
3259670,3536,2,EA,1,100,0.234726,0.234679
3259670,3537,2,EL,1,100,-13683.400391,-13682.200195
3259611,3538,1,TH,1,100,35.071
3259671,3539,2,AX,1,100,0.819,0.788
3259671,3540,2,AY,1,100,0.510,0.523
3259671,3541,2,AZ,1,100,-0.318,-0.307
3259671,3542,2,GX,1,100,2.533,3.387
3259671,3543,2,GY,1,100,-7.904,-19.714
3259671,3544,2,GZ,1,100,-0.854,-2.594
"
2026-03-05T00:00:51.935Z,1772668851935,10.168.15.94,3132,"3259671,3545,2,MX,1,100,62,61
3259671,3546,2,MY,1,100,33,32
3259671,3547,2,MZ,1,100,-12,-12
"
2026-03-05T00:00:52.001Z,1772668852001,10.168.15.94,3132,"3259769,3548,4,EM,1,100,RS,RE,PS,MN
"
2026-03-05T00:00:52.029Z,1772668852029,10.168.15.94,3132,"3259769,3548,4,EM,1,100,RS,RE,PS,MN
3259791,3549,3,PI,1,100,148676,148736,148805
3259791,3550,3,PR,1,100,113340,113368,113428
3259791,3551,3,PG,1,100,9529,9550,9568
3259737,3552,1,EA,1,100,0.234553
3259737,3553,1,EL,1,100,-13679.000000
3259730,3554,1,T1,1,100,36.154
3259745,3555,1,TH,1,100,35.078
3259792,3556,3,AX,1,100,0.764,0.840,0.727
3259792,3557,3,AY,1,100,0.519,0.520,0.505
3259792,3558,3,AZ,1,100,-0.297,-0.324,-0.311
3259792,3559,3,GX,1,100,0.671,0.000,-2.014
"
2026-03-05T00:00:52.038Z,1772668852038,10.168.15.94,3132,"3259792,3560,3,GY,1,100,0.305,-11.139,-3.632
3259792,3561,3,GZ,1,100,-4.547,-1.343,0.183
3259792,3562,3,MX,1,100,61,61,61
3259792,3563,3,MY,1,100,31,31,31
3259792,3564,3,MZ,1,100,-11,-11,-12
"
2026-03-05T00:00:52.132Z,1772668852132,10.168.15.94,3132,"3259871,3565,2,PI,1,100,148878,148976
3259871,3566,2,PR,1,100,113459,113530
3259871,3567,2,PG,1,100,9564,9571
3259870,3568,2,EA,1,100,0.234451,0.234553
3259870,3569,2,EL,1,100,-13676.400391,-13679.000000
3259863,3570,1,T1,1,100,36.173
3259878,3571,1,TH,1,100,35.078
3259871,3572,2,AX,1,100,0.829,0.754
3259871,3573,2,AY,1,100,0.512,0.504
3259871,3574,2,AZ,1,100,-0.322,-0.322
3259871,3575,2,GX,1,100,-1.251,0.946
3259871,3576,2,GY,1,100,-11.047,-17.151
3259871,3577,2,GZ,1,100,2.167,1.251
"
2026-03-05T00:00:52.135Z,1772668852135,10.168.15.94,3132,"3259871,3578,2,MX,1,100,61,62
3259871,3579,2,MY,1,100,31,30
3259871,3580,2,MZ,1,100,-12,-13
"
2026-03-05T00:00:52.181Z,1772668852181,10.168.15.94,3132,"3259970,3581,4,EM,1,100,RS,RE,PS,MN
"
2026-03-05T00:00:52.249Z,1772668852249,10.168.15.94,3132,"3259970,3581,4,EM,1,100,RS,RE,PS,MN
3260003,3582,1,SF,1,100,3.1134
3259991,3583,3,PI,1,100,149106,149253,149443
3259991,3584,3,PR,1,100,113606,113731,113838
3259991,3585,3,PG,1,100,9588,9606,9621
3260003,3586,2,EA,1,100,0.234529,0.234506
3260003,3587,2,EL,1,100,-13678.400391,-13677.799805
3259997,3588,1,T1,1,100,36.252
3260011,3589,1,TH,1,100,35.035
3259991,3590,3,AX,1,100,0.797,0.763,0.827
3259991,3591,3,AY,1,100,0.520,0.489,0.484
3259991,3592,3,AZ,1,100,-0.343,-0.358,-0.359
"
2026-03-05T00:00:52.262Z,1772668852262,10.168.15.94,3132,"3259991,3593,3,GX,1,100,2.319,2.869,2.930
3259991,3594,3,GY,1,100,-15.594,-17.548,-13.916
3259991,3595,3,GZ,1,100,0.977,2.777,1.770
3259991,3596,3,MX,1,100,61,61,60
3259991,3597,3,MY,1,100,31,30,29
3259991,3598,3,MZ,1,100,-14,-14,-15
"
2026-03-05T00:00:52.332Z,1772668852332,10.168.15.94,3132,"3260071,3599,2,PI,1,100,149691,149851
3260071,3600,2,PR,1,100,114013,114101
3260071,3601,2,PG,1,100,9641,9681
3260070,3602,1,EA,1,100,0.234592
3260070,3603,1,EL,1,100,-13680.000000
3260071,3604,2,AX,1,100,0.768,0.814
3260071,3605,2,AY,1,100,0.506,0.504
3260071,3606,2,AZ,1,100,-0.360,-0.374
3260071,3607,2,GX,1,100,3.815,1.801
3260071,3608,2,GY,1,100,-5.035,9.247
3260071,3609,2,GZ,1,100,-2.167,-4.028
3260071,3610,2,MX,1,100,62,61
3260071,3611,2,MY,1,100,30,31
3260071,3612,2,MZ,1,100,-14,-15
"
2026-03-05T00:00:52.382Z,1772668852382,10.168.15.94,3132,"3260171,3613,4,EM,1,100,RS,RE,PS,MN
"
2026-03-05T00:00:52.435Z,1772668852435,10.168.15.94,3132,"3260171,3613,4,EM,1,100,RS,RE,PS,MN
3260191,3614,3,PI,1,100,149869,149751,149591
3260191,3615,3,PR,1,100,114099,114031,113919
3260191,3616,3,PG,1,100,9683,9665,9670
3260203,3617,2,EA,1,100,0.234592,0.234663
3260203,3618,2,EL,1,100,-13680.000000,-13681.799805
3260130,3619,1,T1,1,100,36.180
3260145,3620,1,TH,1,100,35.035
3260191,3621,3,AX,1,100,0.809,0.752,0.800
3260191,3622,3,AY,1,100,0.507,0.536,0.541
3260191,3623,3,AZ,1,100,-0.355,-0.361,-0.328
3260191,3624,3,GX,1,100,-1.923,-5.188,-10.101
"
2026-03-05T00:00:52.443Z,1772668852443,10.168.15.94,3132,"3260191,3625,3,GY,1,100,7.324,24.719,26.367
3260191,3626,3,GZ,1,100,-6.683,-12.421,-13.611
3260191,3627,3,MX,1,100,62,61,63
3260191,3628,3,MY,1,100,29,30,31
3260191,3629,3,MZ,1,100,-14,-12,-12
"
2026-03-05T00:00:52.542Z,1772668852542,10.168.15.94,3132,"3260270,3630,1,SF,1,100,3.0774
3260285,3631,2,PI,1,100,149456,149287
3260285,3632,2,PR,1,100,113818,113684
3260285,3633,2,PG,1,100,9655,9633
3260270,3634,1,EA,1,100,0.234576
3260270,3635,1,EL,1,100,-13679.599609
3260263,3636,1,T1,1,100,36.149
3260278,3637,1,TH,1,100,35.016
3260311,3638,3,AX,1,100,0.737,0.784,0.781
3260311,3639,3,AY,1,100,0.566,0.548,0.544
3260311,3640,3,AZ,1,100,-0.290,-0.286,-0.254
3260311,3641,3,GX,1,100,-13.550,-14.343,-14.313
3260311,3642,3,GY,1,100,31.281,30.090,15.076
"
2026-03-05T00:00:52.543Z,1772668852543,10.168.15.94,3132,"3260311,3643,3,GZ,1,100,-14.221,-12.604,-10.101
3260311,3644,3,MX,1,100,64,64,64
3260311,3645,3,MY,1,100,31,31,31
3260311,3646,3,MZ,1,100,-11,-9,-8
"
2026-03-05T00:00:52.584Z,1772668852584,10.168.15.94,3132,"3260372,3647,4,EM,1,100,RS,RE,PS,MN
"
2026-03-05T00:00:52.641Z,1772668852641,10.168.15.94,3132,"3260372,3647,4,EM,1,100,RS,RE,PS,MN
3260405,3648,3,PI,1,100,149100,149008,148901
3260405,3649,3,PR,1,100,113591,113556,113491
3260405,3650,3,PG,1,100,9623,9607,9576
3260403,3651,2,EA,1,100,0.234537,0.234529
3260403,3652,2,EL,1,100,-13678.599609,-13678.400391
3260397,3653,1,T1,1,100,36.171
3260411,3654,1,TH,1,100,35.016
3260391,3655,2,AX,1,100,0.680,0.817
3260391,3656,2,AY,1,100,0.563,0.549
3260391,3657,2,AZ,1,100,-0.218,-0.226
3260391,3658,2,GX,1,100,-11.932,-7.629
3260391,3659,2,GY,1,100,35.126,12.726
"
2026-03-05T00:00:52.648Z,1772668852648,10.168.15.94,3132,"3260391,3660,2,GZ,1,100,-5.585,-1.373
3260391,3661,2,MX,1,100,65,65
3260391,3662,2,MY,1,100,31,30
3260391,3663,2,MZ,1,100,-7,-6
"
2026-03-05T00:00:52.747Z,1772668852747,10.168.15.94,3132,"3260485,3664,2,PI,1,100,148807,148755
3260485,3665,2,PR,1,100,113473,113440
3260485,3666,2,PG,1,100,9544,9529
3260470,3667,1,EA,1,100,0.234521
3260470,3668,1,EL,1,100,-13678.200195
3260511,3669,3,AX,1,100,0.814,0.784,0.774
3260511,3670,3,AY,1,100,0.571,0.573,0.571
3260511,3671,3,AZ,1,100,-0.222,-0.215,-0.225
3260511,3672,3,GX,1,100,-1.709,0.153,-1.556
3260511,3673,3,GY,1,100,-3.754,9.766,2.716
3260511,3674,3,GZ,1,100,-3.540,-3.967,-1.984
3260511,3675,3,MX,1,100,66,66,66
3260511,3676,3,MY,1,100,32,31,31
"
2026-03-05T00:00:52.748Z,1772668852748,10.168.15.94,3132,"3260511,3677,3,MZ,1,100,-8,-6,-7
"
2026-03-05T00:00:52.784Z,1772668852784,10.168.15.94,3132,"3260573,3678,4,EM,1,100,RS,RE,PS,MN
"
2026-03-05T00:00:52.847Z,1772668852847,10.168.15.94,3132,"3260573,3678,4,EM,1,100,RS,RE,PS,MN
3260603,3679,1,SF,1,100,3.0418
3260605,3680,3,PI,1,100,148710,148666,148597
3260605,3681,3,PR,1,100,113402,113354,113324
3260605,3682,3,PG,1,100,9515,9493,9491
3260603,3683,2,EA,1,100,0.234647,0.234639
3260603,3684,2,EL,1,100,-13681.400391,-13681.200195
3260530,3685,1,T1,1,100,36.145
3260545,3686,1,TH,1,100,34.996
3260591,3687,2,AX,1,100,0.772,0.791
3260591,3688,2,AY,1,100,0.575,0.541
3260591,3689,2,AZ,1,100,-0.223,-0.205
3260591,3690,2,GX,1,100,-1.923,-3.143
"
2026-03-05T00:00:52.848Z,1772668852848,10.168.15.94,3132,"3260591,3691,2,GY,1,100,-0.946,-3.052
3260591,3692,2,GZ,1,100,-0.092,0.122
3260591,3693,2,MX,1,100,66,66
3260591,3694,2,MY,1,100,30,31
3260591,3695,2,MZ,1,100,-8,-7
"
2026-03-05T00:00:52.952Z,1772668852952,10.168.15.94,3132,"3260685,3696,2,PI,1,100,148542,148516
3260685,3697,2,PR,1,100,113266,113241
3260685,3698,2,PG,1,100,9484,9469
3260670,3699,1,EA,1,100,0.234608
3260670,3700,1,EL,1,100,-13680.400391
3260663,3701,1,T1,1,100,36.134
3260678,3702,1,TH,1,100,35.003
3260711,3703,3,AX,1,100,0.783,0.749,0.809
3260711,3704,3,AY,1,100,0.568,0.565,0.558
3260711,3705,3,AZ,1,100,-0.229,-0.217,-0.278
3260711,3706,3,GX,1,100,0.793,5.646,4.974
3260711,3707,3,GY,1,100,-4.883,-0.824,-13.000
3260711,3708,3,GZ,1,100,-0.610,-1.617,0.671
"
2026-03-05T00:00:52.953Z,1772668852953,10.168.15.94,3132,"3260711,3709,3,MX,1,100,65,66,65
3260711,3710,3,MY,1,100,31,32,31
3260711,3711,3,MZ,1,100,-7,-7,-7
"
2026-03-05T00:00:52.985Z,1772668852985,10.168.15.94,3132,"3260774,3712,4,EM,1,100,RS,RE,PS,MN
"
2026-03-05T00:00:53.052Z,1772668853052,10.168.15.94,3132,"3260774,3712,4,EM,1,100,RS,RE,PS,MN
3260805,3713,3,PI,1,100,148445,148464,148492
3260805,3714,3,PR,1,100,113216,113189,113213
3260805,3715,3,PG,1,100,9465,9479,9476
3260803,3716,2,EA,1,100,0.234584,0.234553
3260803,3717,2,EL,1,100,-13679.799805,-13679.000000
3260797,3718,1,T1,1,100,36.129
3260811,3719,1,TH,1,100,34.945
3260791,3720,2,AX,1,100,0.790,0.746
3260791,3721,2,AY,1,100,0.581,0.548
3260791,3722,2,AZ,1,100,-0.247,-0.225
3260791,3723,2,GX,1,100,3.906,1.038
3260791,3724,2,GY,1,100,-14.374,6.470
"
2026-03-05T00:00:53.052Z,1772668853052,10.168.15.94,3132,"3260791,3725,2,GZ,1,100,1.709,1.465
3260791,3726,2,MX,1,100,66,64
3260791,3727,2,MY,1,100,30,31
3260791,3728,2,MZ,1,100,-8,-8
"
2026-03-05T00:00:53.163Z,1772668853163,10.168.15.94,3132,"3260885,3729,2,PI,1,100,148493,148499
3260885,3730,2,PR,1,100,113209,113208
3260885,3731,2,PG,1,100,9485,9483
3260870,3732,1,EA,1,100,0.234545
3260870,3733,1,EL,1,100,-13678.799805
3260911,3734,3,AX,1,100,0.822,0.686,0.752
3260911,3735,3,AY,1,100,0.561,0.584,0.540
3260911,3736,3,AZ,1,100,-0.246,-0.220,-0.271
3260911,3737,3,GX,1,100,-0.732,-2.197,-11.108
3260911,3738,3,GY,1,100,-14.008,-7.843,-21.973
3260911,3739,3,GZ,1,100,2.380,-2.655,0.549
3260911,3740,3,MX,1,100,65,65,66
3260911,3741,3,MY,1,100,31,30,30
"
2026-03-05T00:00:53.164Z,1772668853164,10.168.15.94,3132,"3260911,3742,3,MZ,1,100,-8,-8,-10
3260903,3743,1,BV,1,100,3.89
3260903,3744,1,B%,1,100,75
"
2026-03-05T00:00:53.189Z,1772668853189,10.168.15.94,3132,"3260975,3745,4,EM,1,100,RS,RE,PS,MN
"
2026-03-05T00:00:53.262Z,1772668853262,10.168.15.94,3132,"3260975,3745,4,EM,1,100,RS,RE,PS,MN
3261003,3746,1,SF,1,100,3.0066
3261005,3747,3,PI,1,100,148506,148544,148684
3261005,3748,3,PR,1,100,113195,113204,113299
3261005,3749,3,PG,1,100,9490,9484,9477
3261003,3750,2,EA,1,100,0.234521,0.234521
3261003,3751,2,EL,1,100,-13678.200195,-13678.200195
3260930,3752,1,T1,1,100,36.198
3260945,3753,1,TH,1,100,34.945
3260991,3754,2,AX,1,100,0.730,0.751
3260991,3755,2,AY,1,100,0.562,0.582
3260991,3756,2,AZ,1,100,-0.312,-0.366
3260991,3757,2,GX,1,100,5.188,13.306
"
2026-03-05T00:00:53.262Z,1772668853262,10.168.15.94,3132,"3260991,3758,2,GY,1,100,-51.605,-43.732
3260991,3759,2,GZ,1,100,6.439,9.430
3260991,3760,2,MX,1,100,64,65
3260991,3761,2,MY,1,100,30,29
3260991,3762,2,MZ,1,100,-10,-12
"
2026-03-05T00:00:53.355Z,1772668853355,10.168.15.94,3132,"3261125,3763,3,PI,1,100,148930,149247,149628
3261125,3764,3,PR,1,100,113425,113631,113867
3261125,3765,3,PG,1,100,9495,9538,9597
3261070,3766,1,EA,1,100,0.234435
3261070,3767,1,EL,1,100,-13676.000000
3261063,3768,1,T1,1,100,36.227
3261078,3769,1,TH,1,100,35.047
3261111,3770,3,AX,1,100,0.780,0.754,0.744
3261111,3771,3,AY,1,100,0.560,0.548,0.540
3261111,3772,3,AZ,1,100,-0.347,-0.388,-0.407
3261111,3773,3,GX,1,100,8.759,11.139,16.235
3261111,3774,3,GY,1,100,-49.500,-40.161,-26.886
"
2026-03-05T00:00:53.356Z,1772668853356,10.168.15.94,3132,"3261111,3775,3,GZ,1,100,11.200,6.836,6.897
3261111,3776,3,MX,1,100,64,63,64
3261111,3777,3,MY,1,100,28,28,28
3261111,3778,3,MZ,1,100,-14,-15,-16
"
2026-03-05T00:00:53.391Z,1772668853391,10.168.15.94,3132,"3261178,3779,4,EM,1,100,RS,RE,PS,MN
"
2026-03-05T00:00:53.457Z,1772668853457,10.168.15.94,3132,"3261178,3779,4,EM,1,100,RS,RE,PS,MN
3261205,3780,2,PI,1,100,149969,150321
3261205,3781,2,PR,1,100,114109,114363
3261205,3782,2,PG,1,100,9633,9664
3261203,3783,2,EA,1,100,0.234317,0.234246
3261203,3784,2,EL,1,100,-13673.000000,-13671.200195
3261196,3785,1,T1,1,100,36.205
3261211,3786,1,TH,1,100,35.047
3261191,3787,2,AX,1,100,0.756,0.744
3261191,3788,2,AY,1,100,0.515,0.507
3261191,3789,2,AZ,1,100,-0.384,-0.437
3261191,3790,2,GX,1,100,11.200,4.761
3261191,3791,2,GY,1,100,-20.142,-18.433
"
2026-03-05T00:00:53.457Z,1772668853457,10.168.15.94,3132,"3261191,3792,2,GZ,1,100,6.805,5.737
3261191,3793,2,MX,1,100,62,62
3261191,3794,2,MY,1,100,28,27
3261191,3795,2,MZ,1,100,-17,-17
"
2026-03-05T00:00:53.562Z,1772668853562,10.168.15.94,3132,"3261270,3796,1,SF,1,100,2.9718
3261325,3797,3,PI,1,100,150636,150902,151122
3261325,3798,3,PR,1,100,114573,114732,114900
3261325,3799,3,PG,1,100,9720,9771,9812
3261270,3800,1,EA,1,100,0.234160
3261270,3801,1,EL,1,100,-13669.000000
3261311,3802,3,AX,1,100,0.736,0.731,0.717
3261311,3803,3,AY,1,100,0.514,0.496,0.520
3261311,3804,3,AZ,1,100,-0.429,-0.445,-0.499
3261311,3805,3,GX,1,100,6.531,8.118,10.559
3261311,3806,3,GY,1,100,-19.836,-15.320,-9.735
3261311,3807,3,GZ,1,100,1.831,1.770,4.211
"
2026-03-05T00:00:53.574Z,1772668853574,10.168.15.94,3132,"3261311,3808,3,MX,1,100,63,63,62
3261311,3809,3,MY,1,100,26,26,25
3261311,3810,3,MZ,1,100,-19,-18,-19
"
2026-03-05T00:00:53.574Z,1772668853574,10.168.15.94,3132,"3261355,3811,2,RD,1,100,TL,TU
"
2026-03-05T00:00:53.675Z,1772668853675,10.168.15.94,3132,"3261458,3812,4,EM,1,100,RS,RE,PS,MN
"
2026-03-05T00:00:53.702Z,1772668853702,10.168.15.94,3132,"3261355,3811,2,RD,1,100,TL,TU
3261458,3812,4,EM,1,100,RS,RE,PS,MN
3261445,3813,3,PI,1,100,151262,151342,151399
3261445,3814,3,PR,1,100,115027,115102,115150
3261445,3815,3,PG,1,100,9856,9913,9946
3261403,3816,2,EA,1,100,0.234301,0.234561
3261403,3817,2,EL,1,100,-13672.599609,-13679.200195
3261330,3818,1,T1,1,100,36.159
3261345,3819,1,TH,1,100,35.022
3261431,3820,3,AX,1,100,0.708,0.758,0.668
3261431,3821,3,AY,1,100,0.516,0.520,0.491
3261431,3822,3,AZ,1,100,-0.451,-0.451,-0.442
"
2026-03-05T00:00:53.703Z,1772668853703,10.168.15.94,3132,"3261431,3823,3,GX,1,100,3.113,1.099,4.944
3261431,3824,3,GY,1,100,-6.683,-9.521,-2.380
3261431,3825,3,GZ,1,100,2.228,1.282,0.977
3261431,3826,3,MX,1,100,62,60,62
3261431,3827,3,MY,1,100,27,25,25
3261431,3828,3,MZ,1,100,-18,-19,-19
"
2026-03-05T00:00:53.795Z,1772668853795,10.168.15.94,3132,"3261565,3829,3,PI,1,100,151404,151415,151405
3261565,3830,3,PR,1,100,115197,115222,115236
3261565,3831,3,PG,1,100,9990,10031,10059
3261537,3832,2,EA,1,100,0.234647,0.234702
3261537,3833,2,EL,1,100,-13681.400391,-13682.799805
3261463,3834,1,T1,1,100,36.211
3261478,3835,1,TH,1,100,35.022
3261551,3836,3,AX,1,100,0.735,0.700,0.734
3261551,3837,3,AY,1,100,0.502,0.512,0.490
3261551,3838,3,AZ,1,100,-0.481,-0.511,-0.490
3261551,3839,3,GX,1,100,10.529,8.575,1.740
3261551,3840,3,GY,1,100,-0.610,0.427,-1.923
"
2026-03-05T00:00:53.797Z,1772668853797,10.168.15.94,3132,"3261551,3841,3,GZ,1,100,4.089,4.730,1.190
3261551,3842,3,MX,1,100,61,61,60
3261551,3843,3,MY,1,100,26,26,25
3261551,3844,3,MZ,1,100,-20,-19,-21
"
2026-03-05T00:00:53.873Z,1772668853873,10.168.15.94,3132,"3261659,3845,4,EM,1,100,RS,RE,PS,MN
"
2026-03-05T00:00:53.895Z,1772668853895,10.168.15.94,3132,"3261659,3845,4,EM,1,100,RS,RE,PS,MN
3261603,3846,1,SF,1,100,2.9375
3261645,3847,2,PI,1,100,151403,151409
3261645,3848,2,PR,1,100,115267,115268
3261645,3849,2,PG,1,100,10079,10118
3261603,3850,1,EA,1,100,0.234726
3261603,3851,1,EL,1,100,-13683.400391
3261596,3852,1,T1,1,100,36.198
3261611,3853,1,TH,1,100,35.047
3261631,3854,2,AX,1,100,0.726,0.723
3261631,3855,2,AY,1,100,0.519,0.486
3261631,3856,2,AZ,1,100,-0.478,-0.475
3261631,3857,2,GX,1,100,-2.014,-3.845
3261631,3858,2,GY,1,100,-1.282,-0.671
"
2026-03-05T00:00:53.900Z,1772668853900,10.168.15.94,3132,"3261631,3859,2,GZ,1,100,1.190,2.350
3261631,3860,2,MX,1,100,61,61
3261631,3861,2,MY,1,100,27,26
3261631,3862,2,MZ,1,100,-19,-20
"
2026-03-05T00:00:54Z,1772668854000,10.168.15.94,3132,"3261765,3863,3,PI,1,100,151412,151397,151347
3261765,3864,3,PR,1,100,115283,115287,115245
3261765,3865,3,PG,1,100,10136,10162,10161
3261737,3866,2,EA,1,100,0.234726,0.234726
3261737,3867,2,EL,1,100,-13683.400391,-13683.400391
3261730,3868,1,T1,1,100,36.263
3261745,3869,1,TH,1,100,35.047
3261751,3870,3,AX,1,100,0.714,0.730,0.722
3261751,3871,3,AY,1,100,0.498,0.531,0.494
3261751,3872,3,AZ,1,100,-0.461,-0.459,-0.455
3261751,3873,3,GX,1,100,-7.385,-7.477,-9.583
3261751,3874,3,GY,1,100,-1.801,1.953,4.456
"
2026-03-05T00:00:54.001Z,1772668854001,10.168.15.94,3132,"3261751,3875,3,GZ,1,100,5.005,1.373,-2.808
3261751,3876,3,MX,1,100,61,61,62
3261751,3877,3,MY,1,100,26,27,26
3261751,3878,3,MZ,1,100,-19,-20,-19
"
2026-03-05T00:00:54.075Z,1772668854075,10.168.15.94,3132,"3261860,3879,4,EM,1,100,RS,RE,PS,MN
"
2026-03-05T00:00:54.103Z,1772668854103,10.168.15.94,3132,"3261860,3879,4,EM,1,100,RS,RE,PS,MN
3261845,3880,2,PI,1,100,151247,151099
3261845,3881,2,PR,1,100,115174,115099
3261845,3882,2,PG,1,100,10193,10204
3261803,3883,1,EA,1,100,0.234687
3261803,3884,1,EL,1,100,-13682.400391
3261863,3885,1,T1,1,100,36.185
3261831,3886,2,AX,1,100,0.740,0.716
3261831,3887,2,AY,1,100,0.542,0.509
3261831,3888,2,AZ,1,100,-0.458,-0.423
3261831,3889,2,GX,1,100,-10.834,-13.641
3261831,3890,2,GY,1,100,9.338,11.566
3261831,3891,2,GZ,1,100,-4.303,-7.263
3261831,3892,2,MX,1,100,61,63
"
2026-03-05T00:00:54.104Z,1772668854104,10.168.15.94,3132,"3261831,3893,2,MY,1,100,28,27
3261831,3894,2,MZ,1,100,-18,-16
"
2026-03-05T00:00:54.206Z,1772668854206,10.168.15.94,3132,"3261937,3895,1,SF,1,100,2.9035
3261965,3896,3,PI,1,100,150988,150899,150801
3261965,3897,3,PR,1,100,114995,114922,114834
3261965,3898,3,PG,1,100,10189,10215,10184
3261937,3899,2,EA,1,100,0.234663,0.234734
3261937,3900,2,EL,1,100,-13681.799805,-13683.599609
3261878,3901,1,TH,1,100,35.019
3261965,3902,3,AX,1,100,0.776,0.679,0.745
3261965,3903,3,AY,1,100,0.526,0.506,0.551
3261965,3904,3,AZ,1,100,-0.435,-0.408,-0.432
3261965,3905,3,GX,1,100,-13.641,-14.008,-11.108
3261965,3906,3,GY,1,100,14.404,14.587,17.181
"
2026-03-05T00:00:54.207Z,1772668854207,10.168.15.94,3132,"3261965,3907,3,GZ,1,100,-9.399,-10.223,-8.148
3261965,3908,3,MX,1,100,62,62,64
3261965,3909,3,MY,1,100,28,27,27
3261965,3910,3,MZ,1,100,-16,-15,-16
"
2026-03-05T00:00:54.276Z,1772668854276,10.168.15.94,3132,"3262061,3911,4,EM,1,100,RS,RE,PS,MN
"
2026-03-05T00:00:54.305Z,1772668854305,10.168.15.94,3132,"3262061,3911,4,EM,1,100,RS,RE,PS,MN
3262045,3912,2,PI,1,100,150734,150676
3262045,3913,2,PR,1,100,114797,114738
3262045,3914,2,PG,1,100,10177,10162
3262070,3915,2,EA,1,100,0.234742,0.234576
3262070,3916,2,EL,1,100,-13683.799805,-13679.599609
3261997,3917,1,T1,1,100,36.186
3262011,3918,1,TH,1,100,35.019
3262045,3919,2,AX,1,100,0.700,0.705
3262045,3920,2,AY,1,100,0.517,0.548
3262045,3921,2,AZ,1,100,-0.356,-0.395
3262045,3922,2,GX,1,100,-12.299,-6.317
3262045,3923,2,GY,1,100,18.677,17.700
"
2026-03-05T00:00:54.306Z,1772668854306,10.168.15.94,3132,"3262045,3924,2,GZ,1,100,-9.277,-9.216
3262045,3925,2,MX,1,100,64,65
3262045,3926,2,MY,1,100,26,28
3262045,3927,2,MZ,1,100,-15,-14
"
2026-03-05T00:00:54.413Z,1772668854413,10.168.15.94,3132,"3262165,3928,3,PI,1,100,150628,150605,150527
3262165,3929,3,PR,1,100,114691,114659,114602
3262165,3930,3,PG,1,100,10134,10119,10094
3262137,3931,1,EA,1,100,0.234443
3262137,3932,1,EL,1,100,-13676.200195
3262130,3933,1,T1,1,100,36.187
3262145,3934,1,TH,1,100,35.046
3262165,3935,3,AX,1,100,0.771,0.733,0.780
3262165,3936,3,AY,1,100,0.569,0.565,0.584
3262165,3937,3,AZ,1,100,-0.385,-0.341,-0.362
3262165,3938,3,GX,1,100,-0.824,-0.397,2.563
3262165,3939,3,GY,1,100,5.890,10.803,16.418
"
2026-03-05T00:00:54.413Z,1772668854413,10.168.15.94,3132,"3262165,3940,3,GZ,1,100,-4.089,-9.277,-14.008
3262165,3941,3,MX,1,100,64,65,66
3262165,3942,3,MY,1,100,28,27,27
3262165,3943,3,MZ,1,100,-15,-14,-14
"
2026-03-05T00:00:54.481Z,1772668854481,10.168.15.94,3132,"3262263,3944,4,EM,1,100,RS,RE,PS,MN
"
2026-03-05T00:00:54.509Z,1772668854509,10.168.15.94,3132,"3262263,3944,4,EM,1,100,RS,RE,PS,MN
3262270,3945,1,SF,1,100,2.8699
3262245,3946,2,PI,1,100,150429,150231
3262245,3947,2,PR,1,100,114519,114340
3262245,3948,2,PG,1,100,10050,10029
3262270,3949,2,EA,1,100,0.234286,0.234129
3262270,3950,2,EL,1,100,-13672.200195,-13668.200195
3262263,3951,1,T1,1,100,36.258
3262278,3952,1,TH,1,100,35.046
3262245,3953,2,AX,1,100,0.742,0.671
3262245,3954,2,AY,1,100,0.559,0.633
3262245,3955,2,AZ,1,100,-0.322,-0.342
3262245,3956,2,GX,1,100,2.533,1.984
"
2026-03-05T00:00:54.510Z,1772668854510,10.168.15.94,3132,"3262245,3957,2,GY,1,100,24.109,38.422
3262245,3958,2,GZ,1,100,-16.785,-14.679
3262245,3959,2,MX,1,100,67,66
3262245,3960,2,MY,1,100,28,28
3262245,3961,2,MZ,1,100,-12,-11
"
2026-03-05T00:00:54.607Z,1772668854607,10.168.15.94,3132,"3262338,3962,2,PI,1,100,150003,149684
3262338,3963,2,PR,1,100,114152,113931
3262338,3964,2,PG,1,100,9980,9936
3262337,3965,1,EA,1,100,0.234113
3262337,3966,1,EL,1,100,-13667.799805
3262364,3967,3,AX,1,100,0.740,0.758,0.704
3262364,3968,3,AY,1,100,0.592,0.607,0.611
3262364,3969,3,AZ,1,100,-0.319,-0.284,-0.277
3262364,3970,3,GX,1,100,-4.852,-6.439,-1.587
3262364,3971,3,GY,1,100,26.245,20.782,35.004
3262364,3972,3,GZ,1,100,-5.859,-4.761,-10.223
3262364,3973,3,MX,1,100,67,68,67
3262364,3974,3,MY,1,100,27,28,28
"
2026-03-05T00:00:54.608Z,1772668854608,10.168.15.94,3132,"3262364,3975,3,MZ,1,100,-10,-9,-9
"
2026-03-05T00:00:54.678Z,1772668854678,10.168.15.94,3132,"3262464,3976,4,EM,1,100,RS,RE,PS,MN
"
2026-03-05T00:00:54.731Z,1772668854731,10.168.15.94,3132,"3262464,3976,4,EM,1,100,RS,RE,PS,MN
3262458,3977,3,PI,1,100,149343,148918,148569
3262458,3978,3,PR,1,100,113702,113501,113351
3262458,3979,3,PG,1,100,9896,9857,9812
3262470,3980,2,EA,1,100,0.234152,0.234082
3262470,3981,2,EL,1,100,-13668.799805,-13667.000000
3262396,3982,1,T1,1,100,36.183
3262411,3983,1,TH,1,100,35.017
3262444,3984,2,AX,1,100,0.767,0.740
3262444,3985,2,AY,1,100,0.590,0.643
3262444,3986,2,AZ,1,100,-0.240,-0.241
3262444,3987,2,GX,1,100,-3.601,-8.423
3262444,3988,2,GY,1,100,28.656,22.369
"
2026-03-05T00:00:54.731Z,1772668854731,10.168.15.94,3132,"3262444,3989,2,GZ,1,100,-6.317,-4.669
3262444,3990,2,MX,1,100,67,67
3262444,3991,2,MY,1,100,29,28
3262444,3992,2,MZ,1,100,-8,-7
"
2026-03-05T00:00:54.810Z,1772668854810,10.168.15.94,3132,"3262578,3993,3,PI,1,100,148607,148640,148627
3262578,3994,3,PR,1,100,113361,113402,113361
3262578,3995,3,PG,1,100,9793,9790,9772
3262537,3996,1,EA,1,100,0.234066
3262537,3997,1,EL,1,100,-13666.599609
3262530,3998,1,T1,1,100,36.185
3262545,3999,1,TH,1,100,35.017
3262564,4000,3,AX,1,100,0.687,0.719,0.766
3262564,4001,3,AY,1,100,0.643,0.610,0.628
3262564,4002,3,AZ,1,100,-0.203,-0.181,-0.180
3262564,4003,3,GX,1,100,-9.735,-10.132,-6.409
3262564,4004,3,GY,1,100,30.090,24.872,11.658
"
2026-03-05T00:00:54.810Z,1772668854810,10.168.15.94,3132,"3262564,4005,3,GZ,1,100,-9.338,-3.571,-1.556
3262564,4006,3,MX,1,100,67,68,68
3262564,4007,3,MY,1,100,29,29,30
3262564,4008,3,MZ,1,100,-5,-6,-5
"
2026-03-05T00:00:54.884Z,1772668854884,10.168.15.94,3132,"3262665,4009,4,EM,1,100,RS,RE,PS,MN
"
2026-03-05T00:00:54.912Z,1772668854912,10.168.15.94,3132,"3262665,4009,4,EM,1,100,RS,RE,PS,MN
3262670,4010,1,SF,1,100,2.8367
3262658,4011,2,PI,1,100,148603,148641
3262658,4012,2,PR,1,100,113329,113306
3262658,4013,2,PG,1,100,9738,9735
3262670,4014,2,EA,1,100,0.234003,0.233925
3262670,4015,2,EL,1,100,-13665.000000,-13663.000000
3262663,4016,1,T1,1,100,36.222
3262678,4017,1,TH,1,100,35.029
3262644,4018,2,AX,1,100,0.752,0.746
3262644,4019,2,AY,1,100,0.625,0.620
3262644,4020,2,AZ,1,100,-0.139,-0.196
3262644,4021,2,GX,1,100,-3.296,-2.136
"
2026-03-05T00:00:54.913Z,1772668854913,10.168.15.94,3132,"3262644,4022,2,GY,1,100,10.071,5.310
3262644,4023,2,GZ,1,100,-2.808,-0.977
3262644,4024,2,MX,1,100,69,69
3262644,4025,2,MY,1,100,31,29
3262644,4026,2,MZ,1,100,-5,-3
"
2026-03-05T00:00:55.009Z,1772668855009,10.168.15.94,3132,"3262778,4027,3,PI,1,100,148541,148399,148351
3262778,4028,3,PR,1,100,113192,113123,113081
3262778,4029,3,PG,1,100,9718,9669,9636
3262736,4030,1,EA,1,100,0.233925
3262736,4031,1,EL,1,100,-13663.000000
3262764,4032,3,AX,1,100,0.751,0.742,0.705
3262764,4033,3,AY,1,100,0.619,0.618,0.611
3262764,4034,3,AZ,1,100,-0.198,-0.186,-0.192
3262764,4035,3,GX,1,100,4.211,0.000,2.899
3262764,4036,3,GY,1,100,-3.998,-1.526,-0.061
3262764,4037,3,GZ,1,100,-3.601,-1.770,-0.519
3262764,4038,3,MX,1,100,68,69,69
"
2026-03-05T00:00:55.022Z,1772668855022,10.168.15.94,3132,"3262764,4039,3,MY,1,100,30,29,29
3262764,4040,3,MZ,1,100,-4,-3,-4
"
2026-03-05T00:00:55.107Z,1772668855107,10.168.15.94,3132,"3262866,4041,4,EM,1,100,RS,RE,PS,MN
"
2026-03-05T00:00:55.149Z,1772668855149,10.168.15.94,3132,"3262884,4053,3,GY,1,100,-12.115,-19.562,-34.424
3262884,4054,3,GZ,1,100,2.808,8.636,8.942
3262884,4055,3,MX,1,100,68,67,68
3262884,4056,3,MY,1,100,30,29,28
3262884,4057,3,MZ,1,100,-5,-7,-7
"
2026-03-05T00:00:55.213Z,1772668855213,10.168.15.94,3132,"3262936,4058,1,SF,1,100,2.8039
3262978,4059,3,PI,1,100,148257,148383,148577
3262978,4060,3,PR,1,100,112980,113051,113167
3262978,4061,3,PG,1,100,9580,9582,9584
3262936,4062,1,EA,1,100,0.234066
3262936,4063,1,EL,1,100,-13666.599609
3262930,4064,1,T1,1,100,36.194
3262944,4065,1,TH,1,100,35.019
3262964,4066,2,AX,1,100,0.725,0.697
3262964,4067,2,AY,1,100,0.616,0.570
3262964,4068,2,AZ,1,100,-0.224,-0.290
3262964,4069,2,GX,1,100,-5.402,-8.270
3262964,4070,2,GY,1,100,-34.210,-45.380
"
2026-03-05T00:00:55.219Z,1772668855219,10.168.15.94,3132,"3262964,4071,2,GZ,1,100,11.230,17.456
3262964,4072,2,MX,1,100,68,67
3262964,4073,2,MY,1,100,28,28
3262964,4074,2,MZ,1,100,-7,-9
"
2026-03-05T00:00:55.282Z,1772668855282,10.168.15.94,3132,"3263067,4075,4,EM,1,100,RS,RE,PS,MN
"
2026-03-05T00:00:55.322Z,1772668855322,10.168.15.94,3132,"3263067,4075,4,EM,1,100,RS,RE,PS,MN
3263058,4076,1,BI,1,100,5040
3263058,4077,1,HR,1,100,34.20
3263058,4078,2,PI,1,100,148863,149255
3263058,4079,2,PR,1,100,113384,113669
3263058,4080,2,PG,1,100,9590,9628
3263070,4081,2,EA,1,100,0.234254,0.234254
3263070,4082,2,EL,1,100,-13671.400391,-13671.400391
3263063,4083,1,T1,1,100,36.119
3263078,4084,1,TH,1,100,35.019
3263084,4085,3,AX,1,100,0.776,0.737,0.768
3263084,4086,3,AY,1,100,0.574,0.546,0.561
3263084,4087,3,AZ,1,100,-0.304,-0.334,-0.366
"
2026-03-05T00:00:55.323Z,1772668855323,10.168.15.94,3132,"3263084,4088,3,GX,1,100,1.160,4.486,15.106
3263084,4089,3,GY,1,100,-61.249,-58.990,-58.502
3263084,4090,3,GZ,1,100,24.689,20.172,13.123
3263084,4091,3,MX,1,100,66,66,65
3263084,4092,3,MY,1,100,28,28,27
3263084,4093,3,MZ,1,100,-11,-12,-14
"
2026-03-05T00:00:55.452Z,1772668855452,10.168.15.94,3132,"3263178,4094,3,PI,1,100,149726,150199,150553
3263178,4095,3,PR,1,100,113980,114291,114548
3263178,4096,3,PG,1,100,9665,9703,9737
3263136,4097,1,EA,1,100,0.234089
3263136,4098,1,EL,1,100,-13667.200195
3263164,4099,2,AX,1,100,0.764,0.766
3263164,4100,2,AY,1,100,0.521,0.550
3263164,4101,2,AZ,1,100,-0.387,-0.421
3263164,4102,2,GX,1,100,18.585,16.205
3263164,4103,2,GY,1,100,-34.027,-22.827
3263164,4104,2,GZ,1,100,8.179,4.974
3263164,4105,2,MX,1,100,64,64
3263164,4106,2,MY,1,100,26,26
"
2026-03-05T00:00:55.453Z,1772668855453,10.168.15.94,3132,"3263164,4107,2,MZ,1,100,-16,-16
"
2026-03-05T00:00:55.482Z,1772668855482,10.168.15.94,3132,"3263268,4108,4,EM,1,100,RS,RE,PS,MN
"
2026-03-05T00:00:55.520Z,1772668855520,10.168.15.94,3132,"3263268,4108,4,EM,1,100,RS,RE,PS,MN
3263270,4109,1,SF,1,100,2.7714
3263258,4110,2,PI,1,100,150781,150882
3263258,4111,2,PR,1,100,114707,114784
3263258,4112,2,PG,1,100,9796,9832
3263270,4113,2,EA,1,100,0.233956,0.234042
3263270,4114,2,EL,1,100,-13663.799805,-13666.000000
3263196,4115,1,T1,1,100,36.193
3263211,4116,1,TH,1,100,35.027
3263284,4117,3,AX,1,100,0.758,0.666,0.685
3263284,4118,3,AY,1,100,0.535,0.564,0.551
3263284,4119,3,AZ,1,100,-0.418,-0.466,-0.431
3263284,4120,3,GX,1,100,12.177,8.759,4.974
"
2026-03-05T00:00:55.520Z,1772668855520,10.168.15.94,3132,"3263284,4121,3,GY,1,100,-17.212,-1.740,-3.082
3263284,4122,3,GZ,1,100,-1.221,-4.974,0.061
3263284,4123,3,MX,1,100,64,64,64
3263284,4124,3,MY,1,100,26,23,24
3263284,4125,3,MZ,1,100,-16,-17,-16
"
2026-03-05T00:00:55.638Z,1772668855638,10.168.15.94,3132,"3263378,4126,3,PI,1,100,150950,151010,151027
3263378,4127,3,PR,1,100,114867,114910,114932
3263378,4128,3,PG,1,100,9847,9880,9906
3263336,4129,1,EA,1,100,0.234097
3263336,4130,1,EL,1,100,-13667.400391
3263330,4131,1,T1,1,100,36.119
3263344,4132,1,TH,1,100,35.027
3263364,4133,2,AX,1,100,0.691,0.734
3263364,4134,2,AY,1,100,0.530,0.535
3263364,4135,2,AZ,1,100,-0.421,-0.450
3263364,4136,2,GX,1,100,1.556,4.578
3263364,4137,2,GY,1,100,-1.801,-0.305
3263364,4138,2,GZ,1,100,2.869,1.434
3263364,4139,2,MX,1,100,64,64
"
2026-03-05T00:00:55.639Z,1772668855639,10.168.15.94,3132,"3263364,4140,2,MY,1,100,26,25
3263364,4141,2,MZ,1,100,-18,-19
"
2026-03-05T00:00:55.683Z,1772668855683,10.168.15.94,3132,"3263471,4142,4,EM,1,100,RS,RE,PS,MN
"
2026-03-05T00:00:55.721Z,1772668855721,10.168.15.94,3132,"3263471,4142,4,EM,1,100,RS,RE,PS,MN
3263458,4143,2,PI,1,100,151005,150967
3263458,4144,2,PR,1,100,114921,114909
3263458,4145,2,PG,1,100,9901,9922
3263470,4146,2,EA,1,100,0.234034,0.233972
3263470,4147,2,EL,1,100,-13665.799805,-13664.200195
3263463,4148,1,T1,1,100,36.264
3263478,4149,1,TH,1,100,35.017
3263484,4150,3,AX,1,100,0.712,0.749,0.701
3263484,4151,3,AY,1,100,0.517,0.547,0.553
3263484,4152,3,AZ,1,100,-0.412,-0.470,-0.434
3263484,4153,3,GX,1,100,4.700,6.531,4.730
"
2026-03-05T00:00:55.722Z,1772668855722,10.168.15.94,3132,"3263484,4154,3,GY,1,100,2.899,3.113,6.439
3263484,4155,3,GZ,1,100,0.397,-0.122,-3.510
3263484,4156,3,MX,1,100,63,63,64
3263484,4157,3,MY,1,100,26,25,26
3263484,4158,3,MZ,1,100,-18,-17,-18
"
2026-03-05T00:00:55.824Z,1772668855824,10.168.15.94,3132,"3263578,4159,3,PI,1,100,150957,150859,150793
3263578,4160,3,PR,1,100,114886,114832,114782
3263578,4161,3,PG,1,100,9943,9940,9923
3263536,4162,1,EA,1,100,0.233886
3263536,4163,1,EL,1,100,-13662.000000
3263564,4164,2,AX,1,100,0.757,0.722
3263564,4165,2,AY,1,100,0.535,0.552
3263564,4166,2,AZ,1,100,-0.436,-0.410
3263564,4167,2,GX,1,100,0.183,-0.702
3263564,4168,2,GY,1,100,13.977,13.458
3263564,4169,2,GZ,1,100,-4.211,-3.174
3263564,4170,2,MX,1,100,63,64
3263564,4171,2,MY,1,100,25,25
"
2026-03-05T00:00:55.826Z,1772668855826,10.168.15.94,3132,"3263564,4172,2,MZ,1,100,-16,-16
"
2026-03-05T00:00:55.884Z,1772668855884,10.168.15.94,3132,"3263672,4173,4,EM,1,100,RS,RE,PS,MN
"
2026-03-05T00:00:55.972Z,1772668855972,10.168.15.94,3132,"3263672,4173,4,EM,1,100,RS,RE,PS,MN
3263670,4174,1,SF,1,100,2.7394
3263658,4175,2,PI,1,100,150718,150696
3263658,4176,2,PR,1,100,114709,114686
3263658,4177,2,PG,1,100,9914,9905
3263670,4178,2,EA,1,100,0.233831,0.233862
3263670,4179,2,EL,1,100,-13660.599609,-13661.400391
3263596,4180,1,T1,1,100,36.256
3263611,4181,1,TH,1,100,35.017
3263684,4182,3,AX,1,100,0.683,0.764,0.707
3263684,4183,3,AY,1,100,0.553,0.555,0.575
3263684,4184,3,AZ,1,100,-0.401,-0.401,-0.385
3263684,4185,3,GX,1,100,-1.068,-1.160,2.441
"
2026-03-05T00:00:55.972Z,1772668855972,10.168.15.94,3132,"3263684,4186,3,GY,1,100,26.428,11.932,22.766
3263684,4187,3,GZ,1,100,-5.157,-2.533,-9.003
3263684,4188,3,MX,1,100,64,64,64
3263684,4189,3,MY,1,100,28,26,27
3263684,4190,3,MZ,1,100,-16,-16,-15
"
2026-03-05T00:00:56.022Z,1772668856022,10.168.15.94,3132,"3263778,4191,3,PI,1,100,150669,150610,150605
3263778,4192,3,PR,1,100,114675,114614,114598
3263778,4193,3,PG,1,100,9899,9886,9890
3263736,4194,1,EA,1,100,0.233894
3263736,4195,1,EL,1,100,-13662.200195
3263730,4196,1,T1,1,100,36.146
3263744,4197,1,TH,1,100,35.017
3263764,4198,2,AX,1,100,0.795,0.766
3263764,4199,2,AY,1,100,0.527,0.578
3263764,4200,2,AZ,1,100,-0.409,-0.375
3263764,4201,2,GX,1,100,0.946,0.671
3263764,4202,2,GY,1,100,23.682,13.000
3263764,4203,2,GZ,1,100,-9.735,-9.705
"
2026-03-05T00:00:56.023Z,1772668856023,10.168.15.94,3132,"3263764,4204,2,MX,1,100,64,64
3263764,4205,2,MY,1,100,27,28
3263764,4206,2,MZ,1,100,-13,-14
"
2026-03-05T00:00:56.131Z,1772668856131,10.168.15.94,3132,"3263873,4207,4,EM,1,100,RS,RE,PS,MN
"
2026-03-05T00:00:56.132Z,1772668856132,10.168.15.94,3132,"3263873,4207,4,EM,1,100,RS,RE,PS,MN
3263898,4208,3,PI,1,100,150594,150502,150424
3263898,4209,3,PR,1,100,114549,114463,114371
3263898,4210,3,PG,1,100,9868,9853,9806
3263870,4211,2,EA,1,100,0.233862,0.233753
3263870,4212,2,EL,1,100,-13661.400391,-13658.599609
3263863,4213,1,T1,1,100,36.170
3263878,4214,1,TH,1,100,35.017
3263884,4215,3,AX,1,100,0.667,0.816,0.729
3263884,4216,3,AY,1,100,0.584,0.581,0.612
3263884,4217,3,AZ,1,100,-0.344,-0.347,-0.314
3263884,4218,3,GX,1,100,-3.296,-9.674,-8.331
"
2026-03-05T00:00:56.132Z,1772668856132,10.168.15.94,3132,"3263884,4219,3,GY,1,100,45.685,30.731,35.126
3263884,4220,3,GZ,1,100,-15.167,-12.115,-13.031
3263884,4221,3,MX,1,100,65,66,67
3263884,4222,3,MY,1,100,28,27,29
3263884,4223,3,MZ,1,100,-12,-11,-10
"
2026-03-05T00:00:56.236Z,1772668856236,10.168.15.94,3132,"3263936,4224,1,SF,1,100,2.7077
3263978,4225,2,PI,1,100,150157,150005
3263978,4226,2,PR,1,100,114180,114129
3263978,4227,2,PG,1,100,9756,9718
3263936,4228,1,EA,1,100,0.233565
3263936,4229,1,EL,1,100,-13653.799805
3263996,4230,1,T1,1,100,36.251
3263964,4231,2,AX,1,100,0.698,0.787
3263964,4232,2,AY,1,100,0.621,0.615
3263964,4233,2,AZ,1,100,-0.283,-0.206
3263964,4234,2,GX,1,100,-8.881,-19.867
3263964,4235,2,GY,1,100,65.643,48.248
3263964,4236,2,GZ,1,100,-10.773,-8.270
3263964,4237,2,MX,1,100,67,67
"
2026-03-05T00:00:56.236Z,1772668856236,10.168.15.94,3132,"3263964,4238,2,MY,1,100,28,29
3263964,4239,2,MZ,1,100,-8,-7
"
2026-03-05T00:00:56.302Z,1772668856302,10.168.15.94,3132,"3264074,4240,4,EM,1,100,RS,RE,PS,MN
"
2026-03-05T00:00:56.327Z,1772668856327,10.168.15.94,3132,"3264074,4240,4,EM,1,100,RS,RE,PS,MN
3264098,4241,3,PI,1,100,150057,149978,149861
3264098,4242,3,PR,1,100,114158,114105,114065
3264098,4243,3,PG,1,100,9674,9628,9609
3264070,4244,2,EA,1,100,0.233620,0.233690
3264070,4245,2,EL,1,100,-13655.200195,-13657.000000
3264011,4246,1,TH,1,100,35.031
3264084,4247,3,AX,1,100,0.691,0.783,0.761
3264084,4248,3,AY,1,100,0.592,0.608,0.607
3264084,4249,3,AZ,1,100,-0.154,-0.167,-0.152
3264084,4250,3,GX,1,100,-20.355,-17.395,-11.902
3264084,4251,3,GY,1,100,47.424,25.085,12.360
"
2026-03-05T00:00:56.331Z,1772668856331,10.168.15.94,3132,"3264084,4252,3,GZ,1,100,-10.651,-7.721,-5.768
3264084,4253,3,MX,1,100,68,68,68
3264084,4254,3,MY,1,100,30,31,30
3264084,4255,3,MZ,1,100,-4,-4,-4
"
2026-03-05T00:00:56.438Z,1772668856438,10.168.15.94,3132,"3264178,4256,2,PI,1,100,149709,149556
3264178,4257,2,PR,1,100,113986,113916
3264178,4258,2,PG,1,100,9577,9543
3264136,4259,1,EA,1,100,0.233714
3264136,4260,1,EL,1,100,-13657.599609
3264130,4261,1,T1,1,100,36.179
3264144,4262,1,TH,1,100,35.031
3264164,4263,2,AX,1,100,0.722,0.752
3264164,4264,2,AY,1,100,0.611,0.600
3264164,4265,2,AZ,1,100,-0.121,-0.088
3264164,4266,2,GX,1,100,-11.200,-12.939
3264164,4267,2,GY,1,100,26.520,22.522
3264164,4268,2,GZ,1,100,-4.028,-2.136
3264164,4269,2,MX,1,100,68,69
"
2026-03-05T00:00:56.440Z,1772668856440,10.168.15.94,3132,"3264164,4270,2,MY,1,100,30,30
3264164,4271,2,MZ,1,100, 0,-2
"
2026-03-05T00:00:56.504Z,1772668856504,10.168.15.94,3132,"3264275,4272,4,EM,1,100,RS,RE,PS,MN
"
2026-03-05T00:00:56.530Z,1772668856530,10.168.15.94,3132,"3264275,4272,4,EM,1,100,RS,RE,PS,MN
3264270,4273,1,SF,1,100,2.6764
3264298,4274,3,PI,1,100,149502,149441,149354
3264298,4275,3,PR,1,100,113878,113838,113786
3264298,4276,3,PG,1,100,9503,9512,9481
3264270,4277,2,EA,1,100,0.233659,0.233596
3264270,4278,2,EL,1,100,-13656.200195,-13654.599609
3264263,4279,1,T1,1,100,36.255
3264278,4280,1,TH,1,100,35.059
3264284,4281,3,AX,1,100,0.764,0.744,0.767
3264284,4282,3,AY,1,100,0.624,0.625,0.643
3264284,4283,3,AZ,1,100,-0.095,-0.100,-0.091
"
2026-03-05T00:00:56.534Z,1772668856534,10.168.15.94,3132,"3264284,4284,3,GX,1,100,-5.676,0.153,-2.014
3264284,4285,3,GY,1,100,14.465,14.923,14.740
3264284,4286,3,GZ,1,100,-0.153,1.099,5.127
3264284,4287,3,MX,1,100,68,69,69
3264284,4288,3,MY,1,100,31,30,31
3264284,4289,3,MZ,1,100, 0, 0, 0
"
2026-03-05T00:00:56.649Z,1772668856649,10.168.15.94,3132,"3264378,4290,2,PI,1,100,149253,149188
3264378,4291,2,PR,1,100,113711,113669
3264378,4292,2,PG,1,100,9471,9453
3264403,4293,2,EA,1,100,0.233573,0.233565
3264403,4294,2,EL,1,100,-13654.000000,-13653.799805
3264396,4295,1,T1,1,100,36.288
3264411,4296,1,TH,1,100,35.059
3264404,4297,3,AX,1,100,0.776,0.798,0.775
3264404,4298,3,AY,1,100,0.642,0.615,0.609
3264404,4299,3,AZ,1,100,-0.092,-0.070,-0.020
3264404,4300,3,GX,1,100,-1.831,-5.188,-7.202
3264404,4301,3,GY,1,100,12.543,9.979,16.266
"
2026-03-05T00:00:56.650Z,1772668856650,10.168.15.94,3132,"3264404,4302,3,GZ,1,100,5.920,4.150,3.296
3264404,4303,3,MX,1,100,68,69,68
3264404,4304,3,MY,1,100,31,33,32
3264404,4305,3,MZ,1,100, 0, 0, 1
"
2026-03-05T00:00:56.691Z,1772668856691,10.168.15.94,3132,"3264476,4306,4,EM,1,100,RS,RE,PS,MN
"
2026-03-05T00:00:56.748Z,1772668856748,10.168.15.94,3132,"3264476,4306,4,EM,1,100,RS,RE,PS,MN
3264471,4307,2,PI,1,100,149134,149004
3264471,4308,2,PR,1,100,113628,113548
3264471,4309,2,PG,1,100,9447,9451
3264470,4310,1,EA,1,100,0.233573
3264470,4311,1,EL,1,100,-13654.000000
3264484,4312,2,AX,1,100,0.810,0.821
3264484,4313,2,AY,1,100,0.584,0.634
3264484,4314,2,AZ,1,100,-0.007,-0.048
3264484,4315,2,GX,1,100,-4.547,4.700
3264484,4316,2,GY,1,100,17.639,8.240
3264484,4317,2,GZ,1,100,3.448,2.960
3264484,4318,2,MX,1,100,69,67
3264484,4319,2,MY,1,100,32,33
"
2026-03-05T00:00:56.748Z,1772668856748,10.168.15.94,3132,"3264484,4320,2,MZ,1,100, 2, 2
"
2026-03-05T00:00:56.847Z,1772668856847,10.168.15.94,3132,"3264603,4321,1,SF,1,100,2.6454
3264591,4322,3,PI,1,100,148919,148861,148746
3264591,4323,3,PR,1,100,113506,113437,113381
3264591,4324,3,PG,1,100,9413,9384,9355
3264603,4325,2,EA,1,100,0.233565,0.233573
3264603,4326,2,EL,1,100,-13653.799805,-13654.000000
3264530,4327,1,T1,1,100,36.160
3264544,4328,1,TH,1,100,35.017
3264604,4329,3,AX,1,100,0.775,0.798,0.774
3264604,4330,3,AY,1,100,0.653,0.601,0.625
3264604,4331,3,AZ,1,100,-0.033,-0.030,-0.038
3264604,4332,3,GX,1,100,6.317,0.580,4.486
"
2026-03-05T00:00:56.847Z,1772668856847,10.168.15.94,3132,"3264604,4333,3,GY,1,100,14.526,24.200,13.306
3264604,4334,3,GZ,1,100,4.456,4.974,0.519
3264604,4335,3,MX,1,100,68,69,68
3264604,4336,3,MY,1,100,33,32,33
3264604,4337,3,MZ,1,100, 3, 3, 4
"
2026-03-05T00:00:56.893Z,1772668856893,10.168.15.94,3132,"3264680,4338,4,EM,1,100,RS,RE,PS,MN
"
2026-03-05T00:00:56.940Z,1772668856940,10.168.15.94,3132,"3264680,4338,4,EM,1,100,RS,RE,PS,MN
3264671,4339,2,PI,1,100,148719,148677
3264671,4340,2,PR,1,100,113368,113329
3264671,4341,2,PG,1,100,9342,9341
3264670,4342,1,EA,1,100,0.233628
3264670,4343,1,EL,1,100,-13655.400391
3264663,4344,1,T1,1,100,36.105
3264678,4345,1,TH,1,100,35.017
3264684,4346,2,AX,1,100,0.771,0.790
3264684,4347,2,AY,1,100,0.587,0.618
3264684,4348,2,AZ,1,100,-0.030,-0.048
3264684,4349,2,GX,1,100,0.916,-2.106
3264684,4350,2,GY,1,100,8.942,5.157
3264684,4351,2,GZ,1,100,0.122,2.930
"
2026-03-05T00:00:56.941Z,1772668856941,10.168.15.94,3132,"3264684,4352,2,MX,1,100,68,68
3264684,4353,2,MY,1,100,33,33
3264684,4354,2,MZ,1,100, 3, 3
"
2026-03-05T00:00:57.052Z,1772668857052,10.168.15.94,3132,"3264791,4355,3,PI,1,100,148599,148534,148517
3264791,4356,3,PR,1,100,113307,113266,113261
3264791,4357,3,PG,1,100,9332,9335,9329
3264803,4358,2,EA,1,100,0.233596,0.233557
3264803,4359,2,EL,1,100,-13654.599609,-13653.599609
3264796,4360,1,T1,1,100,36.187
3264811,4361,1,TH,1,100,34.986
3264804,4362,3,AX,1,100,0.816,0.785,0.802
3264804,4363,3,AY,1,100,0.606,0.627,0.576
3264804,4364,3,AZ,1,100,-0.023,-0.018,0.018
3264804,4365,3,GX,1,100,2.869,4.089,4.517
3264804,4366,3,GY,1,100,0.885,3.143,0.946
"
2026-03-05T00:00:57.053Z,1772668857053,10.168.15.94,3132,"3264804,4367,3,GZ,1,100,2.136,1.221,-0.824
3264804,4368,3,MX,1,100,68,68,67
3264804,4369,3,MY,1,100,35,33,32
3264804,4370,3,MZ,1,100, 4, 4, 3
"
2026-03-05T00:00:57.095Z,1772668857095,10.168.15.94,3132,"3264881,4371,4,EM,1,100,RS,RE,PS,MN
"
2026-03-05T00:00:57.141Z,1772668857141,10.168.15.94,3132,"3264881,4371,4,EM,1,100,RS,RE,PS,MN
3264911,4372,3,PI,1,100,148495,148464,148448
3264911,4373,3,PR,1,100,113258,113206,113197
3264911,4374,3,PG,1,100,9315,9325,9315
3264870,4375,1,EA,1,100,0.233534
3264870,4376,1,EL,1,100,-13653.000000
3264884,4377,2,AX,1,100,0.759,0.794
3264884,4378,2,AY,1,100,0.635,0.632
3264884,4379,2,AZ,1,100,-0.008,-0.059
3264884,4380,2,GX,1,100,10.742,15.320
3264884,4381,2,GY,1,100,-1.953,-1.740
3264884,4382,2,GZ,1,100,-2.502,-1.160
3264884,4383,2,MX,1,100,67,68
"
2026-03-05T00:00:57.143Z,1772668857143,10.168.15.94,3132,"3264884,4384,2,MY,1,100,33,32
3264884,4385,2,MZ,1,100, 3, 3
"
2026-03-05T00:00:57.252Z,1772668857252,10.168.15.94,3132,"3265003,4386,1,SF,1,100,2.6148
3264991,4387,2,PI,1,100,148420,148427
3264991,4388,2,PR,1,100,113187,113199
3264991,4389,2,PG,1,100,9311,9326
3265003,4390,2,EA,1,100,0.233479,0.233394
3265003,4391,2,EL,1,100,-13651.599609,-13649.400391
3264930,4392,1,T1,1,100,36.258
3264944,4393,1,TH,1,100,34.986
3265004,4394,3,AX,1,100,0.820,0.792,0.783
3265004,4395,3,AY,1,100,0.576,0.603,0.621
3265004,4396,3,AZ,1,100,-0.033,-0.029,-0.019
3265004,4397,3,GX,1,100,3.357,3.937,5.707
3265004,4398,3,GY,1,100,-0.061,4.395,5.157
"
2026-03-05T00:00:57.253Z,1772668857253,10.168.15.94,3132,"3265004,4399,3,GZ,1,100,2.014,0.946,-2.075
3265004,4400,3,MX,1,100,67,68,67
3265004,4401,3,MY,1,100,33,32,33
3265004,4402,3,MZ,1,100, 4, 3, 3
"
2026-03-05T00:00:57.296Z,1772668857296,10.168.15.94,3132,"3265085,4403,4,EM,1,100,RS,RE,PS,MN
"
2026-03-05T00:00:57.347Z,1772668857347,10.168.15.94,3132,"3265085,4403,4,EM,1,100,RS,RE,PS,MN
3265111,4404,3,PI,1,100,148477,148490,148482
3265111,4405,3,PR,1,100,113218,113243,113237
3265111,4406,3,PG,1,100,9332,9323,9309
3265070,4407,1,EA,1,100,0.233417
3265070,4408,1,EL,1,100,-13650.000000
3265063,4409,1,T1,1,100,36.218
3265078,4410,1,TH,1,100,34.973
3265084,4411,2,AX,1,100,0.819,0.767
3265084,4412,2,AY,1,100,0.596,0.654
3265084,4413,2,AZ,1,100,-0.008,-0.045
3265084,4414,2,GX,1,100,2.930,4.944
3265084,4415,2,GY,1,100,3.601,7.080
"
2026-03-05T00:00:57.347Z,1772668857347,10.168.15.94,3132,"3265084,4416,2,GZ,1,100,-3.479,-3.876
3265084,4417,2,MX,1,100,68,67
3265084,4418,2,MY,1,100,33,32
3265084,4419,2,MZ,1,100, 3, 3
"
2026-03-05T00:00:57.449Z,1772668857449,10.168.15.94,3132,"3265191,4420,2,PI,1,100,148457,148412
3265191,4421,2,PR,1,100,113198,113163
3265191,4422,2,PG,1,100,9309,9296
3265203,4423,2,EA,1,100,0.233363,0.233394
3265203,4424,2,EL,1,100,-13648.599609,-13649.400391
3265196,4425,1,T1,1,100,36.236
3265211,4426,1,TH,1,100,34.973
3265204,4427,3,AX,1,100,0.783,0.750,0.810
3265204,4428,3,AY,1,100,0.622,0.615,0.571
3265204,4429,3,AZ,1,100,-0.024,-0.046,0.031
3265204,4430,3,GX,1,100,1.160,-4.333,-10.559
3265204,4431,3,GY,1,100,3.113,4.211,4.456
"
2026-03-05T00:00:57.450Z,1772668857450,10.168.15.94,3132,"3265204,4432,3,GZ,1,100,-2.289,-1.617,1.495
3265204,4433,3,MX,1,100,67,68,67
3265204,4434,3,MY,1,100,32,34,34
3265204,4435,3,MZ,1,100, 3, 2, 4
"
2026-03-05T00:00:57.499Z,1772668857499,10.168.15.94,3132,"3265286,4436,4,EM,1,100,RS,RE,PS,MN
"
2026-03-05T00:00:57.562Z,1772668857562,10.168.15.94,3132,"3265286,4436,4,EM,1,100,RS,RE,PS,MN
3265270,4437,1,SF,1,100,2.5846
3265311,4438,3,PI,1,100,148456,148498,148468
3265311,4439,3,PR,1,100,113200,113223,113197
3265311,4440,3,PG,1,100,9295,9297,9291
3265270,4441,1,EA,1,100,0.233464
3265270,4442,1,EL,1,100,-13651.200195
3265284,4443,2,AX,1,100,0.789,0.785
3265284,4444,2,AY,1,100,0.617,0.599
3265284,4445,2,AZ,1,100,0.032,-0.013
3265284,4446,2,GX,1,100,-6.622,5.829
3265284,4447,2,GY,1,100,-8.484,-15.991
3265284,4448,2,GZ,1,100,3.357,0.153
"
2026-03-05T00:00:57.563Z,1772668857563,10.168.15.94,3132,"3265284,4449,2,MX,1,100,68,67
3265284,4450,2,MY,1,100,34,32
3265284,4451,2,MZ,1,100, 4, 4
"
2026-03-05T00:00:57.653Z,1772668857653,10.168.15.94,3132,"3265391,4452,2,PI,1,100,148430,148369
3265391,4453,2,PR,1,100,113159,113144
3265391,4454,2,PG,1,100,9277,9288
3265403,4455,2,EA,1,100,0.233479,0.233495
3265403,4456,2,EL,1,100,-13651.599609,-13652.000000
3265329,4457,1,T1,1,100,36.315
3265344,4458,1,TH,1,100,34.989
3265404,4459,3,AX,1,100,0.808,0.816,0.746
3265404,4460,3,AY,1,100,0.628,0.565,0.604
3265404,4461,3,AZ,1,100,-0.063,-0.033,-0.055
3265404,4462,3,GX,1,100,5.646,-1.434,-1.251
3265404,4463,3,GY,1,100,-9.918,-15.778,-14.648
"
2026-03-05T00:00:57.654Z,1772668857654,10.168.15.94,3132,"3265404,4464,3,GZ,1,100,7.294,7.263,1.953
3265404,4465,3,MX,1,100,67,68,67
3265404,4466,3,MY,1,100,34,33,33
3265404,4467,3,MZ,1,100, 2, 2, 1
"
2026-03-05T00:00:57.698Z,1772668857698,10.168.15.94,3132,"3265487,4468,4,EM,1,100,RS,RE,PS,MN
"
2026-03-05T00:00:57.763Z,1772668857763,10.168.15.94,3132,"3265487,4468,4,EM,1,100,RS,RE,PS,MN
3265511,4469,3,PI,1,100,148308,148242,148190
3265511,4470,3,PR,1,100,113090,113047,113013
3265511,4471,3,PG,1,100,9277,9262,9271
3265470,4472,1,EA,1,100,0.233526
3265470,4473,1,EL,1,100,-13652.799805
3265463,4474,1,T1,1,100,36.243
3265478,4475,1,TH,1,100,34.989
3265524,4476,3,AX,1,100,0.791,0.812,0.808
3265524,4477,3,AY,1,100,0.616,0.596,0.633
3265524,4478,3,AZ,1,100,-0.068,-0.057,-0.084
3265524,4479,3,GX,1,100,-0.580,-1.740,2.228
"
2026-03-05T00:00:57.764Z,1772668857764,10.168.15.94,3132,"3265524,4480,3,GY,1,100,-21.667,-26.001,-18.433
3265524,4481,3,GZ,1,100,5.341,5.524,2.289
3265524,4482,3,MX,1,100,67,67,66
3265524,4483,3,MY,1,100,33,33,33
3265524,4484,3,MZ,1,100, 1, 0, 0
"
2026-03-05T00:00:57.850Z,1772668857850,10.168.15.94,3132,"3265603,4485,1,SF,1,100,2.5547
3265591,4486,2,PI,1,100,148107,148015
3265591,4487,2,PR,1,100,112944,112882
3265591,4488,2,PG,1,100,9289,9281
3265603,4489,2,EA,1,100,0.233503,0.233440
3265603,4490,2,EL,1,100,-13652.200195,-13650.599609
3265596,4491,1,T1,1,100,36.176
3265611,4492,1,TH,1,100,35.017
3265604,4493,2,AX,1,100,0.833,0.743
3265604,4494,2,AY,1,100,0.591,0.596
3265604,4495,2,AZ,1,100,-0.075,-0.083
3265604,4496,2,GX,1,100,3.632,-0.214
3265604,4497,2,GY,1,100,-17.059,-15.930
"
2026-03-05T00:00:57.851Z,1772668857851,10.168.15.94,3132,"3265604,4498,2,GZ,1,100,-0.732,-3.204
3265604,4499,2,MX,1,100,66,68
3265604,4500,2,MY,1,100,33,31
3265604,4501,2,MZ,1,100, 0,-1
"
2026-03-05T00:00:57.908Z,1772668857908,10.168.15.94,3132,"3265688,4502,4,EM,1,100,RS,RE,PS,MN
"
2026-03-05T00:00:57.954Z,1772668857954,10.168.15.94,3132,"3265688,4502,4,EM,1,100,RS,RE,PS,MN
3265711,4503,3,PI,1,100,147932,147777,147649
3265711,4504,3,PR,1,100,112835,112728,112627
3265711,4505,3,PG,1,100,9288,9265,9236
3265670,4506,1,EA,1,100,0.233518
3265670,4507,1,EL,1,100,-13652.599609
3265724,4508,3,AX,1,100,0.830,0.765,0.757
3265724,4509,3,AY,1,100,0.597,0.592,0.589
3265724,4510,3,AZ,1,100,-0.125,-0.152,-0.169
3265724,4511,3,GX,1,100,-0.488,3.510,4.761
3265724,4512,3,GY,1,100,-30.060,-37.994,-34.637
3265724,4513,3,GZ,1,100,-2.228,-4.059,-5.035
"
2026-03-05T00:00:57.960Z,1772668857960,10.168.15.94,3132,"3265724,4514,3,MX,1,100,66,68,67
3265724,4515,3,MY,1,100,33,31,30
3265724,4516,3,MZ,1,100, 0,-3,-3
"
2026-03-05T00:00:58.053Z,1772668858053,10.168.15.94,3132,"3265791,4517,2,PI,1,100,147576,147517
3265791,4518,2,PR,1,100,112554,112503
3265791,4519,2,PG,1,100,9213,9221
3265803,4520,2,EA,1,100,0.233518,0.233557
3265803,4521,2,EL,1,100,-13652.599609,-13653.599609
3265729,4522,1,T1,1,100,36.182
3265744,4523,1,TH,1,100,35.017
3265804,4524,2,AX,1,100,0.799,0.659
3265804,4525,2,AY,1,100,0.618,0.613
3265804,4526,2,AZ,1,100,-0.190,-0.169
3265804,4527,2,GX,1,100,6.195,4.517
3265804,4528,2,GY,1,100,-38.849,-38.788
3265804,4529,2,GZ,1,100,-4.395,-3.082
"
2026-03-05T00:00:58.056Z,1772668858056,10.168.15.94,3132,"3265804,4530,2,MX,1,100,67,67
3265804,4531,2,MY,1,100,30,30
3265804,4532,2,MZ,1,100,-5,-6
"
2026-03-05T00:00:58.100Z,1772668858100,10.168.15.94,3132,"3265889,4533,4,EM,1,100,RS,RE,PS,MN
"
2026-03-05T00:00:58.155Z,1772668858155,10.168.15.94,3132,"3265889,4533,4,EM,1,100,RS,RE,PS,MN
3265911,4534,3,PI,1,100,147510,147634,147878
3265911,4535,3,PR,1,100,112486,112528,112704
3265911,4536,3,PG,1,100,9229,9233,9270
3265870,4537,1,EA,1,100,0.233854
3265870,4538,1,EL,1,100,-13661.200195
3265863,4539,1,T1,1,100,36.185
3265878,4540,1,TH,1,100,35.024
3265924,4541,3,AX,1,100,0.757,0.723,0.659
3265924,4542,3,AY,1,100,0.541,0.614,0.561
3265924,4543,3,AZ,1,100,-0.267,-0.327,-0.389
3265924,4544,3,GX,1,100,10.803,26.611,30.640
"
2026-03-05T00:00:58.156Z,1772668858156,10.168.15.94,3132,"3265924,4545,3,GY,1,100,-62.927,-87.097,-67.413
3265924,4546,3,GZ,1,100,1.862,5.402,7.965
3265924,4547,3,MX,1,100,66,66,65
3265924,4548,3,MY,1,100,28,27,26
3265924,4549,3,MZ,1,100,-9,-11,-15
3265902,4550,1,BV,1,100,3.89
3265902,4551,1,B%,1,100,75
"
2026-03-05T00:00:58.276Z,1772668858276,10.168.15.94,3132,"3265991,4552,1,BI,1,100,2920
3265991,4553,1,HR,1,100,31.16
3266003,4554,1,SF,1,100,2.5251
3265991,4555,2,PI,1,100,148207,148891
3265991,4556,2,PR,1,100,112982,113512
3265991,4557,2,PG,1,100,9335,9388
3266003,4558,2,EA,1,100,0.233784,0.233409
3266003,4559,2,EL,1,100,-13659.400391,-13649.799805
3265996,4560,1,T1,1,100,36.222
3266011,4561,1,TH,1,100,35.024
3266004,4562,2,AX,1,100,0.745,0.695
3266004,4563,2,AY,1,100,0.581,0.535
3266004,4564,2,AZ,1,100,-0.479,-0.454
3266004,4565,2,GX,1,100,32.440,23.163
"
2026-03-05T00:00:58.277Z,1772668858277,10.168.15.94,3132,"3266004,4566,2,GY,1,100,-76.874,-42.633
3266004,4567,2,GZ,1,100,19.104,19.470
3266004,4568,2,MX,1,100,64,64
3266004,4569,2,MY,1,100,26,25
3266004,4570,2,MZ,1,100,-16,-17
"
2026-03-05T00:00:58.302Z,1772668858302,10.168.15.94,3132,"3266090,4571,4,EM,1,100,RS,RE,PS,MN
"
2026-03-05T00:00:58.382Z,1772668858382,10.168.15.94,3132,"3266090,4571,4,EM,1,100,RS,RE,PS,MN
3266111,4572,3,PI,1,100,149758,150439,150800
3266111,4573,3,PR,1,100,114131,114610,114866
3266111,4574,3,PG,1,100,9481,9587,9659
3266069,4575,1,EA,1,100,0.233316
3266069,4576,1,EL,1,100,-13647.400391
3266129,4577,1,T1,1,100,36.309
3266124,4578,3,AX,1,100,0.768,0.720,0.712
3266124,4579,3,AY,1,100,0.546,0.577,0.513
3266124,4580,3,AZ,1,100,-0.467,-0.465,-0.479
3266124,4581,3,GX,1,100,10.406,5.127,1.038
3266124,4582,3,GY,1,100,-21.484,-23.499,-5.402
"
2026-03-05T00:00:58.382Z,1772668858382,10.168.15.94,3132,"3266124,4583,3,GZ,1,100,12.817,3.632,-4.242
3266124,4584,3,MX,1,100,63,64,62
3266124,4585,3,MY,1,100,26,25,25
3266124,4586,3,MZ,1,100,-19,-19,-19
"
2026-03-05T00:00:58.472Z,1772668858472,10.168.15.94,3132,"3266231,4587,3,PI,1,100,150959,151066,151097
3266231,4588,3,PR,1,100,115005,115069,115122
3266231,4589,3,PG,1,100,9709,9766,9831
3266203,4590,2,EA,1,100,0.233636,0.234034
3266203,4591,2,EL,1,100,-13655.599609,-13665.799805
3266144,4592,1,TH,1,100,35.014
3266204,4593,2,AX,1,100,0.675,0.656
3266204,4594,2,AY,1,100,0.522,0.525
3266204,4595,2,AZ,1,100,-0.475,-0.468
3266204,4596,2,GX,1,100,-3.082,-4.059
3266204,4597,2,GY,1,100,-8.575,-4.059
3266204,4598,2,GZ,1,100,-0.031,-0.488
3266204,4599,2,MX,1,100,64,63
"
2026-03-05T00:00:58.473Z,1772668858473,10.168.15.94,3132,"3266204,4600,2,MY,1,100,24,24
3266204,4601,2,MZ,1,100,-19,-20
"
2026-03-05T00:00:58.518Z,1772668858518,10.168.15.94,3132,"3266291,4602,4,EM,1,100,RS,RE,PS,MN
"
2026-03-05T00:00:58.559Z,1772668858559,10.168.15.94,3132,"3266291,4602,4,EM,1,100,RS,RE,PS,MN
3266269,4603,1,SF,1,100,2.4959
3266311,4604,2,PI,1,100,151130,151145
3266311,4605,2,PR,1,100,115152,115170
3266311,4606,2,PG,1,100,9872,9930
3266269,4607,1,EA,1,100,0.234427
3266269,4608,1,EL,1,100,-13675.799805
3266263,4609,1,T1,1,100,36.169
3266277,4610,1,TH,1,100,35.015
3266323,4611,3,AX,1,100,0.671,0.685,0.696
3266323,4612,3,AY,1,100,0.529,0.521,0.508
3266323,4613,3,AZ,1,100,-0.486,-0.464,-0.482
3266323,4614,3,GX,1,100,-0.732,0.702,0.854
"
2026-03-05T00:00:58.563Z,1772668858563,10.168.15.94,3132,"3266323,4615,3,GY,1,100,-3.906,-7.568,-3.479
3266323,4616,3,GZ,1,100,1.678,3.021,3.876
3266323,4617,3,MX,1,100,63,63,63
3266323,4618,3,MY,1,100,24,24,24
3266323,4619,3,MZ,1,100,-19,-20,-20
"
2026-03-05T00:00:58.662Z,1772668858662,10.168.15.94,3132,"3266431,4620,3,PI,1,100,151148,151158,151157
3266431,4621,3,PR,1,100,115181,115211,115195
3266431,4622,3,PG,1,100,9953,9982,10033
3266403,4623,2,EA,1,100,0.234545,0.234474
3266403,4624,2,EL,1,100,-13678.799805,-13677.000000
3266396,4625,1,T1,1,100,36.180
3266411,4626,1,TH,1,100,35.073
3266404,4627,2,AX,1,100,0.693,0.693
3266404,4628,2,AY,1,100,0.508,0.587
3266404,4629,2,AZ,1,100,-0.447,-0.547
3266404,4630,2,GX,1,100,4.303,6.653
3266404,4631,2,GY,1,100,-5.676,0.427
3266404,4632,2,GZ,1,100,5.676,7.690
"
2026-03-05T00:00:58.683Z,1772668858683,10.168.15.94,3132,"3266404,4633,2,MX,1,100,63,62
3266404,4634,2,MY,1,100,24,24
3266404,4635,2,MZ,1,100,-20,-20
"
2026-03-05T00:00:58.683Z,1772668858683,10.168.15.94,3132,"3266463,4636,2,RD,1,100,TL,TU
"
2026-03-05T00:00:58.780Z,1772668858780,10.168.15.94,3132,"3266566,4637,4,EM,1,100,RS,RE,PS,MN
"
2026-03-05T00:00:58.806Z,1772668858806,10.168.15.94,3132,"3266463,4636,2,RD,1,100,TL,TU
3266566,4637,4,EM,1,100,RS,RE,PS,MN
3266564,4638,3,PI,1,100,151103,151025,150849
3266564,4639,3,PR,1,100,115169,115143,115034
3266564,4640,3,PG,1,100,10046,10084,10097
3266536,4641,2,EA,1,100,0.234451,0.234592
3266536,4642,2,EL,1,100,-13676.400391,-13680.000000
3266529,4643,1,T1,1,100,36.184
3266544,4644,1,TH,1,100,35.073
3266564,4645,4,AX,1,100,0.766,0.695,0.708,0.678
3266564,4646,4,AY,1,100,0.571,0.535,0.567,0.535
3266564,4647,4,AZ,1,100,-0.501,-0.469,-0.503,-0.417
"
2026-03-05T00:00:58.807Z,1772668858807,10.168.15.94,3132,"3266564,4648,4,GX,1,100,1.038,-10.162,-17.090,-26.001
3266564,4649,4,GY,1,100,-3.204,4.730,13.824,18.127
3266564,4650,4,GZ,1,100,2.563,-7.446,-10.498,-10.498
3266564,4651,4,MX,1,100,63,63,63,65
3266564,4652,4,MY,1,100,24,22,24,24
3266564,4653,4,MZ,1,100,-20,-20,-17,-17
"
2026-03-05T00:00:58.917Z,1772668858917,10.168.15.94,3132,"3266669,4654,1,SF,1,100,2.4670
3266269,4655,1,SA,1,100,0.000157
3266269,4656,1,SR,1,100,0.333333
3266644,4657,2,PI,1,100,150637,150457
3266644,4658,2,PR,1,100,114878,114741
3266644,4659,2,PG,1,100,10089,10072
3266669,4660,2,EA,1,100,0.234584,0.234317
3266669,4661,2,EL,1,100,-13679.799805,-13673.000000
3266663,4662,1,T1,1,100,36.257
3266677,4663,1,TH,1,100,34.995
3266644,4664,2,AX,1,100,0.719,0.643
3266644,4665,2,AY,1,100,0.577,0.604
3266644,4666,2,AZ,1,100,-0.433,-0.373
"
2026-03-05T00:00:58.917Z,1772668858917,10.168.15.94,3132,"3266644,4667,2,GX,1,100,-31.433,-25.085
3266644,4668,2,GY,1,100,31.647,41.321
3266644,4669,2,GZ,1,100,-12.115,-14.008
3266644,4670,2,MX,1,100,66,67
3266644,4671,2,MY,1,100,24,24
3266644,4672,2,MZ,1,100,-15,-14
"
2026-03-05T00:00:58.992Z,1772668858992,10.168.15.94,3132,"3266767,4673,4,EM,1,100,RS,RE,PS,MN
"
2026-03-05T00:00:58.996Z,1772668858996,10.168.15.94,3132,"3266767,4673,4,EM,1,100,RS,RE,PS,MN
3266764,4674,3,PI,1,100,150290,150190,150201
3266764,4675,3,PR,1,100,114602,114475,114440
3266764,4676,3,PG,1,100,10060,10048,10015
3266736,4677,1,EA,1,100,0.233917
3266736,4678,1,EL,1,100,-13662.799805
3266764,4679,3,AX,1,100,0.748,0.716,0.654
3266764,4680,3,AY,1,100,0.558,0.624,0.614
3266764,4681,3,AZ,1,100,-0.344,-0.347,-0.297
3266764,4682,3,GX,1,100,-18.951,-10.437,-14.435
3266764,4683,3,GY,1,100,31.647,31.128,38.239
3266764,4684,3,GZ,1,100,-7.904,-4.669,-3.479
"
2026-03-05T00:00:59.003Z,1772668859003,10.168.15.94,3132,"3266764,4685,3,MX,1,100,67,68,67
3266764,4686,3,MY,1,100,25,26,26
3266764,4687,3,MZ,1,100,-14,-10,-11
"
2026-03-05T00:00:59.101Z,1772668859101,10.168.15.94,3132,"3266844,4688,2,PI,1,100,150125,150059
3266844,4689,2,PR,1,100,114342,114248
3266844,4690,2,PG,1,100,10001,9968
3266869,4691,2,EA,1,100,0.233612,0.233464
3266869,4692,2,EL,1,100,-13655.000000,-13651.200195
3266796,4693,1,T1,1,100,36.253
3266811,4694,1,TH,1,100,34.995
3266844,4695,2,AX,1,100,0.745,0.717
3266844,4696,2,AY,1,100,0.603,0.633
3266844,4697,2,AZ,1,100,-0.286,-0.305
3266844,4698,2,GX,1,100,-14.801,-2.716
3266844,4699,2,GY,1,100,15.930,10.254
3266844,4700,2,GZ,1,100,-1.343,-1.068
"
2026-03-05T00:00:59.110Z,1772668859110,10.168.15.94,3132,"3266844,4701,2,MX,1,100,68,68
3266844,4702,2,MY,1,100,27,27
3266844,4703,2,MZ,1,100,-10,-11
"
2026-03-05T00:00:59.181Z,1772668859181,10.168.15.94,3132,"3266968,4704,4,EM,1,100,RS,RE,PS,MN
"
2026-03-05T00:00:59.206Z,1772668859206,10.168.15.94,3132,"3266968,4704,4,EM,1,100,RS,RE,PS,MN
3266936,4705,1,SF,1,100,4.5207
3266964,4706,3,PI,1,100,149948,149831,149764
3266964,4707,3,PR,1,100,114151,114050,113991
3266964,4708,3,PG,1,100,9929,9906,9893
3266936,4709,1,EA,1,100,0.233394
3266936,4710,1,EL,1,100,-13649.400391
3266929,4711,1,T1,1,100,36.216
3266944,4712,1,TH,1,100,35.003
3266964,4713,3,AX,1,100,0.758,0.724,0.744
3266964,4714,3,AY,1,100,0.580,0.617,0.601
3266964,4715,3,AZ,1,100,-0.262,-0.305,-0.329
3266964,4716,3,GX,1,100,-4.303,-2.289,2.075
"
2026-03-05T00:00:59.222Z,1772668859222,10.168.15.94,3132,"3266964,4717,3,GY,1,100,11.200,6.561,11.902
3266964,4718,3,GZ,1,100,-2.350,-0.244,2.502
3266964,4719,3,MX,1,100,68,68,69
3266964,4720,3,MY,1,100,27,27,27
3266964,4721,3,MZ,1,100,-10,-9,-8
"
2026-03-05T00:00:59.311Z,1772668859311,10.168.15.94,3132,"3267044,4722,2,PI,1,100,149636,149556
3267044,4723,2,PR,1,100,113909,113845
3267044,4724,2,PG,1,100,9870,9843
3267069,4725,2,EA,1,100,0.233238,0.233152
3267069,4726,2,EL,1,100,-13645.400391,-13643.200195
3267063,4727,1,T1,1,100,36.164
3267077,4728,1,TH,1,100,35.003
3267044,4729,2,AX,1,100,0.764,0.756
3267044,4730,2,AY,1,100,0.606,0.652
3267044,4731,2,AZ,1,100,-0.238,-0.245
3267044,4732,2,GX,1,100,-10.284,-13.275
3267044,4733,2,GY,1,100,19.470,37.170
3267044,4734,2,GZ,1,100,-1.709,-3.998
"
2026-03-05T00:00:59.312Z,1772668859312,10.168.15.94,3132,"3267044,4735,2,MX,1,100,68,68
3267044,4736,2,MY,1,100,28,29
3267044,4737,2,MZ,1,100,-8,-7
"
2026-03-05T00:00:59.382Z,1772668859382,10.168.15.94,3132,"3267169,4738,4,EM,1,100,RS,RE,PS,MN
"
2026-03-05T00:00:59.407Z,1772668859407,10.168.15.94,3132,"3267169,4738,4,EM,1,100,RS,RE,PS,MN
3267164,4739,3,PI,1,100,149473,149343,149174
3267164,4740,3,PR,1,100,113780,113688,113583
3267164,4741,3,PG,1,100,9831,9810,9783
3267136,4742,1,EA,1,100,0.233152
3267136,4743,1,EL,1,100,-13643.200195
3267164,4744,3,AX,1,100,0.716,0.712,0.756
3267164,4745,3,AY,1,100,0.616,0.597,0.617
3267164,4746,3,AZ,1,100,-0.198,-0.165,-0.171
3267164,4747,3,GX,1,100,-12.726,-16.022,-11.230
3267164,4748,3,GY,1,100,38.300,34.058,10.620
3267164,4749,3,GZ,1,100,-1.038,-1.190,1.892
"
2026-03-05T00:00:59.414Z,1772668859414,10.168.15.94,3132,"3267164,4750,3,MX,1,100,68,68,68
3267164,4751,3,MY,1,100,29,28,29
3267164,4752,3,MZ,1,100,-6,-4,-4
"
2026-03-05T00:00:59.520Z,1772668859520,10.168.15.94,3132,"3267269,4753,1,SF,1,100,4.4684
3267244,4754,2,PI,1,100,149032,148864
3267244,4755,2,PR,1,100,113503,113395
3267244,4756,2,PG,1,100,9766,9761
3267269,4757,2,EA,1,100,0.233160,0.233145
3267269,4758,2,EL,1,100,-13643.400391,-13643.000000
3267196,4759,1,T1,1,100,36.142
3267211,4760,1,TH,1,100,34.991
3267284,4761,3,AX,1,100,0.709,0.795,0.773
3267284,4762,3,AY,1,100,0.611,0.621,0.610
3267284,4763,3,AZ,1,100,-0.141,-0.143,-0.167
3267284,4764,3,GX,1,100,-2.655,1.190,7.935
"
2026-03-05T00:00:59.521Z,1772668859521,10.168.15.94,3132,"3267284,4765,3,GY,1,100,3.571,-4.242,-0.092
3267284,4766,3,GZ,1,100,3.326,3.418,2.625
3267284,4767,3,MX,1,100,69,69,68
3267284,4768,3,MY,1,100,29,29,30
3267284,4769,3,MZ,1,100,-4,-3,-4
"
2026-03-05T00:00:59.600Z,1772668859600,10.168.15.94,3132,"3267370,4770,4,EM,1,100,RS,RE,PS,MN
"
2026-03-05T00:00:59.632Z,1772668859632,10.168.15.94,3132,"3267370,4770,4,EM,1,100,RS,RE,PS,MN
3267364,4771,3,PI,1,100,148722,148634,148580
3267364,4772,3,PR,1,100,113303,113248,113225
3267364,4773,3,PG,1,100,9747,9739,9753
3267336,4774,1,EA,1,100,0.233183
3267336,4775,1,EL,1,100,-13644.000000
3267329,4776,1,T1,1,100,36.168
3267344,4777,1,TH,1,100,34.991
3267364,4778,2,AX,1,100,0.776,0.749
3267364,4779,2,AY,1,100,0.622,0.647
3267364,4780,2,AZ,1,100,-0.247,-0.202
3267364,4781,2,GX,1,100,10.468,2.350
3267364,4782,2,GY,1,100,10.620,3.479
"
2026-03-05T00:00:59.632Z,1772668859632,10.168.15.94,3132,"3267364,4783,2,GZ,1,100,2.563,0.732
3267364,4784,2,MX,1,100,69,69
3267364,4785,2,MY,1,100,30,30
3267364,4786,2,MZ,1,100,-4,-4
"
2026-03-05T00:00:59.719Z,1772668859719,10.168.15.94,3132,"3267484,4787,3,PI,1,100,148524,148412,148385
3267484,4788,3,PR,1,100,113204,113153,113120
3267484,4789,3,PG,1,100,9727,9717,9700
3267469,4790,2,EA,1,100,0.233183,0.233215
3267469,4791,2,EL,1,100,-13644.000000,-13644.799805
3267463,4792,1,T1,1,100,36.250
3267477,4793,1,TH,1,100,35.003
3267484,4794,3,AX,1,100,0.750,0.766,0.786
3267484,4795,3,AY,1,100,0.639,0.613,0.617
3267484,4796,3,AZ,1,100,-0.171,-0.133,-0.134
3267484,4797,3,GX,1,100,-8.270,-8.850,-6.165
3267484,4798,3,GY,1,100,11.108,8.453,2.533
"
2026-03-05T00:00:59.720Z,1772668859720,10.168.15.94,3132,"3267484,4799,3,GZ,1,100,3.510,-1.190,-3.601
3267484,4800,3,MX,1,100,68,68,69
3267484,4801,3,MY,1,100,30,30,30
3267484,4802,3,MZ,1,100,-3,-2,-2
"
2026-03-05T00:00:59.784Z,1772668859784,10.168.15.94,3132,"3267571,4803,4,EM,1,100,RS,RE,PS,MN
"
2026-03-05T00:00:59.814Z,1772668859814,10.168.15.94,3132,"3267571,4803,4,EM,1,100,RS,RE,PS,MN
3267564,4804,2,PI,1,100,148334,148318
3267564,4805,2,PR,1,100,113103,113055
3267564,4806,2,PG,1,100,9688,9678
3267536,4807,1,EA,1,100,0.233300
3267536,4808,1,EL,1,100,-13647.000000
3267564,4809,2,AX,1,100,0.773,0.771
3267564,4810,2,AY,1,100,0.615,0.621
3267564,4811,2,AZ,1,100,-0.142,-0.137
3267564,4812,2,GX,1,100,-3.937,-2.991
3267564,4813,2,GY,1,100,4.761,7.721
3267564,4814,2,GZ,1,100,-2.045,-0.916
3267564,4815,2,MX,1,100,68,69
3267564,4816,2,MY,1,100,30,30
"
2026-03-05T00:00:59.816Z,1772668859816,10.168.15.94,3132,"3267564,4817,2,MZ,1,100,-1,-2
"
2026-03-05T00:00:59.918Z,1772668859918,10.168.15.94,3132,"3267669,4818,1,SF,1,100,4.4167
3267684,4819,3,PI,1,100,148304,148285,148309
3267684,4820,3,PR,1,100,113058,113035,113048
3267684,4821,3,PG,1,100,9686,9675,9659
3267669,4822,2,EA,1,100,0.233386,0.233417
3267669,4823,2,EL,1,100,-13649.200195,-13650.000000
3267596,4824,1,T1,1,100,36.214
3267611,4825,1,TH,1,100,35.003
3267684,4826,3,AX,1,100,0.721,0.764,0.794
3267684,4827,3,AY,1,100,0.588,0.627,0.633
3267684,4828,3,AZ,1,100,-0.129,-0.152,-0.122
3267684,4829,3,GX,1,100,-3.082,-0.061,1.617
"
2026-03-05T00:00:59.919Z,1772668859919,10.168.15.94,3132,"3267684,4830,3,GY,1,100,6.927,5.676,5.219
3267684,4831,3,GZ,1,100,-1.190,3.296,2.899
3267684,4832,3,MX,1,100,68,68,69
3267684,4833,3,MY,1,100,31,30,31
3267684,4834,3,MZ,1,100,-1,-2,-1
"
2026-03-05T00:00:59.986Z,1772668859986,10.168.15.94,3132,"3267772,4835,4,EM,1,100,RS,RE,PS,MN
"
2026-03-05T00:01:00.024Z,1772668860024,10.168.15.94,3132,"3267772,4835,4,EM,1,100,RS,RE,PS,MN
3267764,4836,2,PI,1,100,148351,148332
3267764,4837,2,PR,1,100,113060,113033
3267764,4838,2,PG,1,100,9662,9662
3267736,4839,1,EA,1,100,0.233347
3267736,4840,1,EL,1,100,-13648.200195
3267729,4841,1,T1,1,100,36.057
3267744,4842,1,TH,1,100,34.967
3267764,4843,2,AX,1,100,0.782,0.787
3267764,4844,2,AY,1,100,0.622,0.610
3267764,4845,2,AZ,1,100,-0.111,-0.114
3267764,4846,2,GX,1,100,0.763,0.946
3267764,4847,2,GY,1,100,0.549,5.951
3267764,4848,2,GZ,1,100,-0.824,-0.549
"
2026-03-05T00:01:00.025Z,1772668860025,10.168.15.94,3132,"3267764,4849,2,MX,1,100,69,68
3267764,4850,2,MY,1,100,30,30
3267764,4851,2,MZ,1,100, 0,-2
"
2026-03-05T00:01:00.129Z,1772668860129,10.168.15.94,3132,"3267884,4852,3,PI,1,100,148298,148328,148313
3267884,4853,3,PR,1,100,113010,113004,112998
3267884,4854,3,PG,1,100,9640,9636,9636
3267869,4855,2,EA,1,100,0.233269,0.233285
3267869,4856,2,EL,1,100,-13646.200195,-13646.599609
3267863,4857,1,T1,1,100,36.167
3267877,4858,1,TH,1,100,34.967
3267884,4859,3,AX,1,100,0.753,0.757,0.765
3267884,4860,3,AY,1,100,0.609,0.630,0.617
3267884,4861,3,AZ,1,100,-0.119,-0.125,-0.124
3267884,4862,3,GX,1,100,1.953,4.395,4.028
3267884,4863,3,GY,1,100,10.498,5.676,4.059
"
2026-03-05T00:01:00.130Z,1772668860130,10.168.15.94,3132,"3267884,4864,3,GZ,1,100,1.587,1.160,1.923
3267884,4865,3,MX,1,100,68,69,70
3267884,4866,3,MY,1,100,30,30,31
3267884,4867,3,MZ,1,100, 0,-1, 0
"
2026-03-05T00:01:00.186Z,1772668860186,10.168.15.94,3132,"3267973,4868,4,EM,1,100,RS,RE,PS,MN
"
2026-03-05T00:01:00.218Z,1772668860218,10.168.15.94,3132,"3267973,4868,4,EM,1,100,RS,RE,PS,MN
3267936,4869,1,SF,1,100,4.3657
3267964,4870,2,PI,1,100,148307,148282
3267964,4871,2,PR,1,100,112964,112999
3267964,4872,2,PG,1,100,9641,9654
3267936,4873,1,EA,1,100,0.233269
3267936,4874,1,EL,1,100,-13646.200195
3267964,4875,2,AX,1,100,0.781,0.766
3267964,4876,2,AY,1,100,0.637,0.623
3267964,4877,2,AZ,1,100,-0.132,-0.119
3267964,4878,2,GX,1,100,1.556,0.031
3267964,4879,2,GY,1,100,3.571,-0.275
3267964,4880,2,GZ,1,100,1.526,0.763
3267964,4881,2,MX,1,100,68,70
"
2026-03-05T00:01:00.224Z,1772668860224,10.168.15.94,3132,"3267964,4882,2,MY,1,100,31,32
3267964,4883,2,MZ,1,100,-1, 0
"
2026-03-05T00:01:00.336Z,1772668860336,10.168.15.94,3132,"3268084,4884,3,PI,1,100,148316,148263,148226
3268084,4885,3,PR,1,100,112991,112980,112898
3268084,4886,3,PG,1,100,9640,9607,9593
3268069,4887,2,EA,1,100,0.233246,0.233160
3268069,4888,2,EL,1,100,-13645.599609,-13643.400391
3267996,4889,1,T1,1,100,36.214
3268011,4890,1,TH,1,100,34.983
3268084,4891,3,AX,1,100,0.775,0.780,0.791
3268084,4892,3,AY,1,100,0.600,0.613,0.610
3268084,4893,3,AZ,1,100,-0.119,-0.120,-0.128
3268084,4894,3,GX,1,100,-4.303,-3.387,-5.615
3268084,4895,3,GY,1,100,-0.336,-6.775,-10.254
"
2026-03-05T00:01:00.337Z,1772668860337,10.168.15.94,3132,"3268084,4896,3,GZ,1,100,2.411,1.740,-0.244
3268084,4897,3,MX,1,100,68,68,69
3268084,4898,3,MY,1,100,32,31,31
3268084,4899,3,MZ,1,100, 0,-1,-1
"
2026-03-05T00:01:00.389Z,1772668860389,10.168.15.94,3132,"3268174,4900,4,EM,1,100,RS,RE,PS,MN
"
2026-03-05T00:01:00.421Z,1772668860421,10.168.15.94,3132,"3268174,4900,4,EM,1,100,RS,RE,PS,MN
3268164,4901,2,PI,1,100,148123,148078
3268164,4902,2,PR,1,100,112833,112803
3268164,4903,2,PG,1,100,9593,9579
3268136,4904,1,EA,1,100,0.233253
3268136,4905,1,EL,1,100,-13645.799805
3268129,4906,1,T1,1,100,36.234
3268144,4907,1,TH,1,100,34.983
3268164,4908,2,AX,1,100,0.777,0.796
3268164,4909,2,AY,1,100,0.604,0.606
3268164,4910,2,AZ,1,100,-0.093,-0.096
3268164,4911,2,GX,1,100,-9.430,-5.493
3268164,4912,2,GY,1,100,-5.768,-0.977
3268164,4913,2,GZ,1,100,1.556,0.336
"
2026-03-05T00:01:00.427Z,1772668860427,10.168.15.94,3132,"3268164,4914,2,MX,1,100,69,69
3268164,4915,2,MY,1,100,31,31
3268164,4916,2,MZ,1,100,-1, 0
"
2026-03-05T00:01:00.526Z,1772668860526,10.168.15.94,3132,"3268269,4917,1,SF,1,100,4.3152
3268284,4918,3,PI,1,100,148159,148233,148247
3268284,4919,3,PR,1,100,112844,112895,112915
3268284,4920,3,PG,1,100,9571,9574,9576
3268269,4921,2,EA,1,100,0.233253,0.233168
3268269,4922,2,EL,1,100,-13645.799805,-13643.599609
3268262,4923,1,T1,1,100,36.243
3268277,4924,1,TH,1,100,34.976
3268284,4925,3,AX,1,100,0.742,0.783,0.784
3268284,4926,3,AY,1,100,0.578,0.612,0.629
3268284,4927,3,AZ,1,100,-0.095,-0.126,-0.161
3268284,4928,3,GX,1,100,1.190,4.120,5.432
"
2026-03-05T00:01:00.534Z,1772668860534,10.168.15.94,3132,"3268284,4929,3,GY,1,100,0.092,-5.066,-9.094
3268284,4930,3,GZ,1,100,-0.824,0.122,2.533
3268284,4931,3,MX,1,100,69,68,68
3268284,4932,3,MY,1,100,31,31,31
3268284,4933,3,MZ,1,100,-1, 0,-2
"
2026-03-05T00:01:00.592Z,1772668860592,10.168.15.94,3132,"3268378,4934,4,EM,1,100,RS,RE,PS,MN
"
2026-03-05T00:01:00.630Z,1772668860630,10.168.15.94,3132,"3268378,4934,4,EM,1,100,RS,RE,PS,MN
3268364,4935,1,BI,1,100,2360
3268364,4936,1,HR,1,100,29.89
3268364,4937,2,PI,1,100,148226,148247
3268364,4938,2,PR,1,100,112905,112914
3268364,4939,2,PG,1,100,9576,9578
3268336,4940,1,EA,1,100,0.233051
3268336,4941,1,EL,1,100,-13640.599609
3268396,4942,1,T1,1,100,36.247
3268364,4943,2,AX,1,100,0.753,0.782
3268364,4944,2,AY,1,100,0.621,0.608
3268364,4945,2,AZ,1,100,-0.133,-0.127
3268364,4946,2,GX,1,100,0.397,-1.373
3268364,4947,2,GY,1,100,-1.221,-1.801
"
2026-03-05T00:01:00.632Z,1772668860632,10.168.15.94,3132,"3268364,4948,2,GZ,1,100,2.441,1.892
3268364,4949,2,MX,1,100,68,70
3268364,4950,2,MY,1,100,31,30
3268364,4951,2,MZ,1,100,-2, 0
"
2026-03-05T00:01:00.725Z,1772668860725,10.168.15.94,3132,"3268484,4952,3,PI,1,100,148241,148246,148248
3268484,4953,3,PR,1,100,112904,112932,112916
3268484,4954,3,PG,1,100,9575,9581,9569
3268469,4955,2,EA,1,100,0.233012,0.233051
3268469,4956,2,EL,1,100,-13639.599609,-13640.599609
3268411,4957,1,TH,1,100,34.976
3268484,4958,3,AX,1,100,0.772,0.774,0.794
3268484,4959,3,AY,1,100,0.620,0.605,0.620
3268484,4960,3,AZ,1,100,-0.135,-0.138,-0.136
3268484,4961,3,GX,1,100,-1.038,-3.998,-11.322
3268484,4962,3,GY,1,100,-2.838,-4.211,-6.561
"
2026-03-05T00:01:00.727Z,1772668860727,10.168.15.94,3132,"3268484,4963,3,GZ,1,100,2.869,2.014,6.714
3268484,4964,3,MX,1,100,67,68,68
3268484,4965,3,MY,1,100,30,30,30
3268484,4966,3,MZ,1,100,-2,-1, 0
"
2026-03-05T00:01:00.806Z,1772668860806,10.168.15.94,3132,"3268579,4967,4,EM,1,100,RS,RE,PS,MN
"
2026-03-05T00:01:00.828Z,1772668860828,10.168.15.94,3132,"3268579,4967,4,EM,1,100,RS,RE,PS,MN
3268577,4968,2,PI,1,100,148246,148221
3268577,4969,2,PR,1,100,112906,112898
3268577,4970,2,PG,1,100,9559,9544
3268536,4971,1,EA,1,100,0.233106
3268536,4972,1,EL,1,100,-13642.000000
3268529,4973,1,T1,1,100,36.284
3268544,4974,1,TH,1,100,35.024
3268563,4975,2,AX,1,100,0.810,0.802
3268563,4976,2,AY,1,100,0.639,0.644
3268563,4977,2,AZ,1,100,-0.118,-0.104
3268563,4978,2,GX,1,100,-12.115,-8.789
3268563,4979,2,GY,1,100,-6.989,-5.066
3268563,4980,2,GZ,1,100,3.357,-0.061
"
2026-03-05T00:01:00.829Z,1772668860829,10.168.15.94,3132,"3268563,4981,2,MX,1,100,68,68
3268563,4982,2,MY,1,100,31,31
3268563,4983,2,MZ,1,100,-1,-1
"
2026-03-05T00:01:00.944Z,1772668860944,10.168.15.94,3132,"3268669,4984,1,SF,1,100,4.2652
3268697,4985,3,PI,1,100,148189,148136,148127
3268697,4986,3,PR,1,100,112884,112828,112827
3268697,4987,3,PG,1,100,9522,9526,9515
3268669,4988,2,EA,1,100,0.233183,0.233176
3268669,4989,2,EL,1,100,-13644.000000,-13643.799805
3268662,4990,1,T1,1,100,36.229
3268677,4991,1,TH,1,100,35.024
3268683,4992,3,AX,1,100,0.822,0.773,0.807
3268683,4993,3,AY,1,100,0.554,0.569,0.601
3268683,4994,3,AZ,1,100,-0.075,-0.101,-0.183
3268683,4995,3,GX,1,100,-8.484,-1.160,10.529
"
2026-03-05T00:01:00.945Z,1772668860945,10.168.15.94,3132,"3268683,4996,3,GY,1,100,-2.228,5.737,-0.610
3268683,4997,3,GZ,1,100,-1.678,-1.373,1.038
3268683,4998,3,MX,1,100,69,68,68
3268683,4999,3,MY,1,100,31,31,32
3268683,5000,3,MZ,1,100, 0, 0,-1
"
2026-03-05T00:01:00.992Z,1772668860992,10.168.15.94,3132,"3268780,5001,4,EM,1,100,RS,RE,PS,MN
"
2026-03-05T00:01:01.042Z,1772668861042,10.168.15.94,3132,"3268780,5001,4,EM,1,100,RS,RE,PS,MN
3268777,5002,2,PI,1,100,148105,148091
3268777,5003,2,PR,1,100,112825,112795
3268777,5004,2,PG,1,100,9511,9499
3268803,5005,2,EA,1,100,0.233121,0.233106
3268803,5006,2,EL,1,100,-13642.400391,-13642.000000
3268796,5007,1,T1,1,100,36.277
3268811,5008,1,TH,1,100,34.904
3268803,5009,3,AX,1,100,0.789,0.756,0.800
3268803,5010,3,AY,1,100,0.594,0.636,0.607
3268803,5011,3,AZ,1,100,-0.131,-0.161,-0.104
3268803,5012,3,GX,1,100,4.791,2.106,2.319
"
2026-03-05T00:01:01.043Z,1772668861043,10.168.15.94,3132,"3268803,5013,3,GY,1,100,-10.254,1.068,-2.411
3268803,5014,3,GZ,1,100,1.129,3.510,1.312
3268803,5015,3,MX,1,100,68,68,68
3268803,5016,3,MY,1,100,31,31,30
3268803,5017,3,MZ,1,100,-1,-1, 0
"
2026-03-05T00:01:01.142Z,1772668861142,10.168.15.94,3132,"3268897,5018,3,PI,1,100,148075,148074,148047
3268897,5019,3,PR,1,100,112779,112777,112759
3268897,5020,3,PG,1,100,9488,9483,9492
3268869,5021,1,EA,1,100,0.233082
3268869,5022,1,EL,1,100,-13641.400391
3268883,5023,2,AX,1,100,0.808,0.783
3268883,5024,2,AY,1,100,0.621,0.570
3268883,5025,2,AZ,1,100,-0.128,-0.152
3268883,5026,2,GX,1,100,1.129,3.357
3268883,5027,2,GY,1,100,4.364,3.906
3268883,5028,2,GZ,1,100,-0.977,0.122
3268883,5029,2,MX,1,100,68,68
3268883,5030,2,MY,1,100,31,31
3268883,5031,2,MZ,1,100, 0, 0
"
2026-03-05T00:01:01.198Z,1772668861198,10.168.15.94,3132,"3268981,5032,4,EM,1,100,RS,RE,PS,MN
"
2026-03-05T00:01:01.240Z,1772668861240,10.168.15.94,3132,"3268981,5032,4,EM,1,100,RS,RE,PS,MN
3269003,5033,1,SF,1,100,4.2159
3268977,5034,2,PI,1,100,148042,148032
3268977,5035,2,PR,1,100,112744,112752
3268977,5036,2,PG,1,100,9475,9493
3269003,5037,2,EA,1,100,0.233044,0.233059
3269003,5038,2,EL,1,100,-13640.400391,-13640.799805
3268929,5039,1,T1,1,100,36.155
3268944,5040,1,TH,1,100,34.904
3268977,5041,2,AX,1,100,0.770,0.799
3268977,5042,2,AY,1,100,0.648,0.590
3268977,5043,2,AZ,1,100,-0.113,-0.139
3268977,5044,2,GX,1,100,0.610,2.686
"
2026-03-05T00:01:01.242Z,1772668861242,10.168.15.94,3132,"3268977,5045,2,GY,1,100,2.441,2.899
3268977,5046,2,GZ,1,100,0.061,-2.136
3268977,5047,2,MX,1,100,67,68
3268977,5048,2,MY,1,100,32,32
3268977,5049,2,MZ,1,100,-1,-1
"
2026-03-05T00:01:01.342Z,1772668861342,10.168.15.94,3132,"3269097,5050,3,PI,1,100,148024,147960,147930
3269097,5051,3,PR,1,100,112748,112692,112689
3269097,5052,3,PG,1,100,9489,9478,9453
3269069,5053,1,EA,1,100,0.233075
3269069,5054,1,EL,1,100,-13641.200195
3269062,5055,1,T1,1,100,36.138
3269077,5056,1,TH,1,100,34.986
3269097,5057,3,AX,1,100,0.803,0.732,0.770
3269097,5058,3,AY,1,100,0.581,0.600,0.622
3269097,5059,3,AZ,1,100,-0.140,-0.128,-0.150
3269097,5060,3,GX,1,100,2.258,0.458,-0.946
3269097,5061,3,GY,1,100,0.061,-0.946,1.221
"
2026-03-05T00:01:01.342Z,1772668861342,10.168.15.94,3132,"3269097,5062,3,GZ,1,100,-6.927,-5.951,-1.343
3269097,5063,3,MX,1,100,68,68,68
3269097,5064,3,MY,1,100,31,31,31
3269097,5065,3,MZ,1,100,-1,-1,-1
"
2026-03-05T00:01:01.396Z,1772668861396,10.168.15.94,3132,"3269182,5066,4,EM,1,100,RS,RE,PS,MN
"
2026-03-05T00:01:01.442Z,1772668861442,10.168.15.94,3132,"3269182,5066,4,EM,1,100,RS,RE,PS,MN
3269177,5067,2,PI,1,100,147893,147872
3269177,5068,2,PR,1,100,112666,112646
3269177,5069,2,PG,1,100,9450,9439
3269203,5070,2,EA,1,100,0.233106,0.233090
3269203,5071,2,EL,1,100,-13642.000000,-13641.599609
3269196,5072,1,T1,1,100,36.166
3269211,5073,1,TH,1,100,34.986
3269177,5074,2,AX,1,100,0.783,0.752
3269177,5075,2,AY,1,100,0.607,0.600
3269177,5076,2,AZ,1,100,-0.109,-0.124
3269177,5077,2,GX,1,100,-2.258,-0.916
3269177,5078,2,GY,1,100,-1.709,6.317
"
2026-03-05T00:01:01.444Z,1772668861444,10.168.15.94,3132,"3269177,5079,2,GZ,1,100,1.434,1.678
3269177,5080,2,MX,1,100,68,68
3269177,5081,2,MY,1,100,31,32
3269177,5082,2,MZ,1,100,-1, 0
"
2026-03-05T00:01:01.546Z,1772668861546,10.168.15.94,3132,"3269269,5083,1,SF,1,100,4.1671
3269297,5084,3,PI,1,100,147874,147900,147921
3269297,5085,3,PR,1,100,112655,112699,112697
3269297,5086,3,PG,1,100,9425,9432,9430
3269269,5087,1,EA,1,100,0.233020
3269269,5088,1,EL,1,100,-13639.799805
3269297,5089,3,AX,1,100,0.791,0.819,0.812
3269297,5090,3,AY,1,100,0.616,0.593,0.644
3269297,5091,3,AZ,1,100,-0.117,-0.112,-0.131
3269297,5092,3,GX,1,100,2.472,4.578,4.425
3269297,5093,3,GY,1,100,3.510,-1.343,2.655
3269297,5094,3,GZ,1,100,2.747,1.740,0.336
"
2026-03-05T00:01:01.546Z,1772668861546,10.168.15.94,3132,"3269297,5095,3,MX,1,100,69,67,68
3269297,5096,3,MY,1,100,31,30,31
3269297,5097,3,MZ,1,100,-1,-1,-1
"
2026-03-05T00:01:01.597Z,1772668861597,10.168.15.94,3132,"3269383,5098,4,EM,1,100,RS,RE,PS,MN
"
2026-03-05T00:01:01.647Z,1772668861647,10.168.15.94,3132,"3269383,5098,4,EM,1,100,RS,RE,PS,MN
3269417,5099,3,PI,1,100,147912,147935,147955
3269417,5100,3,PR,1,100,112701,112718,112716
3269417,5101,3,PG,1,100,9405,9410,9413
3269402,5102,2,EA,1,100,0.233028,0.232981
3269402,5103,2,EL,1,100,-13640.000000,-13638.799805
3269329,5104,1,T1,1,100,36.214
3269344,5105,1,TH,1,100,35.029
3269417,5106,3,AX,1,100,0.776,0.762,0.773
3269417,5107,3,AY,1,100,0.614,0.624,0.615
3269417,5108,3,AZ,1,100,-0.138,-0.095,-0.105
3269417,5109,3,GX,1,100,0.122,-4.486,-4.150
"
2026-03-05T00:01:01.647Z,1772668861647,10.168.15.94,3132,"3269417,5110,3,GY,1,100,11.719,11.566,11.566
3269417,5111,3,GZ,1,100,2.930,2.533,-1.801
3269417,5112,3,MX,1,100,68,68,68
3269417,5113,3,MY,1,100,31,30,31
3269417,5114,3,MZ,1,100, 0, 0, 0
"
2026-03-05T00:01:01.755Z,1772668861755,10.168.15.94,3132,"3269497,5115,2,PI,1,100,147960,148024
3269497,5116,2,PR,1,100,112731,112805
3269497,5117,2,PG,1,100,9407,9405
3269469,5118,1,EA,1,100,0.232950
3269469,5119,1,EL,1,100,-13638.000000
3269462,5120,1,T1,1,100,36.199
3269477,5121,1,TH,1,100,35.029
3269497,5122,2,AX,1,100,0.792,0.795
3269497,5123,2,AY,1,100,0.602,0.604
3269497,5124,2,AZ,1,100,-0.087,-0.084
3269497,5125,2,GX,1,100,-4.364,-6.470
3269497,5126,2,GY,1,100,12.726,12.299
3269497,5127,2,GZ,1,100,-1.373,0.092
3269497,5128,2,MX,1,100,68,68
"
2026-03-05T00:01:01.755Z,1772668861755,10.168.15.94,3132,"3269497,5129,2,MY,1,100,32,31
3269497,5130,2,MZ,1,100, 0, 1
"
2026-03-05T00:01:01.796Z,1772668861796,10.168.15.94,3132,"3269584,5131,4,EM,1,100,RS,RE,PS,MN
"
2026-03-05T00:01:01.852Z,1772668861852,10.168.15.94,3132,"3269584,5131,4,EM,1,100,RS,RE,PS,MN
3269602,5132,1,SF,1,100,4.1189
3269617,5133,3,PI,1,100,148043,148035,148028
3269617,5134,3,PR,1,100,112798,112805,112814
3269617,5135,3,PG,1,100,9415,9418,9397
3269602,5136,2,EA,1,100,0.232950,0.233005
3269602,5137,2,EL,1,100,-13638.000000,-13639.400391
3269596,5138,1,T1,1,100,36.121
3269611,5139,1,TH,1,100,34.995
3269617,5140,3,AX,1,100,0.812,0.776,0.791
3269617,5141,3,AY,1,100,0.597,0.591,0.604
3269617,5142,3,AZ,1,100,-0.081,-0.058,-0.061
"
2026-03-05T00:01:01.855Z,1772668861855,10.168.15.94,3132,"3269617,5143,3,GX,1,100,-7.019,-8.148,-7.507
3269617,5144,3,GY,1,100,10.742,11.169,11.444
3269617,5145,3,GZ,1,100,-0.610,-0.305,0.092
3269617,5146,3,MX,1,100,69,69,69
3269617,5147,3,MY,1,100,32,32,33
3269617,5148,3,MZ,1,100, 1, 3, 1
"
2026-03-05T00:01:01.946Z,1772668861946,10.168.15.94,3132,"3269697,5149,2,PI,1,100,148021,147975
3269697,5150,2,PR,1,100,112821,112793
3269697,5151,2,PG,1,100,9375,9380
3269669,5152,1,EA,1,100,0.232958
3269669,5153,1,EL,1,100,-13638.200195
3269697,5154,2,AX,1,100,0.801,0.778
3269697,5155,2,AY,1,100,0.592,0.611
3269697,5156,2,AZ,1,100,-0.050,-0.067
3269697,5157,2,GX,1,100,-2.289,-1.740
3269697,5158,2,GY,1,100,1.526,3.448
3269697,5159,2,GZ,1,100,-2.197,-3.113
3269697,5160,2,MX,1,100,69,69
3269697,5161,2,MY,1,100,32,32
3269697,5162,2,MZ,1,100, 2, 2
"
2026-03-05T00:01:02.002Z,1772668862002,10.168.15.94,3132,"3269785,5163,4,EM,1,100,RS,RE,PS,MN
"
2026-03-05T00:01:02.049Z,1772668862049,10.168.15.94,3132,"3269785,5163,4,EM,1,100,RS,RE,PS,MN
3269817,5164,3,PI,1,100,147942,147936,147923
3269817,5165,3,PR,1,100,112788,112774,112777
3269817,5166,3,PG,1,100,9365,9350,9366
3269802,5167,2,EA,1,100,0.232943,0.232896
3269802,5168,2,EL,1,100,-13637.799805,-13636.599609
3269729,5169,1,T1,1,100,36.159
3269744,5170,1,TH,1,100,34.995
3269817,5171,3,AX,1,100,0.779,0.791,0.806
3269817,5172,3,AY,1,100,0.597,0.606,0.629
3269817,5173,3,AZ,1,100,-0.039,-0.033,-0.041
3269817,5174,3,GX,1,100,-4.303,-3.174,-0.061
"
2026-03-05T00:01:02.057Z,1772668862057,10.168.15.94,3132,"3269817,5175,3,GY,1,100,7.935,2.228,0.671
3269817,5176,3,GZ,1,100,0.122,0.580,-0.366
3269817,5177,3,MX,1,100,69,68,69
3269817,5178,3,MY,1,100,33,32,33
3269817,5179,3,MZ,1,100, 5, 4, 3
"
2026-03-05T00:01:02.152Z,1772668862152,10.168.15.94,3132,"3269897,5180,2,PI,1,100,147880,147857
3269897,5181,2,PR,1,100,112750,112751
3269897,5182,2,PG,1,100,9345,9350
3269869,5183,1,EA,1,100,0.232935
3269869,5184,1,EL,1,100,-13637.599609
3269862,5185,1,T1,1,100,36.175
3269877,5186,1,TH,1,100,35.065
3269897,5187,2,AX,1,100,0.779,0.806
3269897,5188,2,AY,1,100,0.623,0.618
3269897,5189,2,AZ,1,100,-0.035,-0.037
3269897,5190,2,GX,1,100,-0.641,-2.197
3269897,5191,2,GY,1,100,4.303,0.763
3269897,5192,2,GZ,1,100,0.977,0.427
3269897,5193,2,MX,1,100,69,68
"
2026-03-05T00:01:02.156Z,1772668862156,10.168.15.94,3132,"3269897,5194,2,MY,1,100,32,32
3269897,5195,2,MZ,1,100, 4, 4
"
2026-03-05T00:01:02.198Z,1772668862198,10.168.15.94,3132,"3269986,5196,4,EM,1,100,RS,RE,PS,MN
"
2026-03-05T00:01:02.257Z,1772668862257,10.168.15.94,3132,"3269986,5196,4,EM,1,100,RS,RE,PS,MN
3270002,5197,1,SF,1,100,4.0713
3270017,5198,3,PI,1,100,147845,147814,147793
3270017,5199,3,PR,1,100,112723,112716,112704
3270017,5200,3,PG,1,100,9324,9334,9335
3270002,5201,2,EA,1,100,0.232880,0.232927
3270002,5202,2,EL,1,100,-13636.200195,-13637.400391
3269996,5203,1,T1,1,100,36.182
3270010,5204,1,TH,1,100,35.065
3270017,5205,3,AX,1,100,0.785,0.794,0.784
3270017,5206,3,AY,1,100,0.610,0.601,0.613
3270017,5207,3,AZ,1,100,-0.042,-0.046,-0.036
"
2026-03-05T00:01:02.261Z,1772668862261,10.168.15.94,3132,"3270017,5208,3,GX,1,100,0.153,-1.892,-1.831
3270017,5209,3,GY,1,100,-1.587,0.977,0.580
3270017,5210,3,GZ,1,100,-1.434,0.458,-0.153
3270017,5211,3,MX,1,100,68,68,68
3270017,5212,3,MY,1,100,33,32,33
3270017,5213,3,MZ,1,100, 2, 4, 4
"
2026-03-05T00:01:02.352Z,1772668862352,10.168.15.94,3132,"3270097,5214,2,PI,1,100,147792,147738
3270097,5215,2,PR,1,100,112683,112662
3270097,5216,2,PG,1,100,9342,9344
3270069,5217,1,EA,1,100,0.232974
3270069,5218,1,EL,1,100,-13638.599609
3270097,5219,2,AX,1,100,0.790,0.775
3270097,5220,2,AY,1,100,0.611,0.629
3270097,5221,2,AZ,1,100,-0.016,-0.044
3270097,5222,2,GX,1,100,-1.312,-0.214
3270097,5223,2,GY,1,100,0.336,1.587
3270097,5224,2,GZ,1,100,-2.899,-3.265
3270097,5225,2,MX,1,100,70,69
3270097,5226,2,MY,1,100,32,33
3270097,5227,2,MZ,1,100, 3, 3
"
2026-03-05T00:01:02.398Z,1772668862398,10.168.15.94,3132,"3270187,5228,4,EM,1,100,RS,RE,PS,MN
"
2026-03-05T00:01:02.459Z,1772668862459,10.168.15.94,3132,"3270187,5228,4,EM,1,100,RS,RE,PS,MN
3270217,5229,3,PI,1,100,147722,147700,147667
3270217,5230,3,PR,1,100,112653,112638,112611
3270217,5231,3,PG,1,100,9343,9308,9301
3270202,5232,2,EA,1,100,0.232981,0.232989
3270202,5233,2,EL,1,100,-13638.799805,-13639.000000
3270129,5234,1,T1,1,100,36.114
3270144,5235,1,TH,1,100,35.010
3270217,5236,3,AX,1,100,0.774,0.749,0.763
3270217,5237,3,AY,1,100,0.614,0.600,0.607
3270217,5238,3,AZ,1,100,-0.033,-0.042,-0.018
3270217,5239,3,GX,1,100,-0.275,-0.977,2.411
"
2026-03-05T00:01:02.466Z,1772668862466,10.168.15.94,3132,"3270217,5240,3,GY,1,100,-4.639,-3.021,-6.287
3270217,5241,3,GZ,1,100,-3.632,-1.740,3.021
3270217,5242,3,MX,1,100,69,68,69
3270217,5243,3,MY,1,100,32,31,31
3270217,5244,3,MZ,1,100, 4, 4, 4
"
2026-03-05T00:01:02.557Z,1772668862557,10.168.15.94,3132,"3270269,5245,1,SF,1,100,4.0242
3270297,5246,2,PI,1,100,147690,147647
3270297,5247,2,PR,1,100,112609,112571
3270297,5248,2,PG,1,100,9290,9298
3270269,5249,1,EA,1,100,0.232927
3270269,5250,1,EL,1,100,-13637.400391
3270262,5251,1,T1,1,100,36.156
3270277,5252,1,TH,1,100,35.010
3270297,5253,2,AX,1,100,0.772,0.830
3270297,5254,2,AY,1,100,0.618,0.637
3270297,5255,2,AZ,1,100,-0.073,-0.098
3270297,5256,2,GX,1,100,5.463,9.308
3270297,5257,2,GY,1,100,-23.254,-32.898
3270297,5258,2,GZ,1,100,2.686,3.113
"
2026-03-05T00:01:02.561Z,1772668862561,10.168.15.94,3132,"3270297,5259,2,MX,1,100,68,69
3270297,5260,2,MY,1,100,32,33
3270297,5261,2,MZ,1,100, 2, 1
"
2026-03-05T00:01:02.603Z,1772668862603,10.168.15.94,3132,"3270391,5262,4,EM,1,100,RS,RE,PS,MN
"
2026-03-05T00:01:02.664Z,1772668862664,10.168.15.94,3132,"3270391,5262,4,EM,1,100,RS,RE,PS,MN
3270417,5263,3,PI,1,100,147544,147399,147276
3270417,5264,3,PR,1,100,112446,112346,112250
3270417,5265,3,PG,1,100,9269,9274,9272
3270402,5266,2,EA,1,100,0.232857,0.232888
3270402,5267,2,EL,1,100,-13635.599609,-13636.400391
3270396,5268,1,T1,1,100,36.174
3270410,5269,1,TH,1,100,35.039
3270417,5270,3,AX,1,100,0.776,0.775,0.711
3270417,5271,3,AY,1,100,0.609,0.623,0.599
3270417,5272,3,AZ,1,100,-0.071,-0.118,-0.094
3270417,5273,3,GX,1,100,5.005,3.876,3.387
"
2026-03-05T00:01:02.664Z,1772668862664,10.168.15.94,3132,"3270417,5274,3,GY,1,100,-28.137,-28.931,-39.673
3270417,5275,3,GZ,1,100,-1.587,-3.815,-3.235
3270417,5276,3,MX,1,100,69,69,70
3270417,5277,3,MY,1,100,32,30,30
3270417,5278,3,MZ,1,100, 1, 0,-2
"
2026-03-05T00:01:02.765Z,1772668862765,10.168.15.94,3132,"3270497,5279,2,PI,1,100,147191,147107
3270497,5280,2,PR,1,100,112138,112068
3270497,5281,2,PG,1,100,9277,9274
3270469,5282,1,EA,1,100,0.233012
3270469,5283,1,EL,1,100,-13639.599609
3270529,5284,1,T1,1,100,36.182
3270497,5285,2,AX,1,100,0.793,0.730
3270497,5286,2,AY,1,100,0.628,0.583
3270497,5287,2,AZ,1,100,-0.216,-0.203
3270497,5288,2,GX,1,100,6.653,19.745
3270497,5289,2,GY,1,100,-52.185,-56.885
3270497,5290,2,GZ,1,100,-1.831,-0.916
3270497,5291,2,MX,1,100,69,69
3270497,5292,2,MY,1,100,29,29
"
2026-03-05T00:01:02.774Z,1772668862774,10.168.15.94,3132,"3270497,5293,2,MZ,1,100,-2,-6
"
2026-03-05T00:01:02.810Z,1772668862810,10.168.15.94,3132,"3270592,5294,4,EM,1,100,RS,RE,PS,MN
"
2026-03-05T00:01:02.865Z,1772668862865,10.168.15.94,3132,"3270592,5294,4,EM,1,100,RS,RE,PS,MN
3270602,5295,1,SF,1,100,3.9776
3270630,5296,3,PI,1,100,147182,147364,147548
3270630,5297,3,PR,1,100,112130,112240,112346
3270630,5298,3,PG,1,100,9302,9341,9347
3270602,5299,2,EA,1,100,0.233098,0.233067
3270602,5300,2,EL,1,100,-13641.799805,-13641.000000
3270544,5301,1,TH,1,100,35.039
3270616,5302,3,AX,1,100,0.729,0.818,0.658
3270616,5303,3,AY,1,100,0.554,0.652,0.603
3270616,5304,3,AZ,1,100,-0.255,-0.280,-0.279
3270616,5305,3,GX,1,100,16.327,20.325,16.388
"
2026-03-05T00:01:02.866Z,1772668862866,10.168.15.94,3132,"3270616,5306,3,GY,1,100,-29.358,-40.039,-25.787
3270616,5307,3,GZ,1,100,4.395,6.714,3.174
3270616,5308,3,MX,1,100,69,69,67
3270616,5309,3,MY,1,100,29,27,28
3270616,5310,3,MZ,1,100,-7,-8,-9
"
2026-03-05T00:01:02.971Z,1772668862971,10.168.15.94,3132,"3270670,5311,1,BI,1,100,2280
3270670,5312,1,HR,1,100,29.09
3270710,5313,2,PI,1,100,147751,147892
3270710,5314,2,PR,1,100,112457,112583
3270710,5315,2,PG,1,100,9382,9409
3270669,5316,1,EA,1,100,0.233051
3270669,5317,1,EL,1,100,-13640.599609
3270662,5318,1,T1,1,100,36.149
3270677,5319,1,TH,1,100,35.005
3270736,5320,3,AX,1,100,0.862,0.680,0.780
3270736,5321,3,AY,1,100,0.605,0.592,0.623
3270736,5322,3,AZ,1,100,-0.354,-0.310,-0.325
3270736,5323,3,GX,1,100,15.472,9.338,4.761
"
2026-03-05T00:01:02.972Z,1772668862972,10.168.15.94,3132,"3270736,5324,3,GY,1,100,-31.464,-17.700,-3.418
3270736,5325,3,GZ,1,100,4.852,3.571,-1.038
3270736,5326,3,MX,1,100,67,67,66
3270736,5327,3,MY,1,100,27,26,28
3270736,5328,3,MZ,1,100,-9,-11,-10
"
2026-03-05T00:01:03.005Z,1772668863005,10.168.15.94,3132,"3270793,5329,4,EM,1,100,RS,RE,PS,MN
"
2026-03-05T00:01:03.063Z,1772668863063,10.168.15.94,3132,"3270793,5329,4,EM,1,100,RS,RE,PS,MN
3270830,5330,3,PI,1,100,148006,148162,148287
3270830,5331,3,PR,1,100,112656,112793,112912
3270830,5332,3,PG,1,100,9424,9437,9458
3270802,5333,2,EA,1,100,0.232974,0.232873
3270802,5334,2,EL,1,100,-13638.599609,-13636.000000
3270796,5335,1,T1,1,100,36.207
3270810,5336,1,TH,1,100,35.005
3270816,5337,2,AX,1,100,0.726,0.722
3270816,5338,2,AY,1,100,0.575,0.583
3270816,5339,2,AZ,1,100,-0.324,-0.361
3270816,5340,2,GX,1,100,4.639,5.554
3270816,5341,2,GY,1,100,-11.353,-4.822
"
2026-03-05T00:01:03.064Z,1772668863064,10.168.15.94,3132,"3270816,5342,2,GZ,1,100,-1.740,0.244
3270816,5343,2,MX,1,100,67,66
3270816,5344,2,MY,1,100,27,26
3270816,5345,2,MZ,1,100,-11,-11
"
2026-03-05T00:01:03.179Z,1772668863179,10.168.15.94,3132,"3270936,5346,1,SF,1,100,3.9316
3270910,5347,2,PI,1,100,148443,148616
3270910,5348,2,PR,1,100,113053,113199
3270910,5349,2,PG,1,100,9469,9494
3270936,5350,2,EA,1,100,0.232787,0.232826
3270936,5351,2,EL,1,100,-13633.799805,-13634.799805
3270929,5352,1,T1,1,100,36.160
3270944,5353,1,TH,1,100,35.034
3270936,5354,3,AX,1,100,0.736,0.724,0.737
3270936,5355,3,AY,1,100,0.567,0.553,0.553
3270936,5356,3,AZ,1,100,-0.342,-0.334,-0.362
3270936,5357,3,GX,1,100,6.500,3.693,5.219
"
2026-03-05T00:01:03.185Z,1772668863185,10.168.15.94,3132,"3270936,5358,3,GY,1,100,-6.836,-2.533,-0.885
3270936,5359,3,GZ,1,100,3.174,2.838,3.143
3270936,5360,3,MX,1,100,67,66,67
3270936,5361,3,MY,1,100,26,27,27
3270936,5362,3,MZ,1,100,-11,-11,-12
3270902,5363,1,BV,1,100,3.89
3270902,5364,1,B%,1,100,75
"
2026-03-05T00:01:03.208Z,1772668863208,10.168.15.94,3132,"3270994,5365,4,EM,1,100,RS,RE,PS,MN
"
2026-03-05T00:01:03.271Z,1772668863271,10.168.15.94,3132,"3270994,5365,4,EM,1,100,RS,RE,PS,MN
3271030,5366,3,PI,1,100,148760,148957,149154
3271030,5367,3,PR,1,100,113336,113492,113636
3271030,5368,3,PG,1,100,9536,9578,9579
3271002,5369,1,EA,1,100,0.232749
3271002,5370,1,EL,1,100,-13632.799805
3271016,5371,2,AX,1,100,0.763,0.703
3271016,5372,2,AY,1,100,0.575,0.595
3271016,5373,2,AZ,1,100,-0.344,-0.343
3271016,5374,2,GX,1,100,3.937,4.242
3271016,5375,2,GY,1,100,-6.470,1.221
3271016,5376,2,GZ,1,100,1.251,-1.068
3271016,5377,2,MX,1,100,66,66
"
2026-03-05T00:01:03.274Z,1772668863274,10.168.15.94,3132,"3271016,5378,2,MY,1,100,27,27
3271016,5379,2,MZ,1,100,-12,-12
"
2026-03-05T00:01:03.368Z,1772668863368,10.168.15.94,3132,"3271110,5380,2,PI,1,100,149275,149403
3271110,5381,2,PR,1,100,113734,113823
3271110,5382,2,PG,1,100,9617,9647
3271136,5383,2,EA,1,100,0.232625,0.232609
3271136,5384,2,EL,1,100,-13629.599609,-13629.200195
3271062,5385,1,T1,1,100,36.105
3271077,5386,1,TH,1,100,35.034
3271136,5387,3,AX,1,100,0.730,0.731,0.759
3271136,5388,3,AY,1,100,0.555,0.570,0.552
3271136,5389,3,AZ,1,100,-0.355,-0.344,-0.344
3271136,5390,3,GX,1,100,1.862,-0.885,1.617
3271136,5391,3,GY,1,100,7.141,-4.333,-3.174
"
2026-03-05T00:01:03.369Z,1772668863369,10.168.15.94,3132,"3271136,5392,3,GZ,1,100,-0.031,0.885,1.129
3271136,5393,3,MX,1,100,67,66,67
3271136,5394,3,MY,1,100,27,28,27
3271136,5395,3,MZ,1,100,-13,-13,-13
"
2026-03-05T00:01:03.414Z,1772668863414,10.168.15.94,3132,"3271196,5396,4,EM,1,100,RS,RE,PS,MN
"
2026-03-05T00:01:03.471Z,1772668863471,10.168.15.94,3132,"3271196,5396,4,EM,1,100,RS,RE,PS,MN
3271230,5397,3,PI,1,100,149552,149669,149730
3271230,5398,3,PR,1,100,113939,114010,114070
3271230,5399,3,PG,1,100,9669,9695,9702
3271202,5400,1,EA,1,100,0.232780
3271202,5401,1,EL,1,100,-13633.599609
3271195,5402,1,T1,1,100,36.187
3271210,5403,1,TH,1,100,34.993
3271216,5404,2,AX,1,100,0.736,0.707
3271216,5405,2,AY,1,100,0.567,0.585
3271216,5406,2,AZ,1,100,-0.350,-0.346
3271216,5407,2,GX,1,100,2.838,4.791
3271216,5408,2,GY,1,100,1.923,2.899
"
2026-03-05T00:01:03.475Z,1772668863475,10.168.15.94,3132,"3271216,5409,2,GZ,1,100,-0.122,-1.312
3271216,5410,2,MX,1,100,66,66
3271216,5411,2,MY,1,100,27,27
3271216,5412,2,MZ,1,100,-12,-12
"
2026-03-05T00:01:03.577Z,1772668863577,10.168.15.94,3132,"3271336,5413,1,SF,1,100,3.8861
3271310,5414,2,PI,1,100,149744,149756
3271310,5415,2,PR,1,100,114083,114074
3271310,5416,2,PG,1,100,9707,9682
3271336,5417,2,EA,1,100,0.232671,0.232609
3271336,5418,2,EL,1,100,-13630.799805,-13629.200195
3271329,5419,1,T1,1,100,36.187
3271344,5420,1,TH,1,100,34.993
3271336,5421,3,AX,1,100,0.674,0.776,0.771
3271336,5422,3,AY,1,100,0.581,0.591,0.542
3271336,5423,3,AZ,1,100,-0.352,-0.384,-0.322
3271336,5424,3,GX,1,100,6.195,3.357,-5.188
3271336,5425,3,GY,1,100,8.606,2.075,-4.944
"
2026-03-05T00:01:03.579Z,1772668863579,10.168.15.94,3132,"3271336,5426,3,GZ,1,100,3.052,5.463,-0.763
3271336,5427,3,MX,1,100,66,66,66
3271336,5428,3,MY,1,100,27,28,27
3271336,5429,3,MZ,1,100,-12,-12,-12
"
2026-03-05T00:01:03.609Z,1772668863609,10.168.15.94,3132,"3271397,5430,4,EM,1,100,RS,RE,PS,MN
"
2026-03-05T00:01:03.670Z,1772668863670,10.168.15.94,3132,"3271397,5430,4,EM,1,100,RS,RE,PS,MN
3271430,5431,3,PI,1,100,149759,149753,149688
3271430,5432,3,PR,1,100,114088,114083,114008
3271430,5433,3,PG,1,100,9710,9696,9696
3271402,5434,1,EA,1,100,0.232648
3271402,5435,1,EL,1,100,-13630.200195
3271416,5436,2,AX,1,100,0.759,0.715
3271416,5437,2,AY,1,100,0.576,0.565
3271416,5438,2,AZ,1,100,-0.350,-0.328
3271416,5439,2,GX,1,100,-6.195,-8.759
3271416,5440,2,GY,1,100,6.989,11.841
3271416,5441,2,GZ,1,100,-4.700,-2.747
3271416,5442,2,MX,1,100,66,67
"
2026-03-05T00:01:03.670Z,1772668863670,10.168.15.94,3132,"3271416,5443,2,MY,1,100,28,28
3271416,5444,2,MZ,1,100,-12,-11
"
2026-03-05T00:01:03.776Z,1772668863776,10.168.15.94,3132,"3271510,5445,2,PI,1,100,149617,149544
3271510,5446,2,PR,1,100,113928,113859
3271510,5447,2,PG,1,100,9700,9689
3271536,5448,2,EA,1,100,0.232586,0.232509
3271536,5449,2,EL,1,100,-13628.599609,-13626.599609
3271462,5450,1,T1,1,100,36.152
3271477,5451,1,TH,1,100,34.973
3271536,5452,3,AX,1,100,0.748,0.729,0.730
3271536,5453,3,AY,1,100,0.569,0.599,0.541
3271536,5454,3,AZ,1,100,-0.323,-0.305,-0.296
3271536,5455,3,GX,1,100,-8.514,-6.042,-3.510
3271536,5456,3,GY,1,100,5.554,3.510,5.157
"
2026-03-05T00:01:03.777Z,1772668863777,10.168.15.94,3132,"3271536,5457,3,GZ,1,100,-1.831,-3.601,-5.005
3271536,5458,3,MX,1,100,67,66,67
3271536,5459,3,MY,1,100,27,27,27
3271536,5460,3,MZ,1,100,-10,-11,-11
"
2026-03-05T00:01:03.782Z,1772668863782,10.168.15.94,3132,"3271571,5461,2,RD,1,100,TL,TU
"
2026-03-05T00:01:03.891Z,1772668863891,10.168.15.94,3132,"3271673,5462,4,EM,1,100,RS,RE,PS,MN
"
2026-03-05T00:01:03.924Z,1772668863924,10.168.15.94,3132,"3271571,5461,2,RD,1,100,TL,TU
3271673,5462,4,EM,1,100,RS,RE,PS,MN
3271669,5463,1,SF,1,100,3.8412
3271670,5464,4,PI,1,100,149518,149535,149528,149539
3271670,5465,4,PR,1,100,113844,113855,113836,113850
3271670,5466,4,PG,1,100,9682,9687,9683,9677
3271669,5467,2,EA,1,100,0.232540,0.232578
3271669,5468,2,EL,1,100,-13627.400391,-13628.400391
3271595,5469,1,T1,1,100,36.101
3271610,5470,1,TH,1,100,34.973
3271656,5471,3,AX,1,100,0.691,0.782,0.763
3271656,5472,3,AY,1,100,0.551,0.518,0.568
"
2026-03-05T00:01:03.924Z,1772668863924,10.168.15.94,3132,"3271656,5473,3,AZ,1,100,-0.342,-0.334,-0.306
3271656,5474,3,GX,1,100,2.167,3.174,2.991
3271656,5475,3,GY,1,100,3.601,-1.740,-7.812
3271656,5476,3,GZ,1,100,0.549,5.096,-0.061
3271656,5477,3,MX,1,100,66,66,66
3271656,5478,3,MY,1,100,28,28,27
3271656,5479,3,MZ,1,100,-10,-11,-10
"
2026-03-05T00:01:04.021Z,1772668864021,10.168.15.94,3132,"3271750,5480,2,PI,1,100,149533,149544
3271750,5481,2,PR,1,100,113853,113839
3271750,5482,2,PG,1,100,9702,9716
3271736,5483,1,EA,1,100,0.232586
3271736,5484,1,EL,1,100,-13628.599609
3271729,5485,1,T1,1,100,36.186
3271744,5486,1,TH,1,100,35.013
3271776,5487,3,AX,1,100,0.750,0.740,0.726
3271776,5488,3,AY,1,100,0.625,0.591,0.520
3271776,5489,3,AZ,1,100,-0.331,-0.302,-0.303
3271776,5490,3,GX,1,100,4.181,2.289,2.563
3271776,5491,3,GY,1,100,6.012,0.458,5.310
3271776,5492,3,GZ,1,100,-2.594,-0.763,-4.364
"
2026-03-05T00:01:04.021Z,1772668864021,10.168.15.94,3132,"3271776,5493,3,MX,1,100,67,66,66
3271776,5494,3,MY,1,100,28,27,28
3271776,5495,3,MZ,1,100,-11,-10,-11
"
2026-03-05T00:01:04.110Z,1772668864110,10.168.15.94,3132,"3271874,5496,4,EM,1,100,RS,RE,PS,MN
"
2026-03-05T00:01:04.111Z,1772668864111,10.168.15.94,3132,"3271874,5496,4,EM,1,100,RS,RE,PS,MN
3271870,5497,3,PI,1,100,149513,149520,149459
3271870,5498,3,PR,1,100,113841,113818,113794
3271870,5499,3,PG,1,100,9702,9707,9697
3271869,5500,2,EA,1,100,0.232532,0.232555
3271869,5501,2,EL,1,100,-13627.200195,-13627.799805
3271862,5502,1,T1,1,100,36.151
3271877,5503,1,TH,1,100,35.013
3271856,5504,2,AX,1,100,0.679,0.749
3271856,5505,2,AY,1,100,0.621,0.601
3271856,5506,2,AZ,1,100,-0.364,-0.312
3271856,5507,2,GX,1,100,4.852,0.732
3271856,5508,2,GY,1,100,7.660,7.538
"
2026-03-05T00:01:04.114Z,1772668864114,10.168.15.94,3132,"3271856,5509,2,GZ,1,100,-4.089,4.089
3271856,5510,2,MX,1,100,67,66
3271856,5511,2,MY,1,100,27,28
3271856,5512,2,MZ,1,100,-9,-10
"
2026-03-05T00:01:04.230Z,1772668864230,10.168.15.94,3132,"3271936,5513,1,SF,1,100,3.7967
3271950,5514,2,PI,1,100,149430,149425
3271950,5515,2,PR,1,100,113763,113758
3271950,5516,2,PG,1,100,9678,9669
3271936,5517,1,EA,1,100,0.232462
3271936,5518,1,EL,1,100,-13625.400391
3271976,5519,3,AX,1,100,0.750,0.798,0.723
3271976,5520,3,AY,1,100,0.596,0.586,0.568
3271976,5521,3,AZ,1,100,-0.301,-0.316,-0.298
3271976,5522,3,GX,1,100,-5.249,-4.486,-5.432
3271976,5523,3,GY,1,100,-8.026,-2.045,2.563
3271976,5524,3,GZ,1,100,2.563,-0.610,0.916
3271976,5525,3,MX,1,100,66,66,67
"
2026-03-05T00:01:04.231Z,1772668864231,10.168.15.94,3132,"3271976,5526,3,MY,1,100,28,27,28
3271976,5527,3,MZ,1,100,-11,-10,-10
"
2026-03-05T00:01:04.290Z,1772668864290,10.168.15.94,3132,"3272075,5528,4,EM,1,100,RS,RE,PS,MN
"
2026-03-05T00:01:04.312Z,1772668864312,10.168.15.94,3132,"3272075,5528,4,EM,1,100,RS,RE,PS,MN
3272070,5529,3,PI,1,100,149400,149360,149336
3272070,5530,3,PR,1,100,113716,113684,113663
3272070,5531,3,PG,1,100,9675,9677,9652
3272069,5532,2,EA,1,100,0.232516,0.232578
3272069,5533,2,EL,1,100,-13626.799805,-13628.400391
3271995,5534,1,T1,1,100,36.278
3272010,5535,1,TH,1,100,35.026
3272056,5536,2,AX,1,100,0.751,0.735
3272056,5537,2,AY,1,100,0.607,0.528
3272056,5538,2,AZ,1,100,-0.296,-0.321
3272056,5539,2,GX,1,100,-2.045,1.953
3272056,5540,2,GY,1,100,-1.648,-1.190
"
2026-03-05T00:01:04.315Z,1772668864315,10.168.15.94,3132,"3272056,5541,2,GZ,1,100,2.563,3.662
3272056,5542,2,MX,1,100,67,66
3272056,5543,2,MY,1,100,28,29
3272056,5544,2,MZ,1,100,-11,-10
"
2026-03-05T00:01:04.422Z,1772668864422,10.168.15.94,3132,"3272150,5545,2,PI,1,100,149329,149339
3272150,5546,2,PR,1,100,113680,113671
3272150,5547,2,PG,1,100,9661,9675
3272136,5548,1,EA,1,100,0.232586
3272136,5549,1,EL,1,100,-13628.599609
3272129,5550,1,T1,1,100,36.298
3272144,5551,1,TH,1,100,35.026
3272176,5552,3,AX,1,100,0.712,0.788,0.786
3272176,5553,3,AY,1,100,0.568,0.567,0.591
3272176,5554,3,AZ,1,100,-0.333,-0.314,-0.288
3272176,5555,3,GX,1,100,4.791,2.045,2.838
3272176,5556,3,GY,1,100,1.617,-7.904,-8.301
3272176,5557,3,GZ,1,100,4.822,6.073,2.014
"
2026-03-05T00:01:04.422Z,1772668864422,10.168.15.94,3132,"3272176,5558,3,MX,1,100,66,66,66
3272176,5559,3,MY,1,100,28,27,28
3272176,5560,3,MZ,1,100,-11,-11,-11
"
2026-03-05T00:01:04.493Z,1772668864493,10.168.15.94,3132,"3272279,5561,4,EM,1,100,RS,RE,PS,MN
"
2026-03-05T00:01:04.514Z,1772668864514,10.168.15.94,3132,"3272279,5561,4,EM,1,100,RS,RE,PS,MN
3272269,5562,1,SF,1,100,3.7528
3272270,5563,3,PI,1,100,149348,149386,149403
3272270,5564,3,PR,1,100,113690,113694,113712
3272270,5565,3,PG,1,100,9676,9672,9708
3272269,5566,2,EA,1,100,0.232617,0.232632
3272269,5567,2,EL,1,100,-13629.400391,-13629.799805
3272262,5568,1,T1,1,100,36.200
3272277,5569,1,TH,1,100,34.927
3272256,5570,2,AX,1,100,0.759,0.737
3272256,5571,2,AY,1,100,0.622,0.556
3272256,5572,2,AZ,1,100,-0.346,-0.289
3272256,5573,2,GX,1,100,6.500,3.571
"
2026-03-05T00:01:04.516Z,1772668864516,10.168.15.94,3132,"3272256,5574,2,GY,1,100,-2.472,-1.038
3272256,5575,2,GZ,1,100,0.488,0.549
3272256,5576,2,MX,1,100,66,66
3272256,5577,2,MY,1,100,28,28
3272256,5578,2,MZ,1,100,-10,-12
"
2026-03-05T00:01:04.622Z,1772668864622,10.168.15.94,3132,"3272310,5579,1,BI,1,100,1640
3272310,5580,1,HR,1,100,30.76
3272390,5581,3,PI,1,100,149407,149431,149451
3272390,5582,3,PR,1,100,113707,113724,113737
3272390,5583,3,PG,1,100,9716,9718,9706
3272336,5584,1,EA,1,100,0.232586
3272336,5585,1,EL,1,100,-13628.599609
3272376,5586,3,AX,1,100,0.692,0.750,0.751
3272376,5587,3,AY,1,100,0.591,0.571,0.567
3272376,5588,3,AZ,1,100,-0.335,-0.384,-0.341
3272376,5589,3,GX,1,100,2.380,4.883,-0.458
3272376,5590,3,GY,1,100,2.228,-3.784,-12.299
"
2026-03-05T00:01:04.629Z,1772668864629,10.168.15.94,3132,"3272376,5591,3,GZ,1,100,1.312,6.439,8.545
3272376,5592,3,MX,1,100,65,64,66
3272376,5593,3,MY,1,100,29,28,28
3272376,5594,3,MZ,1,100,-11,-12,-12
"
2026-03-05T00:01:04.692Z,1772668864692,10.168.15.94,3132,"3272480,5595,4,EM,1,100,RS,RE,PS,MN
"
2026-03-05T00:01:04.718Z,1772668864718,10.168.15.94,3132,"3272480,5595,4,EM,1,100,RS,RE,PS,MN
3272470,5596,2,PI,1,100,149441,149463
3272470,5597,2,PR,1,100,113734,113733
3272470,5598,2,PG,1,100,9717,9708
3272469,5599,2,EA,1,100,0.232648,0.232625
3272469,5600,2,EL,1,100,-13630.200195,-13629.599609
3272395,5601,1,T1,1,100,36.122
3272410,5602,1,TH,1,100,34.934
3272456,5603,2,AX,1,100,0.803,0.810
3272456,5604,2,AY,1,100,0.528,0.557
3272456,5605,2,AZ,1,100,-0.302,-0.344
3272456,5606,2,GX,1,100,-3.693,4.761
3272456,5607,2,GY,1,100,-3.693,-9.094
"
2026-03-05T00:01:04.721Z,1772668864721,10.168.15.94,3132,"3272456,5608,2,GZ,1,100,6.378,1.740
3272456,5609,2,MX,1,100,65,65
3272456,5610,2,MY,1,100,28,28
3272456,5611,2,MZ,1,100,-12,-13
"
2026-03-05T00:01:04.824Z,1772668864824,10.168.15.94,3132,"3272590,5612,3,PI,1,100,149503,149534,149565
3272590,5613,3,PR,1,100,113777,113792,113833
3272590,5614,3,PG,1,100,9730,9750,9759
3272536,5615,1,EA,1,100,0.232547
3272536,5616,1,EL,1,100,-13627.599609
3272529,5617,1,T1,1,100,36.195
3272544,5618,1,TH,1,100,35.077
3272576,5619,3,AX,1,100,0.737,0.726,0.720
3272576,5620,3,AY,1,100,0.538,0.554,0.539
3272576,5621,3,AZ,1,100,-0.344,-0.373,-0.358
3272576,5622,3,GX,1,100,7.721,2.106,1.282
3272576,5623,3,GY,1,100,-6.836,5.005,-1.373
"
2026-03-05T00:01:04.824Z,1772668864824,10.168.15.94,3132,"3272576,5624,3,GZ,1,100,-1.160,-0.519,1.190
3272576,5625,3,MX,1,100,64,64,65
3272576,5626,3,MY,1,100,28,28,28
3272576,5627,3,MZ,1,100,-12,-12,-12
"
2026-03-05T00:01:04.903Z,1772668864903,10.168.15.94,3132,"3272681,5628,4,EM,1,100,RS,RE,PS,MN
"
2026-03-05T00:01:04.931Z,1772668864931,10.168.15.94,3132,"3272681,5628,4,EM,1,100,RS,RE,PS,MN
3272669,5629,1,SF,1,100,3.7094
3272670,5630,2,PI,1,100,149654,149734
3272670,5631,2,PR,1,100,113894,113979
3272670,5632,2,PG,1,100,9755,9787
3272669,5633,2,EA,1,100,0.232509,0.232470
3272669,5634,2,EL,1,100,-13626.599609,-13625.599609
3272662,5635,1,T1,1,100,36.191
3272677,5636,1,TH,1,100,35.070
3272696,5637,3,AX,1,100,0.755,0.777,0.731
3272696,5638,3,AY,1,100,0.537,0.551,0.574
3272696,5639,3,AZ,1,100,-0.372,-0.337,-0.365
3272696,5640,3,GX,1,100,2.106,1.801,1.007
"
2026-03-05T00:01:04.931Z,1772668864931,10.168.15.94,3132,"3272696,5641,3,GY,1,100,-6.439,-6.256,5.432
3272696,5642,3,GZ,1,100,0.793,-2.686,-4.028
3272696,5643,3,MX,1,100,65,66,65
3272696,5644,3,MY,1,100,29,28,28
3272696,5645,3,MZ,1,100,-12,-13,-12
"
2026-03-05T00:01:05.028Z,1772668865028,10.168.15.94,3132,"3272763,5646,2,PI,1,100,149771,149777
3272763,5647,2,PR,1,100,114005,114025
3272763,5648,2,PG,1,100,9815,9800
3272735,5649,1,EA,1,100,0.232439
3272735,5650,1,EL,1,100,-13624.799805
3272795,5651,1,T1,1,100,36.153
3272776,5652,2,AX,1,100,0.730,0.714
3272776,5653,2,AY,1,100,0.553,0.536
3272776,5654,2,AZ,1,100,-0.351,-0.326
3272776,5655,2,GX,1,100,-1.129,-3.082
3272776,5656,2,GY,1,100,3.357,6.073
3272776,5657,2,GZ,1,100,-1.495,0.641
3272776,5658,2,MX,1,100,65,64
3272776,5659,2,MY,1,100,27,28
"
2026-03-05T00:01:05.033Z,1772668865033,10.168.15.94,3132,"3272776,5660,2,MZ,1,100,-12,-11
"
2026-03-05T00:01:05.097Z,1772668865097,10.168.15.94,3132,"3272884,5661,4,EM,1,100,RS,RE,PS,MN
"
2026-03-05T00:01:05.129Z,1772668865129,10.168.15.94,3132,"3272884,5661,4,EM,1,100,RS,RE,PS,MN
3272883,5662,3,PI,1,100,149764,149744,149693
3272883,5663,3,PR,1,100,113993,113985,113964
3272883,5664,3,PG,1,100,9826,9824,9834
3272869,5665,2,EA,1,100,0.232493,0.232323
3272869,5666,2,EL,1,100,-13626.200195,-13621.799805
3272810,5667,1,TH,1,100,34.975
3272896,5668,3,AX,1,100,0.774,0.763,0.740
3272896,5669,3,AY,1,100,0.591,0.591,0.500
3272896,5670,3,AZ,1,100,-0.407,-0.310,-0.302
3272896,5671,3,GX,1,100,4.669,-2.472,-12.787
3272896,5672,3,GY,1,100,0.885,2.319,14.496
"
2026-03-05T00:01:05.130Z,1772668865130,10.168.15.94,3132,"3272896,5673,3,GZ,1,100,-4.211,-10.864,-7.294
3272896,5674,3,MX,1,100,65,66,66
3272896,5675,3,MY,1,100,29,28,29
3272896,5676,3,MZ,1,100,-12,-10,-12
"
2026-03-05T00:01:05.237Z,1772668865237,10.168.15.94,3132,"3272935,5677,1,SF,1,100,3.6665
3272963,5678,2,PI,1,100,149613,149551
3272963,5679,2,PR,1,100,113845,113808
3272963,5680,2,PG,1,100,9834,9815
3272935,5681,1,EA,1,100,0.232439
3272935,5682,1,EL,1,100,-13624.799805
3272929,5683,1,T1,1,100,36.066
3272944,5684,1,TH,1,100,34.975
3272976,5685,2,AX,1,100,0.774,0.673
3272976,5686,2,AY,1,100,0.619,0.574
3272976,5687,2,AZ,1,100,-0.356,-0.286
3272976,5688,2,GX,1,100,-8.881,-10.193
3272976,5689,2,GY,1,100,-3.082,2.930
3272976,5690,2,GZ,1,100,-2.594,0.549
"
2026-03-05T00:01:05.238Z,1772668865238,10.168.15.94,3132,"3272976,5691,2,MX,1,100,66,66
3272976,5692,2,MY,1,100,28,27
3272976,5693,2,MZ,1,100,-11,-11
"
2026-03-05T00:01:05.300Z,1772668865300,10.168.15.94,3132,"3273085,5694,4,EM,1,100,RS,RE,PS,MN
"
2026-03-05T00:01:05.336Z,1772668865336,10.168.15.94,3132,"3273085,5694,4,EM,1,100,RS,RE,PS,MN
3273083,5695,3,PI,1,100,149501,149478,149461
3273083,5696,3,PR,1,100,113769,113735,113725
3273083,5697,3,PG,1,100,9804,9804,9777
3273069,5698,2,EA,1,100,0.232454,0.232462
3273069,5699,2,EL,1,100,-13625.200195,-13625.400391
3273062,5700,1,T1,1,100,36.135
3273077,5701,1,TH,1,100,35.095
3273096,5702,3,AX,1,100,0.750,0.766,0.723
3273096,5703,3,AY,1,100,0.561,0.608,0.589
3273096,5704,3,AZ,1,100,-0.332,-0.334,-0.308
3273096,5705,3,GX,1,100,-6.348,0.427,-1.709
"
2026-03-05T00:01:05.337Z,1772668865337,10.168.15.94,3132,"3273096,5706,3,GY,1,100,4.456,-12.970,-0.336
3273096,5707,3,GZ,1,100,7.172,7.568,6.409
3273096,5708,3,MX,1,100,67,66,66
3273096,5709,3,MY,1,100,29,28,28
3273096,5710,3,MZ,1,100,-12,-10,-11
"
2026-03-05T00:01:05.442Z,1772668865442,10.168.15.94,3132,"3273163,5711,2,PI,1,100,149465,149438
3273163,5712,2,PR,1,100,113701,113692
3273163,5713,2,PG,1,100,9793,9786
3273135,5714,1,EA,1,100,0.232354
3273135,5715,1,EL,1,100,-13622.599609
3273195,5716,1,T1,1,100,36.058
3273176,5717,2,AX,1,100,0.773,0.806
3273176,5718,2,AY,1,100,0.541,0.558
3273176,5719,2,AZ,1,100,-0.340,-0.334
3273176,5720,2,GX,1,100,-0.061,0.183
3273176,5721,2,GY,1,100,0.397,-8.545
3273176,5722,2,GZ,1,100,9.674,8.087
3273176,5723,2,MX,1,100,66,66
3273176,5724,2,MY,1,100,29,28
"
2026-03-05T00:01:05.443Z,1772668865443,10.168.15.94,3132,"3273176,5725,2,MZ,1,100,-11,-10
"
2026-03-05T00:01:05.511Z,1772668865511,10.168.15.94,3132,"3273286,5726,4,EM,1,100,RS,RE,PS,MN
"
2026-03-05T00:01:05.532Z,1772668865532,10.168.15.94,3132,"3273286,5726,4,EM,1,100,RS,RE,PS,MN
3273269,5727,1,SF,1,100,3.6241
3273283,5728,3,PI,1,100,149436,149431,149441
3273283,5729,3,PR,1,100,113676,113686,113692
3273283,5730,3,PG,1,100,9786,9782,9777
3273269,5731,2,EA,1,100,0.232400,0.232485
3273269,5732,2,EL,1,100,-13623.799805,-13626.000000
3273210,5733,1,TH,1,100,35.102
3273296,5734,3,AX,1,100,0.775,0.754,0.710
3273296,5735,3,AY,1,100,0.517,0.542,0.557
3273296,5736,3,AZ,1,100,-0.322,-0.346,-0.319
3273296,5737,3,GX,1,100,-2.930,-3.052,-6.256
"
2026-03-05T00:01:05.538Z,1772668865538,10.168.15.94,3132,"3273296,5738,3,GY,1,100,-1.373,3.693,6.592
3273296,5739,3,GZ,1,100,2.380,-0.916,1.770
3273296,5740,3,MX,1,100,64,66,65
3273296,5741,3,MY,1,100,28,28,29
3273296,5742,3,MZ,1,100,-12,-11,-9
"
2026-03-05T00:01:05.633Z,1772668865633,10.168.15.94,3132,"3273403,5743,3,PI,1,100,149432,149421,149416
3273403,5744,3,PR,1,100,113670,113669,113667
3273403,5745,3,PG,1,100,9792,9783,9787
3273402,5746,2,EA,1,100,0.232547,0.232524
3273402,5747,2,EL,1,100,-13627.599609,-13627.000000
3273329,5748,1,T1,1,100,36.132
3273343,5749,1,TH,1,100,34.964
3273376,5750,2,AX,1,100,0.686,0.796
3273376,5751,2,AY,1,100,0.517,0.503
3273376,5752,2,AZ,1,100,-0.268,-0.331
3273376,5753,2,GX,1,100,-3.357,3.296
3273376,5754,2,GY,1,100,1.038,-3.326
3273376,5755,2,GZ,1,100,5.280,10.559
"
2026-03-05T00:01:05.634Z,1772668865634,10.168.15.94,3132,"3273376,5756,2,MX,1,100,65,65
3273376,5757,2,MY,1,100,29,29
3273376,5758,2,MZ,1,100,-10,-11
"
2026-03-05T00:01:05.702Z,1772668865702,10.168.15.94,3132,"3273487,5759,4,EM,1,100,RS,RE,PS,MN
"
2026-03-05T00:01:05.733Z,1772668865733,10.168.15.94,3132,"3273487,5759,4,EM,1,100,RS,RE,PS,MN
3273483,5760,2,PI,1,100,149445,149456
3273483,5761,2,PR,1,100,113678,113698
3273483,5762,2,PG,1,100,9807,9800
3273469,5763,1,EA,1,100,0.232439
3273469,5764,1,EL,1,100,-13624.799805
3273462,5765,1,T1,1,100,36.128
3273477,5766,1,TH,1,100,34.964
3273496,5767,3,AX,1,100,0.798,0.816,0.772
3273496,5768,3,AY,1,100,0.580,0.604,0.515
3273496,5769,3,AZ,1,100,-0.353,-0.335,-0.320
3273496,5770,3,GX,1,100,8.392,4.333,-3.998
3273496,5771,3,GY,1,100,-14.435,-4.089,9.735
"
2026-03-05T00:01:05.735Z,1772668865735,10.168.15.94,3132,"3273496,5772,3,GZ,1,100,7.294,1.892,-2.167
3273496,5773,3,MX,1,100,64,64,64
3273496,5774,3,MY,1,100,29,28,30
3273496,5775,3,MZ,1,100,-11,-12,-11
"
2026-03-05T00:01:05.853Z,1772668865853,10.168.15.94,3132,"3273563,5776,1,BI,1,100,1240
3273563,5777,1,HR,1,100,34.68
3273602,5778,1,SF,1,100,3.5822
3273603,5779,3,PI,1,100,149457,149438,149404
3273603,5780,3,PR,1,100,113677,113658,113661
3273603,5781,3,PG,1,100,9785,9782,9777
3273602,5782,2,EA,1,100,0.232516,0.232586
3273602,5783,2,EL,1,100,-13626.799805,-13628.599609
3273595,5784,1,T1,1,100,36.126
3273610,5785,1,TH,1,100,35.100
3273576,5786,2,AX,1,100,0.799,0.708
3273576,5787,2,AY,1,100,0.467,0.550
3273576,5788,2,AZ,1,100,-0.268,-0.347
"
2026-03-05T00:01:05.855Z,1772668865855,10.168.15.94,3132,"3273576,5789,2,GX,1,100,-5.829,-4.028
3273576,5790,2,GY,1,100,5.066,10.956
3273576,5791,2,GZ,1,100,-4.669,0.946
3273576,5792,2,MX,1,100,66,64
3273576,5793,2,MY,1,100,30,30
3273576,5794,2,MZ,1,100,-9,-11
"
2026-03-05T00:01:05.900Z,1772668865900,10.168.15.94,3132,"3273688,5795,4,EM,1,100,RS,RE,PS,MN
"
2026-03-05T00:01:05.932Z,1772668865932,10.168.15.94,3132,"3273688,5795,4,EM,1,100,RS,RE,PS,MN
3273683,5796,2,PI,1,100,149378,149392
3273683,5797,2,PR,1,100,113644,113649
3273683,5798,2,PG,1,100,9767,9756
3273669,5799,1,EA,1,100,0.232454
3273669,5800,1,EL,1,100,-13625.200195
3273696,5801,3,AX,1,100,0.773,0.767,0.815
3273696,5802,3,AY,1,100,0.542,0.535,0.581
3273696,5803,3,AZ,1,100,-0.277,-0.302,-0.322
3273696,5804,3,GX,1,100,-3.815,-0.214,8.423
3273696,5805,3,GY,1,100,1.740,-1.129,-3.418
3273696,5806,3,GZ,1,100,5.035,1.953,-4.028
3273696,5807,3,MX,1,100,64,64,65
"
2026-03-05T00:01:05.935Z,1772668865935,10.168.15.94,3132,"3273696,5808,3,MY,1,100,31,30,29
3273696,5809,3,MZ,1,100,-10,-9,-11
"
2026-03-05T00:01:06.064Z,1772668866064,10.168.15.94,3132,"3273803,5810,3,PI,1,100,149393,149399,149348
3273803,5811,3,PR,1,100,113651,113636,113639
3273803,5812,3,PG,1,100,9771,9765,9749
3273802,5813,2,EA,1,100,0.232339,0.232509
3273802,5814,2,EL,1,100,-13622.200195,-13626.599609
3273729,5815,1,T1,1,100,36.267
3273743,5816,1,TH,1,100,35.100
3273776,5817,2,AX,1,100,0.748,0.759
3273776,5818,2,AY,1,100,0.477,0.478
3273776,5819,2,AZ,1,100,-0.326,-0.296
3273776,5820,2,GX,1,100,5.310,2.960
3273776,5821,2,GY,1,100,1.862,1.404
3273776,5822,2,GZ,1,100,-7.019,-5.157
"
2026-03-05T00:01:06.064Z,1772668866064,10.168.15.94,3132,"3273776,5823,2,MX,1,100,65,65
3273776,5824,2,MY,1,100,28,29
3273776,5825,2,MZ,1,100,-10,-10
"
2026-03-05T00:01:06.106Z,1772668866106,10.168.15.94,3132,"3273889,5826,4,EM,1,100,RS,RE,PS,MN
"
2026-03-05T00:01:06.138Z,1772668866138,10.168.15.94,3132,"3273889,5826,4,EM,1,100,RS,RE,PS,MN
3273883,5827,2,PI,1,100,149343,149329
3273883,5828,2,PR,1,100,113612,113617
3273883,5829,2,PG,1,100,9762,9752
3273869,5830,1,EA,1,100,0.232462
3273869,5831,1,EL,1,100,-13625.400391
3273862,5832,1,T1,1,100,36.293
3273877,5833,1,TH,1,100,34.915
3273896,5834,3,AX,1,100,0.730,0.784,0.768
3273896,5835,3,AY,1,100,0.518,0.577,0.610
3273896,5836,3,AZ,1,100,-0.328,-0.306,-0.348
3273896,5837,3,GX,1,100,3.143,3.448,6.500
3273896,5838,3,GY,1,100,5.463,-3.906,-1.434
"
2026-03-05T00:01:06.139Z,1772668866139,10.168.15.94,3132,"3273896,5839,3,GZ,1,100,1.282,4.761,2.808
3273896,5840,3,MX,1,100,65,66,65
3273896,5841,3,MY,1,100,29,29,29
3273896,5842,3,MZ,1,100,-10,-11,-12
"
2026-03-05T00:01:06.257Z,1772668866257,10.168.15.94,3132,"3274002,5843,1,SF,1,100,3.5407
3274003,5844,3,PI,1,100,149328,149343,149335
3274003,5845,3,PR,1,100,113609,113594,113588
3274003,5846,3,PG,1,100,9760,9763,9753
3274002,5847,2,EA,1,100,0.232346,0.232431
3274002,5848,2,EL,1,100,-13622.400391,-13624.599609
3273995,5849,1,T1,1,100,36.127
3274010,5850,1,TH,1,100,34.915
3273976,5851,2,AX,1,100,0.783,0.798
3273976,5852,2,AY,1,100,0.538,0.554
3273976,5853,2,AZ,1,100,-0.309,-0.323
3273976,5854,2,GX,1,100,4.547,1.190
3273976,5855,2,GY,1,100,-5.402,-1.556
"
2026-03-05T00:01:06.257Z,1772668866257,10.168.15.94,3132,"3273976,5856,2,GZ,1,100,-2.075,-6.134
3273976,5857,2,MX,1,100,65,65
3273976,5858,2,MY,1,100,28,29
3273976,5859,2,MZ,1,100,-11,-11
"
2026-03-05T00:01:06.302Z,1772668866302,10.168.15.94,3132,"3274090,5860,4,EM,1,100,RS,RE,PS,MN
"
2026-03-05T00:01:06.341Z,1772668866341,10.168.15.94,3132,"3274090,5860,4,EM,1,100,RS,RE,PS,MN
3274083,5861,2,PI,1,100,149313,149288
3274083,5862,2,PR,1,100,113596,113560
3274083,5863,2,PG,1,100,9752,9728
3274069,5864,1,EA,1,100,0.232285
3274069,5865,1,EL,1,100,-13620.799805
3274096,5866,3,AX,1,100,0.757,0.700,0.781
3274096,5867,3,AY,1,100,0.528,0.569,0.564
3274096,5868,3,AZ,1,100,-0.304,-0.333,-0.329
3274096,5869,3,GX,1,100,0.366,2.228,1.923
3274096,5870,3,GY,1,100,3.296,12.909,0.092
3274096,5871,3,GZ,1,100,-5.554,3.113,6.012
3274096,5872,3,MX,1,100,65,65,64
"
2026-03-05T00:01:06.342Z,1772668866342,10.168.15.94,3132,"3274096,5873,3,MY,1,100,30,30,29
3274096,5874,3,MZ,1,100,-11,-12,-10
"
2026-03-05T00:01:06.447Z,1772668866447,10.168.15.94,3132,"3274203,5875,3,PI,1,100,149267,149248,149261
3274203,5876,3,PR,1,100,113551,113556,113540
3274203,5877,3,PG,1,100,9697,9706,9701
3274202,5878,2,EA,1,100,0.232223,0.232285
3274202,5879,2,EL,1,100,-13619.200195,-13620.799805
3274129,5880,1,T1,1,100,36.197
3274143,5881,1,TH,1,100,35.028
3274216,5882,3,AX,1,100,0.800,0.788,0.770
3274216,5883,3,AY,1,100,0.582,0.538,0.480
3274216,5884,3,AZ,1,100,-0.306,-0.316,-0.306
3274216,5885,3,GX,1,100,0.305,-1.129,-2.655
3274216,5886,3,GY,1,100,-7.324,-3.113,4.181
"
2026-03-05T00:01:06.448Z,1772668866448,10.168.15.94,3132,"3274216,5887,3,GZ,1,100,1.617,-3.174,-5.859
3274216,5888,3,MX,1,100,65,64,64
3274216,5889,3,MY,1,100,29,28,30
3274216,5890,3,MZ,1,100,-12,-11,-12
"
2026-03-05T00:01:06.503Z,1772668866503,10.168.15.94,3132,"3274291,5891,4,EM,1,100,RS,RE,PS,MN
"
2026-03-05T00:01:06.543Z,1772668866543,10.168.15.94,3132,"3274291,5891,4,EM,1,100,RS,RE,PS,MN
3274269,5892,1,SF,1,100,3.4998
3274283,5893,2,PI,1,100,149218,149222
3274283,5894,2,PR,1,100,113538,113512
3274283,5895,2,PG,1,100,9678,9685
3274269,5896,1,EA,1,100,0.232385
3274269,5897,1,EL,1,100,-13623.400391
3274262,5898,1,T1,1,100,36.298
3274277,5899,1,TH,1,100,35.028
3274296,5900,2,AX,1,100,0.727,0.749
3274296,5901,2,AY,1,100,0.571,0.589
3274296,5902,2,AZ,1,100,-0.337,-0.312
3274296,5903,2,GX,1,100,-3.357,-2.411
3274296,5904,2,GY,1,100,3.448,-4.547
"
2026-03-05T00:01:06.544Z,1772668866544,10.168.15.94,3132,"3274296,5905,2,GZ,1,100,4.120,11.017
3274296,5906,2,MX,1,100,65,64
3274296,5907,2,MY,1,100,29,30
3274296,5908,2,MZ,1,100,-11,-12
"
2026-03-05T00:01:06.647Z,1772668866647,10.168.15.94,3132,"3274403,5909,3,PI,1,100,149248,149255,149272
3274403,5910,3,PR,1,100,113515,113499,113538
3274403,5911,3,PG,1,100,9685,9669,9663
3274402,5912,2,EA,1,100,0.232153,0.232277
3274402,5913,2,EL,1,100,-13617.400391,-13620.599609
3274395,5914,1,T1,1,100,36.200
3274410,5915,1,TH,1,100,35.000
3274416,5916,3,AX,1,100,0.866,0.787,0.740
3274416,5917,3,AY,1,100,0.543,0.508,0.396
3274416,5918,3,AZ,1,100,-0.305,-0.301,-0.292
3274416,5919,3,GX,1,100,-0.305,3.693,6.470
3274416,5920,3,GY,1,100,-10.254,0.458,3.357
"
2026-03-05T00:01:06.648Z,1772668866648,10.168.15.94,3132,"3274416,5921,3,GZ,1,100,6.714,-8.942,-13.763
3274416,5922,3,MX,1,100,65,64,65
3274416,5923,3,MY,1,100,29,28,29
3274416,5924,3,MZ,1,100,-11,-12,-11
"
2026-03-05T00:01:06.704Z,1772668866704,10.168.15.94,3132,"3274492,5925,4,EM,1,100,RS,RE,PS,MN
"
2026-03-05T00:01:06.743Z,1772668866743,10.168.15.94,3132,"3274492,5925,4,EM,1,100,RS,RE,PS,MN
3274483,5926,2,PI,1,100,149316,149303
3274483,5927,2,PR,1,100,113556,113556
3274483,5928,2,PG,1,100,9681,9688
3274469,5929,1,EA,1,100,0.232431
3274469,5930,1,EL,1,100,-13624.599609
3274496,5931,2,AX,1,100,0.649,0.840
3274496,5932,2,AY,1,100,0.659,0.582
3274496,5933,2,AZ,1,100,-0.369,-0.338
3274496,5934,2,GX,1,100,8.087,3.235
3274496,5935,2,GY,1,100,12.207,-3.937
3274496,5936,2,GZ,1,100,4.303,21.240
3274496,5937,2,MX,1,100,65,64
3274496,5938,2,MY,1,100,30,31
"
2026-03-05T00:01:06.744Z,1772668866744,10.168.15.94,3132,"3274496,5939,2,MZ,1,100,-11,-12
"
2026-03-05T00:01:06.854Z,1772668866854,10.168.15.94,3132,"3274602,5940,1,SF,1,100,3.4593
3274603,5941,3,PI,1,100,149328,149377,149399
3274603,5942,3,PR,1,100,113588,113608,113624
3274603,5943,3,PG,1,100,9695,9712,9692
3274602,5944,2,EA,1,100,0.232354,0.232285
3274602,5945,2,EL,1,100,-13622.599609,-13620.799805
3274528,5946,1,T1,1,100,36.299
3274543,5947,1,TH,1,100,35.000
3274616,5948,3,AX,1,100,0.820,0.770,0.741
3274616,5949,3,AY,1,100,0.525,0.526,0.440
3274616,5950,3,AZ,1,100,-0.310,-0.322,-0.320
3274616,5951,3,GX,1,100,-1.007,-0.275,0.458
"
2026-03-05T00:01:06.855Z,1772668866855,10.168.15.94,3132,"3274616,5952,3,GY,1,100,-21.149,1.526,5.188
3274616,5953,3,GZ,1,100,7.904,-13.031,-10.895
3274616,5954,3,MX,1,100,63,63,64
3274616,5955,3,MY,1,100,29,29,31
3274616,5956,3,MZ,1,100,-12,-12,-12
"
2026-03-05T00:01:06.912Z,1772668866912,10.168.15.94,3132,"3274693,5957,4,EM,1,100,RS,RE,PS,MN
"
2026-03-05T00:01:06.953Z,1772668866953,10.168.15.94,3132,"3274693,5957,4,EM,1,100,RS,RE,PS,MN
3274683,5958,2,PI,1,100,149366,149381
3274683,5959,2,PR,1,100,113639,113650
3274683,5960,2,PG,1,100,9689,9681
3274669,5961,1,EA,1,100,0.232277
3274669,5962,1,EL,1,100,-13620.599609
3274662,5963,1,T1,1,100,36.236
3274677,5964,1,TH,1,100,35.018
3274696,5965,2,AX,1,100,0.697,0.805
3274696,5966,2,AY,1,100,0.606,0.556
3274696,5967,2,AZ,1,100,-0.376,-0.311
3274696,5968,2,GX,1,100,-0.031,-2.777
3274696,5969,2,GY,1,100,8.881,1.709
3274696,5970,2,GZ,1,100,6.195,12.878
"
2026-03-05T00:01:06.953Z,1772668866953,10.168.15.94,3132,"3274696,5971,2,MX,1,100,65,64
3274696,5972,2,MY,1,100,29,30
3274696,5973,2,MZ,1,100,-11,-11
"
2026-03-05T00:01:07.050Z,1772668867050,10.168.15.94,3132,"3274817,5974,3,PI,1,100,149369,149423,149421
3274817,5975,3,PR,1,100,113636,113673,113685
3274817,5976,3,PG,1,100,9670,9678,9680
3274802,5977,2,EA,1,100,0.232215,0.232308
3274802,5978,2,EL,1,100,-13619.000000,-13621.400391
3274795,5979,1,T1,1,100,36.173
3274810,5980,1,TH,1,100,35.018
3274817,5981,3,AX,1,100,0.875,0.786,0.691
3274817,5982,3,AY,1,100,0.505,0.511,0.573
3274817,5983,3,AZ,1,100,-0.320,-0.322,-0.312
3274817,5984,3,GX,1,100,1.129,5.280,-0.336
3274817,5985,3,GY,1,100,-15.320,2.899,22.430
"
2026-03-05T00:01:07.051Z,1772668867051,10.168.15.94,3132,"3274817,5986,3,GZ,1,100,0.671,-15.472,-12.512
3274817,5987,3,MX,1,100,64,65,64
3274817,5988,3,MY,1,100,29,29,30
3274817,5989,3,MZ,1,100,-12,-11,-11
"
2026-03-05T00:01:07.112Z,1772668867112,10.168.15.94,3132,"3274898,5990,4,EM,1,100,RS,RE,PS,MN
"
2026-03-05T00:01:07.151Z,1772668867151,10.168.15.94,3132,"3274898,5990,4,EM,1,100,RS,RE,PS,MN
3274897,5991,2,PI,1,100,149373,149341
3274897,5992,2,PR,1,100,113647,113631
3274897,5993,2,PG,1,100,9677,9663
3274869,5994,1,EA,1,100,0.232246
3274869,5995,1,EL,1,100,-13619.799805
3274897,5996,2,AX,1,100,0.693,0.798
3274897,5997,2,AY,1,100,0.567,0.565
3274897,5998,2,AZ,1,100,-0.381,-0.276
3274897,5999,2,GX,1,100,1.770,-7.629
3274897,6000,2,GY,1,100,17.700,-14.526
3274897,6001,2,GZ,1,100,4.639,9.888
3274897,6002,2,MX,1,100,64,64
3274897,6003,2,MY,1,100,30,30
"
2026-03-05T00:01:07.158Z,1772668867158,10.168.15.94,3132,"3274897,6004,2,MZ,1,100,-10,-11
"
2026-03-05T00:01:07.257Z,1772668867257,10.168.15.94,3132,"3275002,6005,1,SF,1,100,3.4193
3275017,6006,3,PI,1,100,149361,149381,149395
3275017,6007,3,PR,1,100,113656,113652,113649
3275017,6008,3,PG,1,100,9666,9671,9663
3275002,6009,2,EA,1,100,0.232184,0.232238
3275002,6010,2,EL,1,100,-13618.200195,-13619.599609
3274929,6011,1,T1,1,100,36.075
3274943,6012,1,TH,1,100,35.013
3275017,6013,3,AX,1,100,0.802,0.777,0.733
3275017,6014,3,AY,1,100,0.582,0.513,0.468
3275017,6015,3,AZ,1,100,-0.317,-0.319,-0.302
3275017,6016,3,GX,1,100,-3.815,2.441,2.014
"
2026-03-05T00:01:07.258Z,1772668867258,10.168.15.94,3132,"3275017,6017,3,GY,1,100,-1.953,-5.432,1.129
3275017,6018,3,GZ,1,100,-0.519,-12.054,-8.728
3275017,6019,3,MX,1,100,65,65,64
3275017,6020,3,MY,1,100,30,29,30
3275017,6021,3,MZ,1,100,-11,-12,-11
"
2026-03-05T00:01:07.312Z,1772668867312,10.168.15.94,3132,"3275098,6022,4,EM,1,100,RS,RE,PS,MN
"
2026-03-05T00:01:07.358Z,1772668867358,10.168.15.94,3132,"3275098,6022,4,EM,1,100,RS,RE,PS,MN
3275057,6023,1,BI,1,100,1480
3275057,6024,1,HR,1,100,35.98
3275097,6025,2,PI,1,100,149399,149420
3275097,6026,2,PR,1,100,113681,113673
3275097,6027,2,PG,1,100,9675,9673
3275069,6028,1,EA,1,100,0.232362
3275069,6029,1,EL,1,100,-13622.799805
3275062,6030,1,T1,1,100,36.245
3275077,6031,1,TH,1,100,35.013
3275097,6032,2,AX,1,100,0.704,0.804
3275097,6033,2,AY,1,100,0.585,0.592
3275097,6034,2,AZ,1,100,-0.378,-0.313
3275097,6035,2,GX,1,100,5.219,-4.425
"
2026-03-05T00:01:07.359Z,1772668867359,10.168.15.94,3132,"3275097,6036,2,GY,1,100,7.507,-7.446
3275097,6037,2,GZ,1,100,8.514,16.846
3275097,6038,2,MX,1,100,64,64
3275097,6039,2,MY,1,100,30,30
3275097,6040,2,MZ,1,100,-11,-10
"
2026-03-05T00:01:07.461Z,1772668867461,10.168.15.94,3132,"3275217,6041,3,PI,1,100,149375,149382,149409
3275217,6042,3,PR,1,100,113658,113649,113694
3275217,6043,3,PG,1,100,9661,9653,9641
3275202,6044,2,EA,1,100,0.232246,0.232285
3275202,6045,2,EL,1,100,-13619.799805,-13620.799805
3275195,6046,1,T1,1,100,36.212
3275210,6047,1,TH,1,100,35.033
3275217,6048,3,AX,1,100,0.797,0.842,0.681
3275217,6049,3,AY,1,100,0.485,0.495,0.558
3275217,6050,3,AZ,1,100,-0.297,-0.317,-0.347
3275217,6051,3,GX,1,100,-3.967,5.157,5.859
3275217,6052,3,GY,1,100,-4.883,-9.613,2.075
"
2026-03-05T00:01:07.462Z,1772668867462,10.168.15.94,3132,"3275217,6053,3,GZ,1,100,6.378,-7.324,-7.416
3275217,6054,3,MX,1,100,64,64,64
3275217,6055,3,MY,1,100,30,30,30
3275217,6056,3,MZ,1,100,-10,-12,-11
"
2026-03-05T00:01:07.520Z,1772668867520,10.168.15.94,3132,"3275299,6057,4,EM,1,100,RS,RE,PS,MN
"
2026-03-05T00:01:07.559Z,1772668867559,10.168.15.94,3132,"3275299,6057,4,EM,1,100,RS,RE,PS,MN
3275269,6058,1,SF,1,100,3.3797
3275297,6059,2,PI,1,100,149405,149408
3275297,6060,2,PR,1,100,113693,113682
3275297,6061,2,PG,1,100,9626,9618
3275269,6062,1,EA,1,100,0.232285
3275269,6063,1,EL,1,100,-13620.799805
3275328,6064,1,T1,1,100,36.234
3275297,6065,2,AX,1,100,0.805,0.788
3275297,6066,2,AY,1,100,0.547,0.558
3275297,6067,2,AZ,1,100,-0.330,-0.303
3275297,6068,2,GX,1,100,2.380,-1.801
3275297,6069,2,GY,1,100,8.423,-10.559
3275297,6070,2,GZ,1,100,8.911,8.606
"
2026-03-05T00:01:07.561Z,1772668867561,10.168.15.94,3132,"3275297,6071,2,MX,1,100,63,63
3275297,6072,2,MY,1,100,30,29
3275297,6073,2,MZ,1,100,-12,-12
"
2026-03-05T00:01:07.661Z,1772668867661,10.168.15.94,3132,"3275417,6074,3,PI,1,100,149434,149423,149414
3275417,6075,3,PR,1,100,113703,113702,113698
3275417,6076,3,PG,1,100,9632,9623,9618
3275402,6077,2,EA,1,100,0.232215,0.232339
3275402,6078,2,EL,1,100,-13619.000000,-13622.200195
3275343,6079,1,TH,1,100,35.033
3275417,6080,3,AX,1,100,0.820,0.765,0.680
3275417,6081,3,AY,1,100,0.524,0.443,0.592
3275417,6082,3,AZ,1,100,-0.309,-0.304,-0.413
3275417,6083,3,GX,1,100,2.563,4.883,10.529
3275417,6084,3,GY,1,100,1.373,-0.580,13.611
"
2026-03-05T00:01:07.661Z,1772668867661,10.168.15.94,3132,"3275417,6085,3,GZ,1,100,-6.134,-13.153,-2.075
3275417,6086,3,MX,1,100,64,65,64
3275417,6087,3,MY,1,100,30,30,30
3275417,6088,3,MZ,1,100,-12,-12,-12
"
2026-03-05T00:01:07.711Z,1772668867711,10.168.15.94,3132,"3275500,6089,4,EM,1,100,RS,RE,PS,MN
"
2026-03-05T00:01:07.758Z,1772668867758,10.168.15.94,3132,"3275500,6089,4,EM,1,100,RS,RE,PS,MN
3275497,6090,2,PI,1,100,149426,149461
3275497,6091,2,PR,1,100,113704,113713
3275497,6092,2,PG,1,100,9612,9626
3275469,6093,1,EA,1,100,0.232207
3275469,6094,1,EL,1,100,-13618.799805
3275462,6095,1,T1,1,100,36.278
3275477,6096,1,TH,1,100,35.007
3275497,6097,2,AX,1,100,0.772,0.828
3275497,6098,2,AY,1,100,0.638,0.499
3275497,6099,2,AZ,1,100,-0.323,-0.277
3275497,6100,2,GX,1,100,1.678,-5.859
3275497,6101,2,GY,1,100,-5.951,-6.714
3275497,6102,2,GZ,1,100,10.376,3.235
"
2026-03-05T00:01:07.762Z,1772668867762,10.168.15.94,3132,"3275497,6103,2,MX,1,100,63,63
3275497,6104,2,MY,1,100,30,30
3275497,6105,2,MZ,1,100,-11,-12
"
2026-03-05T00:01:07.862Z,1772668867862,10.168.15.94,3132,"3275602,6106,1,SF,1,100,3.3406
3275617,6107,3,PI,1,100,149501,149561,149545
3275617,6108,3,PR,1,100,113736,113766,113759
3275617,6109,3,PG,1,100,9619,9626,9655
3275602,6110,2,EA,1,100,0.232130,0.232339
3275602,6111,2,EL,1,100,-13616.799805,-13622.200195
3275595,6112,1,T1,1,100,36.298
3275610,6113,1,TH,1,100,35.007
3275617,6114,3,AX,1,100,0.786,0.689,0.771
3275617,6115,3,AY,1,100,0.508,0.577,0.617
3275617,6116,3,AZ,1,100,-0.295,-0.352,-0.365
3275617,6117,3,GX,1,100,-2.136,-0.244,-0.183
"
2026-03-05T00:01:07.863Z,1772668867863,10.168.15.94,3132,"3275617,6118,3,GY,1,100,-3.174,8.118,3.723
3275617,6119,3,GZ,1,100,-12.451,-7.477,10.376
3275617,6120,3,MX,1,100,64,64,64
3275617,6121,3,MY,1,100,29,30,30
3275617,6122,3,MZ,1,100,-12,-11,-11
"
2026-03-05T00:01:07.913Z,1772668867913,10.168.15.94,3132,"3275701,6123,4,EM,1,100,RS,RE,PS,MN
"
2026-03-05T00:01:07.988Z,1772668867988,10.168.15.94,3132,"3275701,6123,4,EM,1,100,RS,RE,PS,MN
3275697,6124,2,PI,1,100,149542,149557
3275697,6125,2,PR,1,100,113746,113772
3275697,6126,2,PG,1,100,9654,9648
3275669,6127,1,EA,1,100,0.232254
3275669,6128,1,EL,1,100,-13620.000000
3275728,6129,1,T1,1,100,36.129
3275697,6130,2,AX,1,100,0.824,0.790
3275697,6131,2,AY,1,100,0.541,0.502
3275697,6132,2,AZ,1,100,-0.312,-0.323
3275697,6133,2,GX,1,100,-1.404,-1.068
3275697,6134,2,GY,1,100,-9.613,-3.021
3275697,6135,2,GZ,1,100,5.310,-15.076
3275697,6136,2,MX,1,100,64,64
"
2026-03-05T00:01:07.989Z,1772668867989,10.168.15.94,3132,"3275697,6137,2,MY,1,100,29,28
3275697,6138,2,MZ,1,100,-12,-12
"
2026-03-05T00:01:08.082Z,1772668868082,10.168.15.94,3132,"3275817,6139,3,PI,1,100,149581,149567,149577
3275817,6140,3,PR,1,100,113774,113808,113786
3275817,6141,3,PG,1,100,9634,9631,9617
3275802,6142,2,EA,1,100,0.232200,0.232269
3275802,6143,2,EL,1,100,-13618.599609,-13620.400391
3275743,6144,1,TH,1,100,34.990
3275817,6145,3,AX,1,100,0.695,0.675,0.817
3275817,6146,3,AY,1,100,0.403,0.549,0.608
3275817,6147,3,AZ,1,100,-0.321,-0.394,-0.315
3275817,6148,3,GX,1,100,-2.869,2.472,-3.967
3275817,6149,3,GY,1,100,7.538,10.773,-6.134
"
2026-03-05T00:01:08.082Z,1772668868082,10.168.15.94,3132,"3275817,6150,3,GZ,1,100,-14.557,4.150,11.566
3275817,6151,3,MX,1,100,66,64,64
3275817,6152,3,MY,1,100,28,29,29
3275817,6153,3,MZ,1,100,-10,-11,-12
"
2026-03-05T00:01:08.113Z,1772668868113,10.168.15.94,3132,"3275902,6154,4,EM,1,100,RS,RE,PS,MN
"
2026-03-05T00:01:08.171Z,1772668868171,10.168.15.94,3132,"3275902,6154,4,EM,1,100,RS,RE,PS,MN
3275935,6155,1,SF,1,100,3.3020
3275937,6156,3,PI,1,100,149599,149592,149598
3275937,6157,3,PR,1,100,113786,113763,113773
3275937,6158,3,PG,1,100,9625,9631,9631
3275935,6159,2,EA,1,100,0.232323,0.232400
3275935,6160,2,EL,1,100,-13621.799805,-13623.799805
3275862,6161,1,T1,1,100,36.127
3275877,6162,1,TH,1,100,34.990
3275937,6163,3,AX,1,100,0.804,0.754,0.666
3275937,6164,3,AY,1,100,0.545,0.405,0.651
3275937,6165,3,AZ,1,100,-0.300,-0.281,-0.361
"
2026-03-05T00:01:08.172Z,1772668868172,10.168.15.94,3132,"3275937,6166,3,GX,1,100,-3.815,3.326,5.127
3275937,6167,3,GY,1,100,-7.263,0.488,9.705
3275937,6168,3,GZ,1,100,-1.526,-14.832,0.549
3275937,6169,3,MX,1,100,66,66,65
3275937,6170,3,MY,1,100,30,28,30
3275937,6171,3,MZ,1,100,-11,-10,-11
3275901,6172,1,BV,1,100,3.89
3275901,6173,1,B%,1,100,75
"
2026-03-05T00:01:08.265Z,1772668868265,10.168.15.94,3132,"3276017,6174,2,PI,1,100,149599,149608
3276017,6175,2,PR,1,100,113771,113754
3276017,6176,2,PG,1,100,9612,9623
3276002,6177,1,EA,1,100,0.232431
3276002,6178,1,EL,1,100,-13624.599609
3275995,6179,1,T1,1,100,36.161
3276010,6180,1,TH,1,100,35.066
3276017,6181,2,AX,1,100,0.807,0.815
3276017,6182,2,AY,1,100,0.578,0.589
3276017,6183,2,AZ,1,100,-0.329,-0.356
3276017,6184,2,GX,1,100,8.759,10.681
3276017,6185,2,GY,1,100,-3.204,-15.930
3276017,6186,2,GZ,1,100,12.573,1.251
3276017,6187,2,MX,1,100,65,64
"
2026-03-05T00:01:08.269Z,1772668868269,10.168.15.94,3132,"3276017,6188,2,MY,1,100,29,28
3276017,6189,2,MZ,1,100,-12,-13
"
2026-03-05T00:01:08.316Z,1772668868316,10.168.15.94,3132,"3276103,6190,4,EM,1,100,RS,RE,PS,MN
"
2026-03-05T00:01:08.375Z,1772668868375,10.168.15.94,3132,"3276103,6190,4,EM,1,100,RS,RE,PS,MN
3276137,6191,3,PI,1,100,149666,149665,149663
3276137,6192,3,PR,1,100,113776,113814,113769
3276137,6193,3,PG,1,100,9626,9633,9635
3276135,6194,2,EA,1,100,0.232354,0.232454
3276135,6195,2,EL,1,100,-13622.599609,-13625.200195
3276128,6196,1,T1,1,100,36.176
3276143,6197,1,TH,1,100,35.066
3276137,6198,3,AX,1,100,0.797,0.679,0.704
3276137,6199,3,AY,1,100,0.521,0.461,0.564
3276137,6200,3,AZ,1,100,-0.349,-0.330,-0.381
3276137,6201,3,GX,1,100,7.263,-0.183,2.167
"
2026-03-05T00:01:08.391Z,1772668868391,10.168.15.94,3132,"3276137,6202,3,GY,1,100,-3.113,7.935,8.453
3276137,6203,3,GZ,1,100,-10.406,-8.301,6.744
3276137,6204,3,MX,1,100,64,64,64
3276137,6205,3,MY,1,100,29,30,29
3276137,6206,3,MZ,1,100,-12,-12,-12
"
2026-03-05T00:01:08.468Z,1772668868468,10.168.15.94,3132,"3276216,6207,2,PI,1,100,149667,149688
3276216,6208,2,PR,1,100,113775,113775
3276216,6209,2,PG,1,100,9639,9639
3276202,6210,1,EA,1,100,0.232331
3276202,6211,1,EL,1,100,-13622.000000
3276217,6212,2,AX,1,100,0.794,0.825
3276217,6213,2,AY,1,100,0.603,0.562
3276217,6214,2,AZ,1,100,-0.342,-0.302
3276217,6215,2,GX,1,100,-2.594,-4.425
3276217,6216,2,GY,1,100,-6.836,-4.303
3276217,6217,2,GZ,1,100,12.695,0.885
3276217,6218,2,MX,1,100,64,64
3276217,6219,2,MY,1,100,30,29
3276217,6220,2,MZ,1,100,-11,-12
"
2026-03-05T00:01:08.517Z,1772668868517,10.168.15.94,3132,"3276304,6221,4,EM,1,100,RS,RE,PS,MN
"
2026-03-05T00:01:08.573Z,1772668868573,10.168.15.94,3132,"3276304,6221,4,EM,1,100,RS,RE,PS,MN
3276335,6222,1,SF,1,100,3.2638
3276336,6223,3,PI,1,100,149675,149647,149635
3276336,6224,3,PR,1,100,113764,113752,113748
3276336,6225,3,PG,1,100,9643,9618,9615
3276335,6226,2,EA,1,100,0.232285,0.232346
3276335,6227,2,EL,1,100,-13620.799805,-13622.400391
3276262,6228,1,T1,1,100,36.147
3276276,6229,1,TH,1,100,35.007
3276309,6230,2,AX,1,100,0.767,0.694
3276309,6231,2,AY,1,100,0.502,0.532
3276309,6232,2,AZ,1,100,-0.306,-0.344
3276309,6233,2,GX,1,100,0.702,2.655
"
2026-03-05T00:01:08.585Z,1772668868585,10.168.15.94,3132,"3276309,6234,2,GY,1,100,1.251,7.355
3276309,6235,2,GZ,1,100,-12.360,-5.737
3276309,6236,2,MX,1,100,64,64
3276309,6237,2,MY,1,100,30,29
3276309,6238,2,MZ,1,100,-11,-11
"
2026-03-05T00:01:08.675Z,1772668868675,10.168.15.94,3132,"3276416,6239,2,PI,1,100,149677,149696
3276416,6240,2,PR,1,100,113753,113749
3276416,6241,2,PG,1,100,9623,9616
3276402,6242,1,EA,1,100,0.232192
3276402,6243,1,EL,1,100,-13618.400391
3276395,6244,1,T1,1,100,36.205
3276410,6245,1,TH,1,100,35.007
3276429,6246,3,AX,1,100,0.740,0.764,0.825
3276429,6247,3,AY,1,100,0.598,0.566,0.571
3276429,6248,3,AZ,1,100,-0.376,-0.340,-0.351
3276429,6249,3,GX,1,100,8.698,7.568,4.974
3276429,6250,3,GY,1,100,2.106,-12.634,-2.899
3276429,6251,3,GZ,1,100,8.911,13.367,3.479
"
2026-03-05T00:01:08.679Z,1772668868679,10.168.15.94,3132,"3276429,6252,3,MX,1,100,64,64,64
3276429,6253,3,MY,1,100,29,29,28
3276429,6254,3,MZ,1,100,-12,-13,-12
"
2026-03-05T00:01:08.718Z,1772668868718,10.168.15.94,3132,"3276505,6255,4,EM,1,100,RS,RE,PS,MN
"
2026-03-05T00:01:08.792Z,1772668868792,10.168.15.94,3132,"3276505,6255,4,EM,1,100,RS,RE,PS,MN
3276536,6256,3,PI,1,100,149713,149752,149743
3276536,6257,3,PR,1,100,113762,113805,113794
3276536,6258,3,PG,1,100,9612,9627,9640
3276535,6259,2,EA,1,100,0.232076,0.232161
3276535,6260,2,EL,1,100,-13615.400391,-13617.599609
3276528,6261,1,T1,1,100,36.195
3276543,6262,1,TH,1,100,35.081
3276509,6263,2,AX,1,100,0.796,0.675
3276509,6264,2,AY,1,100,0.491,0.487
3276509,6265,2,AZ,1,100,-0.350,-0.365
3276509,6266,2,GX,1,100,2.228,0.031
3276509,6267,2,GY,1,100,-4.364,8.392
"
2026-03-05T00:01:08.793Z,1772668868793,10.168.15.94,3132,"3276509,6268,2,GZ,1,100,-11.536,-9.827
3276509,6269,2,MX,1,100,62,65
3276509,6270,2,MY,1,100,29,30
3276509,6271,2,MZ,1,100,-13,-12
"
2026-03-05T00:01:08.876Z,1772668868876,10.168.15.94,3132,"3276602,6272,1,SF,1,100,3.2260
3276616,6273,2,PI,1,100,149705,149705
3276616,6274,2,PR,1,100,113761,113763
3276616,6275,2,PG,1,100,9622,9640
3276602,6276,1,EA,1,100,0.232138
3276602,6277,1,EL,1,100,-13617.000000
3276629,6278,3,AX,1,100,0.725,0.778,0.844
3276629,6279,3,AY,1,100,0.560,0.553,0.549
3276629,6280,3,AZ,1,100,-0.368,-0.330,-0.316
3276629,6281,3,GX,1,100,-2.167,-5.707,-3.418
3276629,6282,3,GY,1,100,10.742,-3.326,-6.012
3276629,6283,3,GZ,1,100,9.369,16.113,5.493
3276629,6284,3,MX,1,100,63,64,63
"
2026-03-05T00:01:08.877Z,1772668868877,10.168.15.94,3132,"3276629,6285,3,MY,1,100,30,29,30
3276629,6286,3,MZ,1,100,-13,-11,-12
"
2026-03-05T00:01:08.890Z,1772668868890,10.168.15.94,3132,"3276679,6287,2,RD,1,100,TL,TU
"
2026-03-05T00:01:08.996Z,1772668868996,10.168.15.94,3132,"3276783,6288,4,EM,1,100,RS,RE,PS,MN
"
2026-03-05T00:01:09.029Z,1772668869029,10.168.15.94,3132,"3276679,6287,2,RD,1,100,TL,TU
3276783,6288,4,EM,1,100,RS,RE,PS,MN
3276776,6289,4,PI,1,100,149714,149726,149740,149740
3276776,6290,4,PR,1,100,113752,113765,113741,113728
3276776,6291,4,PG,1,100,9661,9637,9661,9651
3276735,6292,2,EA,1,100,0.232069,0.232230
3276735,6293,2,EL,1,100,-13615.200195,-13619.400391
3276662,6294,1,T1,1,100,36.262
3276677,6295,1,TH,1,100,35.081
3276789,6296,4,AX,1,100,0.807,0.700,0.706,0.746
3276789,6297,4,AY,1,100,0.513,0.489,0.552,0.605
"
2026-03-05T00:01:09.029Z,1772668869029,10.168.15.94,3132,"3276789,6298,4,AZ,1,100,-0.337,-0.347,-0.397,-0.337
3276789,6299,4,GX,1,100,2.533,3.632,2.899,-4.303
3276789,6300,4,GY,1,100,-4.028,0.916,10.406,-0.671
3276789,6301,4,GZ,1,100,-12.299,-13.519,2.960,16.510
3276789,6302,4,MX,1,100,64,64,64,63
3276789,6303,4,MY,1,100,30,29,29,31
3276789,6304,4,MZ,1,100,-12,-12,-12,-12
"
2026-03-05T00:01:09.115Z,1772668869115,10.168.15.94,3132,"3276870,6305,2,PI,1,100,149730,149689
3276870,6306,2,PR,1,100,113725,113711
3276870,6307,2,PG,1,100,9637,9626
3276868,6308,2,EA,1,100,0.232130,0.231930
3276868,6309,2,EL,1,100,-13616.799805,-13611.599609
3276795,6310,1,T1,1,100,36.255
3276810,6311,1,TH,1,100,35.033
3276870,6312,2,AX,1,100,0.818,0.822
3276870,6313,2,AY,1,100,0.562,0.532
3276870,6314,2,AZ,1,100,-0.299,-0.341
3276870,6315,2,GX,1,100,-7.782,-1.709
3276870,6316,2,GY,1,100,-3.723,-6.409
3276870,6317,2,GZ,1,100,11.200,-2.930
"
2026-03-05T00:01:09.116Z,1772668869116,10.168.15.94,3132,"3276870,6318,2,MX,1,100,62,64
3276870,6319,2,MY,1,100,29,30
3276870,6320,2,MZ,1,100,-11,-12
"
2026-03-05T00:01:09.200Z,1772668869200,10.168.15.94,3132,"3276984,6321,4,EM,1,100,RS,RE,PS,MN
"
2026-03-05T00:01:09.228Z,1772668869228,10.168.15.94,3132,"3276984,6321,4,EM,1,100,RS,RE,PS,MN
3276935,6322,1,SF,1,100,3.1887
3276990,6323,3,PI,1,100,149691,149652,149609
3276990,6324,3,PR,1,100,113712,113687,113655
3276990,6325,3,PG,1,100,9627,9625,9622
3276935,6326,1,EA,1,100,0.232045
3276935,6327,1,EL,1,100,-13614.599609
3276928,6328,1,T1,1,100,36.146
3276943,6329,1,TH,1,100,35.033
3276990,6330,3,AX,1,100,0.713,0.705,0.767
3276990,6331,3,AY,1,100,0.470,0.570,0.559
3276990,6332,3,AZ,1,100,-0.305,-0.387,-0.342
3276990,6333,3,GX,1,100,-1.251,-4.852,-8.148
"
2026-03-05T00:01:09.228Z,1772668869228,10.168.15.94,3132,"3276990,6334,3,GY,1,100,-3.448,6.378,-7.690
3276990,6335,3,GZ,1,100,-10.468,4.364,15.594
3276990,6336,3,MX,1,100,65,65,64
3276990,6337,3,MY,1,100,30,30,31
3276990,6338,3,MZ,1,100,-12,-11,-12
"
2026-03-05T00:01:09.319Z,1772668869319,10.168.15.94,3132,"3277070,6339,2,PI,1,100,149616,149617
3277070,6340,2,PR,1,100,113654,113661
3277070,6341,2,PG,1,100,9625,9637
3277068,6342,2,EA,1,100,0.232045,0.231984
3277068,6343,2,EL,1,100,-13614.599609,-13613.000000
3277062,6344,1,T1,1,100,36.240
3277076,6345,1,TH,1,100,35.072
3277070,6346,2,AX,1,100,0.856,0.849
3277070,6347,2,AY,1,100,0.524,0.518
3277070,6348,2,AZ,1,100,-0.325,-0.329
3277070,6349,2,GX,1,100,-8.942,-5.371
3277070,6350,2,GY,1,100,-8.759,-6.470
3277070,6351,2,GZ,1,100,11.230,-4.761
"
2026-03-05T00:01:09.332Z,1772668869332,10.168.15.94,3132,"3277070,6352,2,MX,1,100,64,64
3277070,6353,2,MY,1,100,29,30
3277070,6354,2,MZ,1,100,-12,-13
"
2026-03-05T00:01:09.401Z,1772668869401,10.168.15.94,3132,"3277185,6355,4,EM,1,100,RS,RE,PS,MN
"
2026-03-05T00:01:09.429Z,1772668869429,10.168.15.94,3132,"3277185,6355,4,EM,1,100,RS,RE,PS,MN
3277190,6356,3,PI,1,100,149649,149665,149737
3277190,6357,3,PR,1,100,113679,113685,113733
3277190,6358,3,PG,1,100,9625,9640,9671
3277135,6359,1,EA,1,100,0.231891
3277135,6360,1,EL,1,100,-13610.599609
3277195,6361,1,T1,1,100,36.246
3277190,6362,3,AX,1,100,0.742,0.736,0.712
3277190,6363,3,AY,1,100,0.436,0.584,0.551
3277190,6364,3,AZ,1,100,-0.315,-0.401,-0.331
3277190,6365,3,GX,1,100,-10.010,-2.502,-3.326
3277190,6366,3,GY,1,100,0.275,7.263,-2.625
"
2026-03-05T00:01:09.429Z,1772668869429,10.168.15.94,3132,"3277190,6367,3,GZ,1,100,-13.672,0.275,12.146
3277190,6368,3,MX,1,100,64,64,64
3277190,6369,3,MY,1,100,30,30,30
3277190,6370,3,MZ,1,100,-12,-11,-11
"
2026-03-05T00:01:09.526Z,1772668869526,10.168.15.94,3132,"3277230,6371,1,BI,1,100,2160
3277230,6372,1,HR,1,100,34.16
3277268,6373,1,SF,1,100,3.1518
3277270,6374,2,PI,1,100,149764,149794
3277270,6375,2,PR,1,100,113747,113739
3277270,6376,2,PG,1,100,9671,9667
3277268,6377,2,EA,1,100,0.231838,0.231853
3277268,6378,2,EL,1,100,-13609.200195,-13609.599609
3277210,6379,1,TH,1,100,35.072
3277270,6380,2,AX,1,100,0.834,0.826
3277270,6381,2,AY,1,100,0.535,0.521
3277270,6382,2,AZ,1,100,-0.304,-0.307
3277270,6383,2,GX,1,100,-9.583,-2.411
3277270,6384,2,GY,1,100,2.991,-2.411
"
2026-03-05T00:01:09.532Z,1772668869532,10.168.15.94,3132,"3277270,6385,2,GZ,1,100,9.827,-8.575
3277270,6386,2,MX,1,100,64,64
3277270,6387,2,MY,1,100,29,30
3277270,6388,2,MZ,1,100,-11,-9
"
2026-03-05T00:01:09.603Z,1772668869603,10.168.15.94,3132,"3277386,6389,4,EM,1,100,RS,RE,PS,MN
"
2026-03-05T00:01:09.631Z,1772668869631,10.168.15.94,3132,"3277386,6389,4,EM,1,100,RS,RE,PS,MN
3277390,6390,3,PI,1,100,149821,149837,149852
3277390,6391,3,PR,1,100,113786,113803,113823
3277390,6392,3,PG,1,100,9678,9671,9670
3277335,6393,1,EA,1,100,0.231976
3277335,6394,1,EL,1,100,-13612.799805
3277328,6395,1,T1,1,100,36.248
3277343,6396,1,TH,1,100,35.099
3277390,6397,3,AX,1,100,0.740,0.772,0.748
3277390,6398,3,AY,1,100,0.478,0.553,0.594
3277390,6399,3,AZ,1,100,-0.281,-0.364,-0.324
3277390,6400,3,GX,1,100,1.862,-0.061,-1.007
"
2026-03-05T00:01:09.632Z,1772668869632,10.168.15.94,3132,"3277390,6401,3,GY,1,100,1.099,6.927,3.204
3277390,6402,3,GZ,1,100,-14.130,0.732,8.057
3277390,6403,3,MX,1,100,64,64,64
3277390,6404,3,MY,1,100,30,30,30
3277390,6405,3,MZ,1,100,-10,-12,-11
"
2026-03-05T00:01:09.727Z,1772668869727,10.168.15.94,3132,"3277470,6406,2,PI,1,100,149832,149827
3277470,6407,2,PR,1,100,113802,113828
3277470,6408,2,PG,1,100,9681,9697
3277468,6409,2,EA,1,100,0.231953,0.231891
3277468,6410,2,EL,1,100,-13612.200195,-13610.599609
3277462,6411,1,T1,1,100,36.214
3277476,6412,1,TH,1,100,35.099
3277470,6413,2,AX,1,100,0.835,0.768
3277470,6414,2,AY,1,100,0.537,0.515
3277470,6415,2,AZ,1,100,-0.305,-0.316
3277470,6416,2,GX,1,100,1.556,5.493
3277470,6417,2,GY,1,100,0.000,-2.869
3277470,6418,2,GZ,1,100,2.319,-10.193
"
2026-03-05T00:01:09.749Z,1772668869749,10.168.15.94,3132,"3277470,6419,2,MX,1,100,64,65
3277470,6420,2,MY,1,100,30,30
3277470,6421,2,MZ,1,100,-10,-10
"
2026-03-05T00:01:09.810Z,1772668869810,10.168.15.94,3132,"3277587,6422,4,EM,1,100,RS,RE,PS,MN
"
2026-03-05T00:01:09.833Z,1772668869833,10.168.15.94,3132,"3277587,6422,4,EM,1,100,RS,RE,PS,MN
3277590,6423,3,PI,1,100,149839,149820,149841
3277590,6424,3,PR,1,100,113856,113857,113897
3277590,6425,3,PG,1,100,9696,9719,9713
3277535,6426,1,EA,1,100,0.231907
3277535,6427,1,EL,1,100,-13611.000000
3277595,6428,1,T1,1,100,36.341
3277590,6429,3,AX,1,100,0.718,0.777,0.768
3277590,6430,3,AY,1,100,0.500,0.562,0.595
3277590,6431,3,AZ,1,100,-0.319,-0.336,-0.318
3277590,6432,3,GX,1,100,3.723,1.129,2.838
3277590,6433,3,GY,1,100,9.399,6.348,1.007
"
2026-03-05T00:01:09.839Z,1772668869839,10.168.15.94,3132,"3277590,6434,3,GZ,1,100,-9.827,4.150,6.958
3277590,6435,3,MX,1,100,64,65,64
3277590,6436,3,MY,1,100,30,30,30
3277590,6437,3,MZ,1,100,-10,-9,-11
"
2026-03-05T00:01:09.929Z,1772668869929,10.168.15.94,3132,"3277668,6438,1,SF,1,100,3.1153
3277670,6439,2,PI,1,100,149862,149878
3277670,6440,2,PR,1,100,113909,113916
3277670,6441,2,PG,1,100,9727,9735
3277668,6442,2,EA,1,100,0.231961,0.231930
3277668,6443,2,EL,1,100,-13612.400391,-13611.599609
3277610,6444,1,TH,1,100,35.033
3277670,6445,2,AX,1,100,0.808,0.795
3277670,6446,2,AY,1,100,0.528,0.544
3277670,6447,2,AZ,1,100,-0.284,-0.312
3277670,6448,2,GX,1,100,0.458,7.263
3277670,6449,2,GY,1,100,9.308,12.573
3277670,6450,2,GZ,1,100,4.059,-0.702
"
2026-03-05T00:01:09.932Z,1772668869932,10.168.15.94,3132,"3277670,6451,2,MX,1,100,65,64
3277670,6452,2,MY,1,100,31,30
3277670,6453,2,MZ,1,100,-10,-10
"
2026-03-05T00:01:10.007Z,1772668870007,10.168.15.94,3132,"3277791,6454,4,EM,1,100,RS,RE,PS,MN
"
2026-03-05T00:01:10.030Z,1772668870030,10.168.15.94,3132,"3277791,6454,4,EM,1,100,RS,RE,PS,MN
3277790,6455,3,PI,1,100,149891,149862,149903
3277790,6456,3,PR,1,100,113901,113886,113895
3277790,6457,3,PG,1,100,9736,9734,9749
3277802,6458,2,EA,1,100,0.231884,0.231776
3277802,6459,2,EL,1,100,-13610.400391,-13607.599609
3277728,6460,1,T1,1,100,36.360
3277743,6461,1,TH,1,100,35.033
3277790,6462,3,AX,1,100,0.766,0.843,0.798
3277790,6463,3,AY,1,100,0.484,0.511,0.509
3277790,6464,3,AZ,1,100,-0.259,-0.290,-0.304
3277790,6465,3,GX,1,100,9.491,13.855,17.670
"
2026-03-05T00:01:10.032Z,1772668870032,10.168.15.94,3132,"3277790,6466,3,GY,1,100,20.050,8.026,29.480
3277790,6467,3,GZ,1,100,0.427,1.648,-3.387
3277790,6468,3,MX,1,100,64,63,64
3277790,6469,3,MY,1,100,31,31,31
3277790,6470,3,MZ,1,100,-9,-10,-9
"
2026-03-05T00:01:10.133Z,1772668870133,10.168.15.94,3132,"3277870,6471,2,PI,1,100,149811,149657
3277870,6472,2,PR,1,100,113799,113682
3277870,6473,2,PG,1,100,9742,9713
3277868,6474,1,EA,1,100,0.231799
3277868,6475,1,EL,1,100,-13608.200195
3277861,6476,1,T1,1,100,36.227
3277876,6477,1,TH,1,100,35.038
3277870,6478,2,AX,1,100,0.798,0.824
3277870,6479,2,AY,1,100,0.550,0.547
3277870,6480,2,AZ,1,100,-0.273,-0.285
3277870,6481,2,GX,1,100,13.214,5.890
3277870,6482,2,GY,1,100,29.999,10.345
3277870,6483,2,GZ,1,100,-6.073,-8.392
3277870,6484,2,MX,1,100,64,64
"
2026-03-05T00:01:10.134Z,1772668870134,10.168.15.94,3132,"3277870,6485,2,MY,1,100,31,31
3277870,6486,2,MZ,1,100,-10,-8
"
2026-03-05T00:01:10.205Z,1772668870205,10.168.15.94,3132,"3277992,6487,4,EM,1,100,RS,RE,PS,MN
"
2026-03-05T00:01:10.248Z,1772668870248,10.168.15.94,3132,"3277992,6487,4,EM,1,100,RS,RE,PS,MN
3278002,6488,1,SF,1,100,3.0793
3277990,6489,3,PI,1,100,149493,149260,148903
3277990,6490,3,PR,1,100,113542,113357,113144
3277990,6491,3,PG,1,100,9674,9675,9641
3278002,6492,2,EA,1,100,0.231815,0.231738
3278002,6493,2,EL,1,100,-13608.599609,-13606.599609
3277995,6494,1,T1,1,100,36.240
3278010,6495,1,TH,1,100,35.038
3277990,6496,3,AX,1,100,0.765,0.858,0.833
3277990,6497,3,AY,1,100,0.523,0.538,0.549
3277990,6498,3,AZ,1,100,-0.234,-0.263,-0.242
"
2026-03-05T00:01:10.261Z,1772668870261,10.168.15.94,3132,"3277990,6499,3,GX,1,100,5.859,7.294,10.040
3277990,6500,3,GY,1,100,24.292,26.978,30.396
3277990,6501,3,GZ,1,100,-9.338,-6.897,-6.165
3277990,6502,3,MX,1,100,63,64,65
3277990,6503,3,MY,1,100,33,32,33
3277990,6504,3,MZ,1,100,-8,-7,-5
"
2026-03-05T00:01:10.335Z,1772668870335,10.168.15.94,3132,"3278070,6505,2,PI,1,100,148367,148112
3278070,6506,2,PR,1,100,112880,112757
3278070,6507,2,PG,1,100,9616,9605
3278068,6508,1,EA,1,100,0.231730
3278068,6509,1,EL,1,100,-13606.400391
3278070,6510,2,AX,1,100,0.692,0.831
3278070,6511,2,AY,1,100,0.568,0.523
3278070,6512,2,AZ,1,100,-0.193,-0.161
3278070,6513,2,GX,1,100,0.275,-7.904
3278070,6514,2,GY,1,100,52.521,15.411
3278070,6515,2,GZ,1,100,-10.040,-6.256
3278070,6516,2,MX,1,100,64,65
3278070,6517,2,MY,1,100,33,33
3278070,6518,2,MZ,1,100,-5,-5
"
2026-03-05T00:01:10.406Z,1772668870406,10.168.15.94,3132,"3278193,6519,4,EM,1,100,RS,RE,PS,MN
"
2026-03-05T00:01:10.445Z,1772668870445,10.168.15.94,3132,"3278193,6519,4,EM,1,100,RS,RE,PS,MN
3278190,6520,3,PI,1,100,148122,148110,148115
3278190,6521,3,PR,1,100,112790,112816,112830
3278190,6522,3,PG,1,100,9598,9587,9597
3278202,6523,2,EA,1,100,0.231753,0.231699
3278202,6524,2,EL,1,100,-13607.000000,-13605.599609
3278128,6525,1,T1,1,100,36.317
3278143,6526,1,TH,1,100,35.053
3278190,6527,3,AX,1,100,0.745,0.843,0.817
3278190,6528,3,AY,1,100,0.552,0.554,0.561
3278190,6529,3,AZ,1,100,-0.196,-0.211,-0.164
3278190,6530,3,GX,1,100,-4.578,1.282,2.228
"
2026-03-05T00:01:10.446Z,1772668870446,10.168.15.94,3132,"3278190,6531,3,GY,1,100,-4.059,4.639,-1.465
3278190,6532,3,GZ,1,100,-3.998,0.397,-0.244
3278190,6533,3,MX,1,100,66,64,64
3278190,6534,3,MY,1,100,32,32,33
3278190,6535,3,MZ,1,100,-5,-5,-4
"
2026-03-05T00:01:10.564Z,1772668870564,10.168.15.94,3132,"3278268,6536,1,SF,1,100,3.0437
3278310,6537,3,PI,1,100,148079,147958,147724
3278310,6538,3,PR,1,100,112802,112694,112543
3278310,6539,3,PG,1,100,9580,9578,9561
3278268,6540,1,EA,1,100,0.231676
3278268,6541,1,EL,1,100,-13605.000000
3278261,6542,1,T1,1,100,36.279
3278276,6543,1,TH,1,100,35.053
3278310,6544,3,AX,1,100,0.800,0.799,0.777
3278310,6545,3,AY,1,100,0.557,0.573,0.556
3278310,6546,3,AZ,1,100,-0.128,-0.201,-0.220
3278310,6547,3,GX,1,100,4.028,9.460,11.810
3278310,6548,3,GY,1,100,-2.289,-4.608,-0.702
"
2026-03-05T00:01:10.564Z,1772668870564,10.168.15.94,3132,"3278310,6549,3,GZ,1,100,-4.517,-2.136,0.580
3278310,6550,3,MX,1,100,64,65,64
3278310,6551,3,MY,1,100,33,32,33
3278310,6552,3,MZ,1,100,-4,-5,-6
"
2026-03-05T00:01:10.610Z,1772668870610,10.168.15.94,3132,"3278395,6553,4,EM,1,100,RS,RE,PS,MN
"
2026-03-05T00:01:10.638Z,1772668870638,10.168.15.94,3132,"3278395,6553,4,EM,1,100,RS,RE,PS,MN
3278390,6554,2,PI,1,100,147491,147357
3278390,6555,2,PR,1,100,112416,112330
3278390,6556,2,PG,1,100,9560,9534
3278402,6557,2,EA,1,100,0.231684,0.231768
3278402,6558,2,EL,1,100,-13605.200195,-13607.400391
3278395,6559,1,T1,1,100,36.227
3278410,6560,1,TH,1,100,35.033
3278390,6561,2,AX,1,100,0.800,0.802
3278390,6562,2,AY,1,100,0.557,0.546
3278390,6563,2,AZ,1,100,-0.244,-0.202
3278390,6564,2,GX,1,100,3.448,-1.404
3278390,6565,2,GY,1,100,-9.033,-17.181
"
2026-03-05T00:01:10.642Z,1772668870642,10.168.15.94,3132,"3278390,6566,2,GZ,1,100,3.571,0.366
3278390,6567,2,MX,1,100,64,64
3278390,6568,2,MY,1,100,32,32
3278390,6569,2,MZ,1,100,-5,-7
"
2026-03-05T00:01:10.741Z,1772668870741,10.168.15.94,3132,"3278510,6570,3,PI,1,100,147223,147155,147230
3278510,6571,3,PR,1,100,112236,112192,112228
3278510,6572,3,PG,1,100,9519,9525,9522
3278468,6573,1,EA,1,100,0.231799
3278468,6574,1,EL,1,100,-13608.200195
3278510,6575,3,AX,1,100,0.837,0.803,0.787
3278510,6576,3,AY,1,100,0.560,0.555,0.561
3278510,6577,3,AZ,1,100,-0.208,-0.219,-0.226
3278510,6578,3,GX,1,100,-6.256,-5.981,-4.272
3278510,6579,3,GY,1,100,-8.087,-5.554,-4.120
3278510,6580,3,GZ,1,100,-2.258,-4.333,-4.852
3278510,6581,3,MX,1,100,64,64,64
"
2026-03-05T00:01:10.745Z,1772668870745,10.168.15.94,3132,"3278510,6582,3,MY,1,100,32,31,31
3278510,6583,3,MZ,1,100,-8,-6,-7
"
2026-03-05T00:01:10.819Z,1772668870819,10.168.15.94,3132,"3278595,6584,4,EM,1,100,RS,RE,PS,MN
"
2026-03-05T00:01:10.849Z,1772668870849,10.168.15.94,3132,"3278595,6584,4,EM,1,100,RS,RE,PS,MN
3278602,6585,1,SF,1,100,3.0085
3278590,6586,2,PI,1,100,147235,147224
3278590,6587,2,PR,1,100,112219,112175
3278590,6588,2,PG,1,100,9509,9509
3278602,6589,2,EA,1,100,0.231845,0.231899
3278602,6590,2,EL,1,100,-13609.400391,-13610.799805
3278528,6591,1,T1,1,100,36.205
3278543,6592,1,TH,1,100,35.033
3278590,6593,2,AX,1,100,0.795,0.776
3278590,6594,2,AY,1,100,0.558,0.569
3278590,6595,2,AZ,1,100,-0.230,-0.222
3278590,6596,2,GX,1,100,-3.326,-2.899
"
2026-03-05T00:01:10.849Z,1772668870849,10.168.15.94,3132,"3278590,6597,2,GY,1,100,0.732,3.052
3278590,6598,2,GZ,1,100,-2.106,-4.028
3278590,6599,2,MX,1,100,66,65
3278590,6600,2,MY,1,100,32,31
3278590,6601,2,MZ,1,100,-6,-5
"
2026-03-05T00:01:10.950Z,1772668870950,10.168.15.94,3132,"3278710,6602,3,PI,1,100,147235,147301,147356
3278710,6603,3,PR,1,100,112179,112197,112228
3278710,6604,3,PG,1,100,9505,9505,9510
3278668,6605,1,EA,1,100,0.231815
3278668,6606,1,EL,1,100,-13608.599609
3278661,6607,1,T1,1,100,36.159
3278676,6608,1,TH,1,100,35.132
3278710,6609,3,AX,1,100,0.789,0.805,0.761
3278710,6610,3,AY,1,100,0.572,0.585,0.615
3278710,6611,3,AZ,1,100,-0.215,-0.207,-0.197
3278710,6612,3,GX,1,100,-4.181,-2.197,0.214
3278710,6613,3,GY,1,100,5.768,9.216,1.343
"
2026-03-05T00:01:10.951Z,1772668870951,10.168.15.94,3132,"3278710,6614,3,GZ,1,100,-3.174,-2.502,-5.005
3278710,6615,3,MX,1,100,66,66,66
3278710,6616,3,MY,1,100,31,31,30
3278710,6617,3,MZ,1,100,-5,-6,-6
"
2026-03-05T00:01:11.017Z,1772668871017,10.168.15.94,3132,"3278796,6618,4,EM,1,100,RS,RE,PS,MN
"
2026-03-05T00:01:11.045Z,1772668871045,10.168.15.94,3132,"3278796,6618,4,EM,1,100,RS,RE,PS,MN
3278790,6619,2,PI,1,100,147325,147280
3278790,6620,2,PR,1,100,112185,112158
3278790,6621,2,PG,1,100,9510,9503
3278802,6622,2,EA,1,100,0.231753,0.231861
3278802,6623,2,EL,1,100,-13607.000000,-13609.799805
3278795,6624,1,T1,1,100,36.282
3278810,6625,1,TH,1,100,35.132
3278790,6626,2,AX,1,100,0.812,0.780
3278790,6627,2,AY,1,100,0.574,0.556
3278790,6628,2,AZ,1,100,-0.170,-0.180
3278790,6629,2,GX,1,100,-6.989,-6.226
3278790,6630,2,GY,1,100,-7.355,-11.475
"
2026-03-05T00:01:11.048Z,1772668871048,10.168.15.94,3132,"3278790,6631,2,GZ,1,100,-8.057,-6.866
3278790,6632,2,MX,1,100,66,66
3278790,6633,2,MY,1,100,31,31
3278790,6634,2,MZ,1,100,-6,-6
"
2026-03-05T00:01:11.152Z,1772668871152,10.168.15.94,3132,"3278870,6635,2,PI,1,100,147363,147400
3278870,6636,2,PR,1,100,112175,112166
3278870,6637,2,PG,1,100,9511,9502
3278868,6638,1,EA,1,100,0.231692
3278868,6639,1,EL,1,100,-13605.400391
3278909,6640,3,AX,1,100,0.812,0.751,0.756
3278909,6641,3,AY,1,100,0.547,0.581,0.571
3278909,6642,3,AZ,1,100,-0.226,-0.212,-0.206
3278909,6643,3,GX,1,100,2.808,3.906,4.395
3278909,6644,3,GY,1,100,-10.010,-5.524,2.716
3278909,6645,3,GZ,1,100,-4.944,-3.845,-2.106
3278909,6646,3,MX,1,100,67,66,67
3278909,6647,3,MY,1,100,31,30,30
"
2026-03-05T00:01:11.153Z,1772668871153,10.168.15.94,3132,"3278909,6648,3,MZ,1,100,-6,-7,-6
"
2026-03-05T00:01:11.210Z,1772668871210,10.168.15.94,3132,"3278997,6649,4,EM,1,100,RS,RE,PS,MN
"
2026-03-05T00:01:11.256Z,1772668871256,10.168.15.94,3132,"3278997,6649,4,EM,1,100,RS,RE,PS,MN
3279002,6650,1,SF,1,100,2.9737
3279003,6651,3,PI,1,100,147516,147619,147759
3279003,6652,3,PR,1,100,112232,112292,112340
3279003,6653,3,PG,1,100,9503,9494,9488
3279002,6654,2,EA,1,100,0.231584,0.231600
3279002,6655,2,EL,1,100,-13602.599609,-13603.000000
3278928,6656,1,T1,1,100,36.157
3278943,6657,1,TH,1,100,35.018
3278989,6658,2,AX,1,100,0.756,0.792
3278989,6659,2,AY,1,100,0.575,0.589
3278989,6660,2,AZ,1,100,-0.264,-0.250
3278989,6661,2,GX,1,100,8.118,8.759
"
2026-03-05T00:01:11.257Z,1772668871257,10.168.15.94,3132,"3278989,6662,2,GY,1,100,0.854,-12.634
3278989,6663,2,GZ,1,100,0.854,0.122
3278989,6664,2,MX,1,100,66,66
3278989,6665,2,MY,1,100,31,31
3278989,6666,2,MZ,1,100,-6,-6
"
2026-03-05T00:01:11.360Z,1772668871360,10.168.15.94,3132,"3279083,6667,2,PI,1,100,147846,147800
3279083,6668,2,PR,1,100,112396,112400
3279083,6669,2,PG,1,100,9483,9500
3279068,6670,1,EA,1,100,0.231638
3279068,6671,1,EL,1,100,-13604.000000
3279061,6672,1,T1,1,100,36.210
3279076,6673,1,TH,1,100,35.018
3279109,6674,3,AX,1,100,0.767,0.792,0.750
3279109,6675,3,AY,1,100,0.572,0.574,0.569
3279109,6676,3,AZ,1,100,-0.224,-0.226,-0.253
3279109,6677,3,GX,1,100,4.547,5.157,9.857
3279109,6678,3,GY,1,100,0.336,-2.350,-4.364
3279109,6679,3,GZ,1,100,0.732,2.869,4.028
"
2026-03-05T00:01:11.361Z,1772668871361,10.168.15.94,3132,"3279109,6680,3,MX,1,100,66,66,66
3279109,6681,3,MY,1,100,29,29,30
3279109,6682,3,MZ,1,100,-7,-8,-8
"
2026-03-05T00:01:11.410Z,1772668871410,10.168.15.94,3132,"3279198,6683,4,EM,1,100,RS,RE,PS,MN
"
2026-03-05T00:01:11.455Z,1772668871455,10.168.15.94,3132,"3279198,6683,4,EM,1,100,RS,RE,PS,MN
3279203,6684,3,PI,1,100,147878,147979,148027
3279203,6685,3,PR,1,100,112394,112466,112505
3279203,6686,3,PG,1,100,9496,9485,9491
3279202,6687,2,EA,1,100,0.231623,0.231676
3279202,6688,2,EL,1,100,-13603.599609,-13605.000000
3279195,6689,1,T1,1,100,36.126
3279210,6690,1,TH,1,100,35.028
3279189,6691,2,AX,1,100,0.769,0.808
3279189,6692,2,AY,1,100,0.583,0.569
3279189,6693,2,AZ,1,100,-0.264,-0.266
3279189,6694,2,GX,1,100,7.324,4.150
3279189,6695,2,GY,1,100,-1.465,-6.958
"
2026-03-05T00:01:11.456Z,1772668871456,10.168.15.94,3132,"3279189,6696,2,GZ,1,100,6.897,6.012
3279189,6697,2,MX,1,100,65,66
3279189,6698,2,MY,1,100,31,29
3279189,6699,2,MZ,1,100,-8,-8
"
2026-03-05T00:01:11.558Z,1772668871558,10.168.15.94,3132,"3279268,6700,1,SF,1,100,2.9393
3279323,6701,3,PI,1,100,148036,148010,148028
3279323,6702,3,PR,1,100,112498,112470,112478
3279323,6703,3,PG,1,100,9523,9507,9518
3279268,6704,1,EA,1,100,0.231684
3279268,6705,1,EL,1,100,-13605.200195
3279309,6706,3,AX,1,100,0.801,0.792,0.811
3279309,6707,3,AY,1,100,0.563,0.562,0.573
3279309,6708,3,AZ,1,100,-0.226,-0.235,-0.244
3279309,6709,3,GX,1,100,2.167,2.686,3.357
3279309,6710,3,GY,1,100,-3.540,2.411,-1.099
3279309,6711,3,GZ,1,100,3.845,-0.061,-1.923
"
2026-03-05T00:01:11.563Z,1772668871563,10.168.15.94,3132,"3279309,6712,3,MX,1,100,65,65,65
3279309,6713,3,MY,1,100,30,30,30
3279309,6714,3,MZ,1,100,-8,-9,-8
"
2026-03-05T00:01:11.612Z,1772668871612,10.168.15.94,3132,"3279399,6715,4,EM,1,100,RS,RE,PS,MN
"
2026-03-05T00:01:11.660Z,1772668871660,10.168.15.94,3132,"3279399,6715,4,EM,1,100,RS,RE,PS,MN
3279403,6716,2,PI,1,100,147995,148008
3279403,6717,2,PR,1,100,112451,112439
3279403,6718,2,PG,1,100,9516,9490
3279402,6719,2,EA,1,100,0.231646,0.231600
3279402,6720,2,EL,1,100,-13604.200195,-13603.000000
3279328,6721,1,T1,1,100,36.196
3279343,6722,1,TH,1,100,35.028
3279389,6723,2,AX,1,100,0.763,0.803
3279389,6724,2,AY,1,100,0.577,0.588
3279389,6725,2,AZ,1,100,-0.281,-0.249
3279389,6726,2,GX,1,100,2.167,-4.791
3279389,6727,2,GY,1,100,4.578,3.662
"
2026-03-05T00:01:11.661Z,1772668871661,10.168.15.94,3132,"3279389,6728,2,GZ,1,100,-2.411,-3.845
3279389,6729,2,MX,1,100,64,65
3279389,6730,2,MY,1,100,30,30
3279389,6731,2,MZ,1,100,-8,-7
"
2026-03-05T00:01:11.755Z,1772668871755,10.168.15.94,3132,"3279523,6732,3,PI,1,100,148162,148065,147901
3279523,6733,3,PR,1,100,112556,112500,112400
3279523,6734,3,PG,1,100,9486,9504,9490
3279468,6735,1,EA,1,100,0.231592
3279468,6736,1,EL,1,100,-13602.799805
3279462,6737,1,T1,1,100,36.262
3279476,6738,1,TH,1,100,34.997
3279509,6739,3,AX,1,100,0.743,0.778,0.783
3279509,6740,3,AY,1,100,0.579,0.563,0.556
3279509,6741,3,AZ,1,100,-0.263,-0.230,-0.244
3279509,6742,3,GX,1,100,-2.197,-3.204,-3.937
3279509,6743,3,GY,1,100,1.556,0.946,-2.228
"
2026-03-05T00:01:11.765Z,1772668871765,10.168.15.94,3132,"3279509,6744,3,GZ,1,100,-2.533,-3.845,-3.479
3279509,6745,3,MX,1,100,65,66,66
3279509,6746,3,MY,1,100,30,31,30
3279509,6747,3,MZ,1,100,-9,-7,-8
"
2026-03-05T00:01:11.821Z,1772668871821,10.168.15.94,3132,"3279600,6748,4,EM,1,100,RS,RE,PS,MN
"
2026-03-05T00:01:11.859Z,1772668871859,10.168.15.94,3132,"3279600,6748,4,EM,1,100,RS,RE,PS,MN
3279602,6749,1,SF,1,100,2.9053
3279603,6750,2,PI,1,100,147729,147591
3279603,6751,2,PR,1,100,112305,112235
3279603,6752,2,PG,1,100,9472,9466
3279602,6753,2,EA,1,100,0.231600,0.231676
3279602,6754,2,EL,1,100,-13603.000000,-13605.000000
3279595,6755,1,T1,1,100,36.220
3279610,6756,1,TH,1,100,34.997
3279629,6757,3,AX,1,100,0.767,0.766,0.768
3279629,6758,3,AY,1,100,0.549,0.579,0.551
3279629,6759,3,AZ,1,100,-0.226,-0.240,-0.269
3279629,6760,3,GX,1,100,0.641,3.815,6.714
"
2026-03-05T00:01:11.860Z,1772668871860,10.168.15.94,3132,"3279629,6761,3,GY,1,100,-1.373,-9.155,-10.040
3279629,6762,3,GZ,1,100,0.275,0.702,2.411
3279629,6763,3,MX,1,100,66,65,66
3279629,6764,3,MY,1,100,32,29,30
3279629,6765,3,MZ,1,100,-7,-7,-8
"
2026-03-05T00:01:11.981Z,1772668871981,10.168.15.94,3132,"3279723,6766,3,PI,1,100,147481,147393,147378
3279723,6767,3,PR,1,100,112163,112104,112092
3279723,6768,3,PG,1,100,9470,9455,9444
3279668,6769,1,EA,1,100,0.231722
3279668,6770,1,EL,1,100,-13606.200195
3279728,6771,1,T1,1,100,36.202
3279709,6772,2,AX,1,100,0.764,0.765
3279709,6773,2,AY,1,100,0.553,0.521
3279709,6774,2,AZ,1,100,-0.232,-0.284
3279709,6775,2,GX,1,100,4.517,6.927
3279709,6776,2,GY,1,100,-5.829,2.167
3279709,6777,2,GZ,1,100,2.594,3.967
3279709,6778,2,MX,1,100,65,66
3279709,6779,2,MY,1,100,30,31
"
2026-03-05T00:01:11.983Z,1772668871983,10.168.15.94,3132,"3279709,6780,2,MZ,1,100,-9,-9
"
2026-03-05T00:01:12.015Z,1772668872015,10.168.15.94,3132,"3279804,6781,4,EM,1,100,RS,RE,PS,MN
"
2026-03-05T00:01:12.059Z,1772668872059,10.168.15.94,3132,"3279804,6781,4,EM,1,100,RS,RE,PS,MN
3279803,6782,2,PI,1,100,147417,147461
3279803,6783,2,PR,1,100,112105,112120
3279803,6784,2,PG,1,100,9459,9454
3279801,6785,2,EA,1,100,0.231638,0.231446
3279801,6786,2,EL,1,100,-13604.000000,-13599.000000
3279743,6787,1,TH,1,100,35.064
3279829,6788,3,AX,1,100,0.758,0.761,0.840
3279829,6789,3,AY,1,100,0.563,0.568,0.612
3279829,6790,3,AZ,1,100,-0.287,-0.262,-0.306
3279829,6791,3,GX,1,100,5.249,-0.397,-0.397
3279829,6792,3,GY,1,100,2.899,0.549,-14.374
"
2026-03-05T00:01:12.060Z,1772668872060,10.168.15.94,3132,"3279829,6793,3,GZ,1,100,6.836,8.423,2.838
3279829,6794,3,MX,1,100,64,65,64
3279829,6795,3,MY,1,100,31,31,31
3279829,6796,3,MZ,1,100,-9,-9,-9
"
2026-03-05T00:01:12.165Z,1772668872165,10.168.15.94,3132,"3279923,6797,1,BI,1,100,2680
3279923,6798,1,HR,1,100,31.54
3279923,6799,3,PI,1,100,147547,147667,147656
3279923,6800,3,PR,1,100,112183,112250,112263
3279923,6801,3,PG,1,100,9459,9462,9466
3279868,6802,1,EA,1,100,0.231454
3279868,6803,1,EL,1,100,-13599.200195
3279861,6804,1,T1,1,100,36.194
3279876,6805,1,TH,1,100,35.064
3279909,6806,2,AX,1,100,0.787,0.792
3279909,6807,2,AY,1,100,0.592,0.562
3279909,6808,2,AZ,1,100,-0.265,-0.249
3279909,6809,2,GX,1,100,-3.357,-7.263
3279909,6810,2,GY,1,100,-8.514,-1.709
"
2026-03-05T00:01:12.170Z,1772668872170,10.168.15.94,3132,"3279909,6811,2,GZ,1,100,-0.885,-3.021
3279909,6812,2,MX,1,100,64,65
3279909,6813,2,MY,1,100,30,31
3279909,6814,2,MZ,1,100,-9,-8
"
2026-03-05T00:01:12.217Z,1772668872217,10.168.15.94,3132,"3280005,6815,4,EM,1,100,RS,RE,PS,MN
"
2026-03-05T00:01:12.263Z,1772668872263,10.168.15.94,3132,"3280005,6815,4,EM,1,100,RS,RE,PS,MN
3280001,6816,1,SF,1,100,2.8717
3280003,6817,2,PI,1,100,147648,147581
3280003,6818,2,PR,1,100,112241,112222
3280003,6819,2,PG,1,100,9453,9454
3280001,6820,2,EA,1,100,0.231507,0.231569
3280001,6821,2,EL,1,100,-13600.599609,-13602.200195
3279995,6822,1,T1,1,100,36.190
3280010,6823,1,TH,1,100,35.048
3280029,6824,3,AX,1,100,0.770,0.789,0.745
3280029,6825,3,AY,1,100,0.545,0.545,0.528
3280029,6826,3,AZ,1,100,-0.264,-0.285,-0.288
3280029,6827,3,GX,1,100,-3.082,1.984,5.249
"
2026-03-05T00:01:12.265Z,1772668872265,10.168.15.94,3132,"3280029,6828,3,GY,1,100,2.594,-2.563,-0.732
3280029,6829,3,GZ,1,100,-2.350,2.991,2.655
3280029,6830,3,MX,1,100,64,65,65
3280029,6831,3,MY,1,100,32,31,30
3280029,6832,3,MZ,1,100,-8,-9,-9
"
2026-03-05T00:01:12.380Z,1772668872380,10.168.15.94,3132,"3280123,6833,3,PI,1,100,147584,147603,147825
3280123,6834,3,PR,1,100,112215,112254,112423
3280123,6835,3,PG,1,100,9464,9468,9469
3280135,6836,2,EA,1,100,0.231638,0.231745
3280135,6837,2,EL,1,100,-13604.000000,-13606.799805
3280128,6838,1,T1,1,100,36.224
3280143,6839,1,TH,1,100,35.048
3280109,6840,2,AX,1,100,0.839,0.764
3280109,6841,2,AY,1,100,0.559,0.551
3280109,6842,2,AZ,1,100,-0.277,-0.272
3280109,6843,2,GX,1,100,1.617,-0.488
3280109,6844,2,GY,1,100,2.319,-16.846
3280109,6845,2,GZ,1,100,-0.092,-4.028
"
2026-03-05T00:01:12.380Z,1772668872380,10.168.15.94,3132,"3280109,6846,2,MX,1,100,65,65
3280109,6847,2,MY,1,100,30,29
3280109,6848,2,MZ,1,100,-9,-9
"
2026-03-05T00:01:12.422Z,1772668872422,10.168.15.94,3132,"3280206,6849,4,EM,1,100,RS,RE,PS,MN
"
2026-03-05T00:01:12.462Z,1772668872462,10.168.15.94,3132,"3280206,6849,4,EM,1,100,RS,RE,PS,MN
3280203,6850,2,PI,1,100,148161,148305
3280203,6851,2,PR,1,100,112648,112754
3280203,6852,2,PG,1,100,9521,9531
3280201,6853,1,EA,1,100,0.231623
3280201,6854,1,EL,1,100,-13603.599609
3280229,6855,3,AX,1,100,0.765,0.772,0.757
3280229,6856,3,AY,1,100,0.536,0.580,0.573
3280229,6857,3,AZ,1,100,-0.274,-0.261,-0.316
3280229,6858,3,GX,1,100,2.502,0.336,2.350
3280229,6859,3,GY,1,100,-7.843,-5.310,-12.665
3280229,6860,3,GZ,1,100,-4.181,-1.617,-1.282
3280229,6861,3,MX,1,100,65,65,65
"
2026-03-05T00:01:12.464Z,1772668872464,10.168.15.94,3132,"3280229,6862,3,MY,1,100,30,30,29
3280229,6863,3,MZ,1,100,-9,-11,-12
"
2026-03-05T00:01:12.573Z,1772668872573,10.168.15.94,3132,"3280335,6864,1,SF,1,100,2.8384
3280323,6865,3,PI,1,100,148341,148301,148234
3280323,6866,3,PR,1,100,112759,112722,112715
3280323,6867,3,PG,1,100,9541,9557,9571
3280335,6868,2,EA,1,100,0.231623,0.231630
3280335,6869,2,EL,1,100,-13603.599609,-13603.799805
3280261,6870,1,T1,1,100,36.203
3280276,6871,1,TH,1,100,35.055
3280309,6872,2,AX,1,100,0.757,0.768
3280309,6873,2,AY,1,100,0.538,0.579
3280309,6874,2,AZ,1,100,-0.299,-0.340
3280309,6875,2,GX,1,100,7.538,7.812
3280309,6876,2,GY,1,100,-11.444,1.160
"
2026-03-05T00:01:12.575Z,1772668872575,10.168.15.94,3132,"3280309,6877,2,GZ,1,100,2.136,1.221
3280309,6878,2,MX,1,100,65,65
3280309,6879,2,MY,1,100,29,30
3280309,6880,2,MZ,1,100,-10,-11
"
2026-03-05T00:01:12.639Z,1772668872639,10.168.15.94,3132,"3280411,6881,4,EM,1,100,RS,RE,PS,MN
"
2026-03-05T00:01:12.669Z,1772668872669,10.168.15.94,3132,"3280411,6881,4,EM,1,100,RS,RE,PS,MN
3280403,6882,2,PI,1,100,148211,148115
3280403,6883,2,PR,1,100,112690,112643
3280403,6884,2,PG,1,100,9562,9561
3280401,6885,1,EA,1,100,0.231623
3280401,6886,1,EL,1,100,-13603.599609
3280395,6887,1,T1,1,100,36.123
3280409,6888,1,TH,1,100,35.055
3280429,6889,3,AX,1,100,0.768,0.768,0.732
3280429,6890,3,AY,1,100,0.576,0.571,0.555
3280429,6891,3,AZ,1,100,-0.314,-0.276,-0.261
3280429,6892,3,GX,1,100,-0.793,-5.859,-4.089
3280429,6893,3,GY,1,100,3.021,4.639,8.484
"
2026-03-05T00:01:12.671Z,1772668872671,10.168.15.94,3132,"3280429,6894,3,GZ,1,100,-2.655,-4.578,-6.561
3280429,6895,3,MX,1,100,65,64,66
3280429,6896,3,MY,1,100,30,30,30
3280429,6897,3,MZ,1,100,-11,-11,-9
"
2026-03-05T00:01:12.776Z,1772668872776,10.168.15.94,3132,"3280523,6898,3,PI,1,100,148007,147971,147992
3280523,6899,3,PR,1,100,112592,112599,112571
3280523,6900,3,PG,1,100,9546,9542,9535
3280535,6901,2,EA,1,100,0.231692,0.231707
3280535,6902,2,EL,1,100,-13605.400391,-13605.799805
3280528,6903,1,T1,1,100,36.231
3280543,6904,1,TH,1,100,35.086
3280509,6905,2,AX,1,100,0.772,0.688
3280509,6906,2,AY,1,100,0.542,0.576
3280509,6907,2,AZ,1,100,-0.289,-0.322
3280509,6908,2,GX,1,100,1.831,0.336
3280509,6909,2,GY,1,100,7.355,12.329
3280509,6910,2,GZ,1,100,-1.038,2.502
"
2026-03-05T00:01:12.777Z,1772668872777,10.168.15.94,3132,"3280509,6911,2,MX,1,100,64,65
3280509,6912,2,MY,1,100,29,30
3280509,6913,2,MZ,1,100,-9,-9
"
2026-03-05T00:01:12.824Z,1772668872824,10.168.15.94,3132,"3280612,6914,4,EM,1,100,RS,RE,PS,MN
"
2026-03-05T00:01:12.869Z,1772668872869,10.168.15.94,3132,"3280612,6914,4,EM,1,100,RS,RE,PS,MN
3280601,6915,1,SF,1,100,2.8056
3280643,6916,3,PI,1,100,148080,148106,148053
3280643,6917,3,PR,1,100,112602,112595,112561
3280643,6918,3,PG,1,100,9530,9514,9521
3280601,6919,1,EA,1,100,0.231515
3280601,6920,1,EL,1,100,-13600.799805
3280629,6921,3,AX,1,100,0.790,0.781,0.776
3280629,6922,3,AY,1,100,0.577,0.575,0.574
3280629,6923,3,AZ,1,100,-0.297,-0.270,-0.243
3280629,6924,3,GX,1,100,-3.815,-4.700,-3.601
3280629,6925,3,GY,1,100,6.897,3.204,5.707
"
2026-03-05T00:01:12.879Z,1772668872879,10.168.15.94,3132,"3280629,6926,3,GZ,1,100,10.193,12.909,7.782
3280629,6927,3,MX,1,100,64,64,64
3280629,6928,3,MY,1,100,30,32,31
3280629,6929,3,MZ,1,100,-9,-9,-9
"
2026-03-05T00:01:12.975Z,1772668872975,10.168.15.94,3132,"3280723,6930,2,PI,1,100,147952,147862
3280723,6931,2,PR,1,100,112477,112447
3280723,6932,2,PG,1,100,9513,9496
3280735,6933,2,EA,1,100,0.231431,0.231461
3280735,6934,2,EL,1,100,-13598.599609,-13599.400391
3280661,6935,1,T1,1,100,36.242
3280676,6936,1,TH,1,100,35.086
3280709,6937,2,AX,1,100,0.853,0.803
3280709,6938,2,AY,1,100,0.544,0.523
3280709,6939,2,AZ,1,100,-0.250,-0.258
3280709,6940,2,GX,1,100,-1.160,2.014
3280709,6941,2,GY,1,100,-3.235,1.831
3280709,6942,2,GZ,1,100,4.700,0.000
"
2026-03-05T00:01:12.976Z,1772668872976,10.168.15.94,3132,"3280709,6943,2,MX,1,100,64,65
3280709,6944,2,MY,1,100,32,31
3280709,6945,2,MZ,1,100,-9,-9
"
2026-03-05T00:01:13.032Z,1772668873032,10.168.15.94,3132,"3280813,6946,4,EM,1,100,RS,RE,PS,MN
"
2026-03-05T00:01:13.076Z,1772668873076,10.168.15.94,3132,"3280813,6946,4,EM,1,100,RS,RE,PS,MN
3280843,6947,3,PI,1,100,147830,147846,147865
3280843,6948,3,PR,1,100,112406,112404,112414
3280843,6949,3,PG,1,100,9486,9511,9502
3280801,6950,1,EA,1,100,0.231507
3280801,6951,1,EL,1,100,-13600.599609
3280795,6952,1,T1,1,100,36.211
3280809,6953,1,TH,1,100,35.023
3280829,6954,3,AX,1,100,0.771,0.776,0.749
3280829,6955,3,AY,1,100,0.529,0.566,0.523
3280829,6956,3,AZ,1,100,-0.254,-0.263,-0.304
3280829,6957,3,GX,1,100,1.373,-0.488,-0.732
"
2026-03-05T00:01:13.076Z,1772668873076,10.168.15.94,3132,"3280829,6958,3,GY,1,100,12.970,6.195,2.075
3280829,6959,3,GZ,1,100,0.183,3.815,3.387
3280829,6960,3,MX,1,100,64,65,64
3280829,6961,3,MY,1,100,31,31,31
3280829,6962,3,MZ,1,100,-9,-9,-9
"
2026-03-05T00:01:13.184Z,1772668873184,10.168.15.94,3132,"3280935,6963,1,SF,1,100,2.7732
3280923,6964,2,PI,1,100,147849,147740
3280923,6965,2,PR,1,100,112410,112358
3280923,6966,2,PG,1,100,9496,9488
3280935,6967,2,EA,1,100,0.231461,0.231385
3280935,6968,2,EL,1,100,-13599.400391,-13597.400391
3280928,6969,1,T1,1,100,36.269
3280943,6970,1,TH,1,100,35.023
3280949,6971,3,AX,1,100,0.773,0.786,0.845
3280949,6972,3,AY,1,100,0.543,0.513,0.549
3280949,6973,3,AZ,1,100,-0.271,-0.219,-0.222
3280949,6974,3,GX,1,100,-5.402,-10.590,-2.228
"
2026-03-05T00:01:13.187Z,1772668873187,10.168.15.94,3132,"3280949,6975,3,GY,1,100,7.202,7.660,-2.289
3280949,6976,3,GZ,1,100,4.547,5.615,1.221
3280949,6977,3,MX,1,100,65,64,64
3280949,6978,3,MY,1,100,32,33,33
3280949,6979,3,MZ,1,100,-7,-8,-7
3280901,6980,1,BV,1,100,3.89
3280901,6981,1,B%,1,100,75
"
2026-03-05T00:01:13.232Z,1772668873232,10.168.15.94,3132,"3281017,6982,4,EM,1,100,RS,RE,PS,MN
"
2026-03-05T00:01:13.286Z,1772668873286,10.168.15.94,3132,"3281017,6982,4,EM,1,100,RS,RE,PS,MN
3281016,6983,2,PI,1,100,147649,147585
3281016,6984,2,PR,1,100,112327,112285
3281016,6985,2,PG,1,100,9481,9479
3281001,6986,1,EA,1,100,0.231339
3281001,6987,1,EL,1,100,-13596.200195
3281029,6988,2,AX,1,100,0.831,0.837
3281029,6989,2,AY,1,100,0.549,0.542
3281029,6990,2,AZ,1,100,-0.221,-0.233
3281029,6991,2,GX,1,100,3.906,1.312
3281029,6992,2,GY,1,100,-4.425,6.653
3281029,6993,2,GZ,1,100,-3.815,-4.578
3281029,6994,2,MX,1,100,64,64
3281029,6995,2,MY,1,100,31,31
"
2026-03-05T00:01:13.286Z,1772668873286,10.168.15.94,3132,"3281029,6996,2,MZ,1,100,-8,-8
"
2026-03-05T00:01:13.392Z,1772668873392,10.168.15.94,3132,"3281136,6997,3,PI,1,100,147569,147476,147418
3281136,6998,3,PR,1,100,112291,112221,112169
3281136,6999,3,PG,1,100,9477,9459,9451
3281135,7000,2,EA,1,100,0.231324,0.231370
3281135,7001,2,EL,1,100,-13595.799805,-13597.000000
3281061,7002,1,T1,1,100,36.293
3281076,7003,1,TH,1,100,35.058
3281149,7004,3,AX,1,100,0.781,0.797,0.766
3281149,7005,3,AY,1,100,0.570,0.545,0.532
3281149,7006,3,AZ,1,100,-0.231,-0.241,-0.243
3281149,7007,3,GX,1,100,1.282,-0.824,-3.174
3281149,7008,3,GY,1,100,13.367,11.139,7.050
"
2026-03-05T00:01:13.393Z,1772668873393,10.168.15.94,3132,"3281149,7009,3,GZ,1,100,-4.944,-5.768,-4.852
3281149,7010,3,MX,1,100,65,65,64
3281149,7011,3,MY,1,100,32,31,33
3281149,7012,3,MZ,1,100,-7,-7,-6
"
2026-03-05T00:01:13.432Z,1772668873432,10.168.15.94,3132,"3281218,7013,4,EM,1,100,RS,RE,PS,MN
"
2026-03-05T00:01:13.481Z,1772668873481,10.168.15.94,3132,"3281218,7013,4,EM,1,100,RS,RE,PS,MN
3281216,7014,2,PI,1,100,147436,147404
3281216,7015,2,PR,1,100,112134,112089
3281216,7016,2,PG,1,100,9429,9422
3281201,7017,1,EA,1,100,0.231530
3281201,7018,1,EL,1,100,-13601.200195
3281194,7019,1,T1,1,100,36.198
3281209,7020,1,TH,1,100,35.058
3281229,7021,2,AX,1,100,0.719,0.825
3281229,7022,2,AY,1,100,0.535,0.531
3281229,7023,2,AZ,1,100,-0.188,-0.188
3281229,7024,2,GX,1,100,-8.087,-2.533
3281229,7025,2,GY,1,100,14.160,0.732
3281229,7026,2,GZ,1,100,-0.610,-0.641
"
2026-03-05T00:01:13.492Z,1772668873492,10.168.15.94,3132,"3281229,7027,2,MX,1,100,65,65
3281229,7028,2,MY,1,100,32,31
3281229,7029,2,MZ,1,100,-5,-7
"
2026-03-05T00:01:13.587Z,1772668873587,10.168.15.94,3132,"3281335,7030,1,SF,1,100,2.7411
3281336,7031,3,PI,1,100,147382,147350,147368
3281336,7032,3,PR,1,100,112060,112076,112052
3281336,7033,3,PG,1,100,9425,9417,9418
3281335,7034,2,EA,1,100,0.231392,0.231454
3281335,7035,2,EL,1,100,-13597.599609,-13599.200195
3281328,7036,1,T1,1,100,36.192
3281343,7037,1,TH,1,100,35.045
3281349,7038,3,AX,1,100,0.815,0.810,0.819
3281349,7039,3,AY,1,100,0.579,0.550,0.565
3281349,7040,3,AZ,1,100,-0.231,-0.196,-0.193
3281349,7041,3,GX,1,100,8.911,5.554,3.754
"
2026-03-05T00:01:13.587Z,1772668873587,10.168.15.94,3132,"3281349,7042,3,GY,1,100,-8.972,2.441,3.784
3281349,7043,3,GZ,1,100,-3.235,-1.465,-3.662
3281349,7044,3,MX,1,100,65,66,65
3281349,7045,3,MY,1,100,31,33,31
3281349,7046,3,MZ,1,100,-7,-6,-7
"
2026-03-05T00:01:13.633Z,1772668873633,10.168.15.94,3132,"3281419,7047,4,EM,1,100,RS,RE,PS,MN
"
2026-03-05T00:01:13.686Z,1772668873686,10.168.15.94,3132,"3281419,7047,4,EM,1,100,RS,RE,PS,MN
3281456,7048,3,PI,1,100,147372,147346,147360
3281456,7049,3,PR,1,100,112073,112052,112052
3281456,7050,3,PG,1,100,9431,9433,9422
3281401,7051,1,EA,1,100,0.231423
3281401,7052,1,EL,1,100,-13598.400391
3281429,7053,2,AX,1,100,0.805,0.760
3281429,7054,2,AY,1,100,0.567,0.537
3281429,7055,2,AZ,1,100,-0.208,-0.228
3281429,7056,2,GX,1,100,10.712,9.247
3281429,7057,2,GY,1,100,5.768,7.812
3281429,7058,2,GZ,1,100,-10.834,-9.338
3281429,7059,2,MX,1,100,64,66
"
2026-03-05T00:01:13.687Z,1772668873687,10.168.15.94,3132,"3281429,7060,2,MY,1,100,31,31
3281429,7061,2,MZ,1,100,-6,-6
"
2026-03-05T00:01:13.791Z,1772668873791,10.168.15.94,3132,"3281536,7062,2,PI,1,100,147315,147232
3281536,7063,2,PR,1,100,112042,112022
3281536,7064,2,PG,1,100,9395,9401
3281535,7065,2,EA,1,100,0.231408,0.231354
3281535,7066,2,EL,1,100,-13598.000000,-13596.599609
3281461,7067,1,T1,1,100,36.154
3281476,7068,1,TH,1,100,35.045
3281549,7069,3,AX,1,100,0.755,0.779,0.790
3281549,7070,3,AY,1,100,0.565,0.567,0.545
3281549,7071,3,AZ,1,100,-0.253,-0.213,-0.201
3281549,7072,3,GX,1,100,8.270,5.096,4.272
3281549,7073,3,GY,1,100,9.521,3.845,-2.106
"
2026-03-05T00:01:13.792Z,1772668873792,10.168.15.94,3132,"3281549,7074,3,GZ,1,100,-2.533,1.282,1.617
3281549,7075,3,MX,1,100,66,64,66
3281549,7076,3,MY,1,100,30,31,32
3281549,7077,3,MZ,1,100,-6,-7,-7
"
2026-03-05T00:01:13.836Z,1772668873836,10.168.15.94,3132,"3281620,7078,4,EM,1,100,RS,RE,PS,MN
"
2026-03-05T00:01:13.885Z,1772668873885,10.168.15.94,3132,"3281620,7078,4,EM,1,100,RS,RE,PS,MN
3281601,7079,1,SF,1,100,2.7094
3281656,7080,3,PI,1,100,147194,147108,147009
3281656,7081,3,PR,1,100,111990,111931,111868
3281656,7082,3,PG,1,100,9370,9357,9350
3281601,7083,1,EA,1,100,0.231232
3281601,7084,1,EL,1,100,-13593.400391
3281595,7085,1,T1,1,100,36.208
3281609,7086,1,TH,1,100,35.106
3281629,7087,2,AX,1,100,0.830,0.781
3281629,7088,2,AY,1,100,0.585,0.607
3281629,7089,2,AZ,1,100,-0.234,-0.215
3281629,7090,2,GX,1,100,9.338,11.658
"
2026-03-05T00:01:13.890Z,1772668873890,10.168.15.94,3132,"3281629,7091,2,GY,1,100,-5.737,-3.632
3281629,7092,2,GZ,1,100,-2.075,-6.073
3281629,7093,2,MX,1,100,64,64
3281629,7094,2,MY,1,100,31,31
3281629,7095,2,MZ,1,100,-7,-7
"
2026-03-05T00:01:13.991Z,1772668873991,10.168.15.94,3132,"3281736,7096,2,PI,1,100,146978,146965
3281736,7097,2,PR,1,100,111843,111832
3281736,7098,2,PG,1,100,9342,9334
3281735,7099,2,EA,1,100,0.231255,0.231301
3281735,7100,2,EL,1,100,-13594.000000,-13595.200195
3281728,7101,1,T1,1,100,36.161
3281743,7102,1,TH,1,100,35.106
3281749,7103,3,AX,1,100,0.796,0.798,0.786
3281749,7104,3,AY,1,100,0.590,0.572,0.568
3281749,7105,3,AZ,1,100,-0.209,-0.235,-0.239
3281749,7106,3,GX,1,100,4.456,7.019,7.721
3281749,7107,3,GY,1,100,4.517,-2.106,-0.153
"
2026-03-05T00:01:13.992Z,1772668873992,10.168.15.94,3132,"3281749,7108,3,GZ,1,100,-1.984,-0.549,-3.479
3281749,7109,3,MX,1,100,65,64,65
3281749,7110,3,MY,1,100,31,31,31
3281749,7111,3,MZ,1,100,-7,-8,-8
"
2026-03-05T00:01:14.003Z,1772668874003,10.168.15.94,3132,"3281790,7112,2,RD,1,100,TL,TU
"
2026-03-05T00:01:14.111Z,1772668874111,10.168.15.94,3132,"3281892,7113,4,EM,1,100,RS,RE,PS,MN
"
2026-03-05T00:01:14.127Z,1772668874127,10.168.15.94,3132,"3281790,7112,2,RD,1,100,TL,TU
3281892,7113,4,EM,1,100,RS,RE,PS,MN
3281896,7114,4,PI,1,100,146920,146894,146862,146848
3281896,7115,4,PR,1,100,111836,111818,111788,111776
3281896,7116,4,PG,1,100,9332,9323,9328,9319
3281868,7117,2,EA,1,100,0.231224,0.231247
3281868,7118,2,EL,1,100,-13593.200195,-13593.799805
3281861,7119,1,T1,1,100,36.282
3281876,7120,1,TH,1,100,34.999
3281869,7121,3,AX,1,100,0.767,0.742,0.768
3281869,7122,3,AY,1,100,0.562,0.556,0.553
3281869,7123,3,AZ,1,100,-0.231,-0.269,-0.251
"
2026-03-05T00:01:14.129Z,1772668874129,10.168.15.94,3132,"3281869,7124,3,GX,1,100,1.831,1.495,-2.472
3281869,7125,3,GY,1,100,8.545,4.700,-1.587
3281869,7126,3,GZ,1,100,-1.007,1.007,4.578
3281869,7127,3,MX,1,100,64,64,64
3281869,7128,3,MY,1,100,32,32,32
3281869,7129,3,MZ,1,100,-9,-7,-7
"
2026-03-05T00:01:14.245Z,1772668874245,10.168.15.94,3132,"3281935,7130,1,SF,1,100,2.6780
3281976,7131,2,PI,1,100,146788,146777
3281976,7132,2,PR,1,100,111768,111752
3281976,7133,2,PG,1,100,9326,9296
3281935,7134,1,EA,1,100,0.231239
3281935,7135,1,EL,1,100,-13593.599609
3281994,7136,1,T1,1,100,36.264
3281989,7137,3,AX,1,100,0.813,0.821,0.816
3281989,7138,3,AY,1,100,0.555,0.568,0.575
3281989,7139,3,AZ,1,100,-0.189,-0.212,-0.245
3281989,7140,3,GX,1,100,-6.012,2.014,7.080
3281989,7141,3,GY,1,100,-12.054,-14.923,1.740
3281989,7142,3,GZ,1,100,5.768,1.831,0.916
"
2026-03-05T00:01:14.246Z,1772668874246,10.168.15.94,3132,"3281989,7143,3,MX,1,100,65,64,64
3281989,7144,3,MY,1,100,32,32,31
3281989,7145,3,MZ,1,100,-7,-9,-7
"
2026-03-05T00:01:14.312Z,1772668874312,10.168.15.94,3132,"3282093,7146,4,EM,1,100,RS,RE,PS,MN
"
2026-03-05T00:01:14.326Z,1772668874326,10.168.15.94,3132,"3282093,7146,4,EM,1,100,RS,RE,PS,MN
3282096,7147,3,PI,1,100,146719,146685,146601
3282096,7148,3,PR,1,100,111719,111697,111652
3282096,7149,3,PG,1,100,9278,9267,9259
3282068,7150,2,EA,1,100,0.231262,0.231194
3282068,7151,2,EL,1,100,-13594.200195,-13592.400391
3282009,7152,1,TH,1,100,34.999
3282069,7153,2,AX,1,100,0.803,0.748
3282069,7154,2,AY,1,100,0.566,0.567
3282069,7155,2,AZ,1,100,-0.256,-0.255
3282069,7156,2,GX,1,100,5.829,2.136
3282069,7157,2,GY,1,100,-1.617,5.005
3282069,7158,2,GZ,1,100,0.977,1.068
"
2026-03-05T00:01:14.327Z,1772668874327,10.168.15.94,3132,"3282069,7159,2,MX,1,100,64,64
3282069,7160,2,MY,1,100,32,31
3282069,7161,2,MZ,1,100,-7,-6
"
2026-03-05T00:01:14.433Z,1772668874433,10.168.15.94,3132,"3282176,7162,2,PI,1,100,146555,146509
3282176,7163,2,PR,1,100,111626,111626
3282176,7164,2,PG,1,100,9241,9243
3282135,7165,1,EA,1,100,0.231079
3282135,7166,1,EL,1,100,-13589.400391
3282128,7167,1,T1,1,100,36.185
3282143,7168,1,TH,1,100,35.048
3282189,7169,3,AX,1,100,0.751,0.792,0.788
3282189,7170,3,AY,1,100,0.539,0.553,0.547
3282189,7171,3,AZ,1,100,-0.253,-0.255,-0.223
3282189,7172,3,GX,1,100,-1.587,0.153,2.228
3282189,7173,3,GY,1,100,9.460,-2.899,-11.353
3282189,7174,3,GZ,1,100,3.754,4.791,0.183
"
2026-03-05T00:01:14.447Z,1772668874447,10.168.15.94,3132,"3282189,7175,3,MX,1,100,64,63,64
3282189,7176,3,MY,1,100,32,32,32
3282189,7177,3,MZ,1,100,-8,-8,-7
"
2026-03-05T00:01:14.510Z,1772668874510,10.168.15.94,3132,"3282297,7178,4,EM,1,100,RS,RE,PS,MN
"
2026-03-05T00:01:14.531Z,1772668874531,10.168.15.94,3132,"3282297,7178,4,EM,1,100,RS,RE,PS,MN
3282268,7179,1,SF,1,100,2.6470
3282296,7180,3,PI,1,100,146471,146354,146369
3282296,7181,3,PR,1,100,111580,111514,111512
3282296,7182,3,PG,1,100,9237,9216,9214
3282268,7183,2,EA,1,100,0.231171,0.231354
3282268,7184,2,EL,1,100,-13591.799805,-13596.599609
3282261,7185,1,T1,1,100,36.186
3282276,7186,1,TH,1,100,35.048
3282269,7187,2,AX,1,100,0.817,0.812
3282269,7188,2,AY,1,100,0.549,0.522
3282269,7189,2,AZ,1,100,-0.229,-0.223
3282269,7190,2,GX,1,100,2.594,3.845
"
2026-03-05T00:01:14.533Z,1772668874533,10.168.15.94,3132,"3282269,7191,2,GY,1,100,-2.777,-0.946
3282269,7192,2,GZ,1,100,-1.434,-0.244
3282269,7193,2,MX,1,100,64,63
3282269,7194,2,MY,1,100,31,31
3282269,7195,2,MZ,1,100,-7,-9
"
2026-03-05T00:01:14.645Z,1772668874645,10.168.15.94,3132,"3282376,7196,2,PI,1,100,146469,146551
3282376,7197,2,PR,1,100,111568,111598
3282376,7198,2,PG,1,100,9229,9246
3282401,7199,2,EA,1,100,0.231224,0.231102
3282401,7200,2,EL,1,100,-13593.200195,-13590.000000
3282394,7201,1,T1,1,100,36.187
3282409,7202,1,TH,1,100,35.035
3282389,7203,3,AX,1,100,0.795,0.749,0.757
3282389,7204,3,AY,1,100,0.559,0.549,0.496
3282389,7205,3,AZ,1,100,-0.266,-0.253,-0.285
3282389,7206,3,GX,1,100,5.096,2.716,0.366
3282389,7207,3,GY,1,100,-1.373,7.111,7.507
"
2026-03-05T00:01:14.646Z,1772668874646,10.168.15.94,3132,"3282389,7208,3,GZ,1,100,-1.221,-0.214,4.730
3282389,7209,3,MX,1,100,63,63,64
3282389,7210,3,MY,1,100,31,32,33
3282389,7211,3,MZ,1,100,-9,-8,-8
"
2026-03-05T00:01:14.709Z,1772668874709,10.168.15.94,3132,"3282498,7212,4,EM,1,100,RS,RE,PS,MN
"
2026-03-05T00:01:14.734Z,1772668874734,10.168.15.94,3132,"3282498,7212,4,EM,1,100,RS,RE,PS,MN
3282456,7213,1,BI,1,100,2520
3282456,7214,1,HR,1,100,29.82
3282496,7215,3,PI,1,100,146624,146609,146514
3282496,7216,3,PR,1,100,111647,111633,111569
3282496,7217,3,PG,1,100,9240,9252,9257
3282468,7218,1,EA,1,100,0.231163
3282468,7219,1,EL,1,100,-13591.599609
3282469,7220,2,AX,1,100,0.765,0.856
3282469,7221,2,AY,1,100,0.568,0.496
3282469,7222,2,AZ,1,100,-0.274,-0.230
3282469,7223,2,GX,1,100,1.953,-0.641
3282469,7224,2,GY,1,100,-2.441,-11.841
"
2026-03-05T00:01:14.735Z,1772668874735,10.168.15.94,3132,"3282469,7225,2,GZ,1,100,6.409,2.472
3282469,7226,2,MX,1,100,63,63
3282469,7227,2,MY,1,100,32,32
3282469,7228,2,MZ,1,100,-7,-9
"
2026-03-05T00:01:14.835Z,1772668874835,10.168.15.94,3132,"3282601,7229,1,SF,1,100,2.6164
3282576,7230,2,PI,1,100,146461,146485
3282576,7231,2,PR,1,100,111538,111567
3282576,7232,2,PG,1,100,9205,9205
3282601,7233,2,EA,1,100,0.231117,0.231048
3282601,7234,2,EL,1,100,-13590.400391,-13588.599609
3282528,7235,1,T1,1,100,36.187
3282543,7236,1,TH,1,100,35.042
3282589,7237,3,AX,1,100,0.781,0.856,0.739
3282589,7238,3,AY,1,100,0.515,0.545,0.560
3282589,7239,3,AZ,1,100,-0.229,-0.245,-0.230
3282589,7240,3,GX,1,100,1.923,3.693,2.899
3282589,7241,3,GY,1,100,2.747,-9.216,9.430
"
2026-03-05T00:01:14.848Z,1772668874848,10.168.15.94,3132,"3282589,7242,3,GZ,1,100,0.458,-2.380,0.702
3282589,7243,3,MX,1,100,63,63,63
3282589,7244,3,MY,1,100,31,32,32
3282589,7245,3,MZ,1,100,-9,-9,-9
"
2026-03-05T00:01:14.919Z,1772668874919,10.168.15.94,3132,"3282699,7246,4,EM,1,100,RS,RE,PS,MN
"
2026-03-05T00:01:14.937Z,1772668874937,10.168.15.94,3132,"3282699,7246,4,EM,1,100,RS,RE,PS,MN
3282696,7247,3,PI,1,100,146499,146557,146548
3282696,7248,3,PR,1,100,111573,111621,111612
3282696,7249,3,PG,1,100,9220,9216,9218
3282668,7250,1,EA,1,100,0.230926
3282668,7251,1,EL,1,100,-13585.400391
3282661,7252,1,T1,1,100,36.117
3282676,7253,1,TH,1,100,35.086
3282709,7254,3,AX,1,100,0.809,0.782,0.822
3282709,7255,3,AY,1,100,0.508,0.486,0.545
3282709,7256,3,AZ,1,100,-0.280,-0.235,-0.273
3282709,7257,3,GX,1,100,5.066,5.341,6.012
"
2026-03-05T00:01:14.938Z,1772668874938,10.168.15.94,3132,"3282709,7258,3,GY,1,100,11.383,-2.808,-4.425
3282709,7259,3,GZ,1,100,6.165,4.150,3.235
3282709,7260,3,MX,1,100,62,63,63
3282709,7261,3,MY,1,100,33,32,33
3282709,7262,3,MZ,1,100,-9,-9,-8
"
2026-03-05T00:01:15.039Z,1772668875039,10.168.15.94,3132,"3282776,7263,2,PI,1,100,146513,146477
3282776,7264,2,PR,1,100,111601,111581
3282776,7265,2,PG,1,100,9217,9226
3282801,7266,2,EA,1,100,0.230911,0.230949
3282801,7267,2,EL,1,100,-13585.000000,-13586.000000
3282794,7268,1,T1,1,100,36.121
3282809,7269,1,TH,1,100,35.079
3282789,7270,2,AX,1,100,0.765,0.876
3282789,7271,2,AY,1,100,0.572,0.564
3282789,7272,2,AZ,1,100,-0.243,-0.271
3282789,7273,2,GX,1,100,7.538,4.761
3282789,7274,2,GY,1,100,5.402,-5.981
3282789,7275,2,GZ,1,100,2.930,1.831
"
2026-03-05T00:01:15.044Z,1772668875044,10.168.15.94,3132,"3282789,7276,2,MX,1,100,62,63
3282789,7277,2,MY,1,100,33,33
3282789,7278,2,MZ,1,100,-10,-9
"
2026-03-05T00:01:15.114Z,1772668875114,10.168.15.94,3132,"3282901,7279,4,EM,1,100,RS,RE,PS,MN
"
2026-03-05T00:01:15.139Z,1772668875139,10.168.15.94,3132,"3282901,7279,4,EM,1,100,RS,RE,PS,MN
3282896,7280,3,PI,1,100,146486,146462,146479
3282896,7281,3,PR,1,100,111590,111586,111599
3282896,7282,3,PG,1,100,9218,9214,9238
3282868,7283,1,EA,1,100,0.231094
3282868,7284,1,EL,1,100,-13589.799805
3282909,7285,3,AX,1,100,0.764,0.797,0.794
3282909,7286,3,AY,1,100,0.533,0.496,0.535
3282909,7287,3,AZ,1,100,-0.258,-0.270,-0.277
3282909,7288,3,GX,1,100,3.052,-1.099,-1.709
3282909,7289,3,GY,1,100,-1.648,10.132,2.747
3282909,7290,3,GZ,1,100,-0.305,0.916,2.289
"
2026-03-05T00:01:15.139Z,1772668875139,10.168.15.94,3132,"3282909,7291,3,MX,1,100,63,63,61
3282909,7292,3,MY,1,100,33,33,34
3282909,7293,3,MZ,1,100,-9,-9,-8
"
2026-03-05T00:01:15.244Z,1772668875244,10.168.15.94,3132,"3283001,7294,1,SF,1,100,2.5862
3282976,7295,2,PI,1,100,146486,146500
3282976,7296,2,PR,1,100,111605,111606
3282976,7297,2,PG,1,100,9236,9238
3283001,7298,2,EA,1,100,0.231025,0.230980
3283001,7299,2,EL,1,100,-13588.000000,-13586.799805
3282928,7300,1,T1,1,100,36.123
3282942,7301,1,TH,1,100,35.001
3283002,7302,2,AX,1,100,0.794,0.835
3283002,7303,2,AY,1,100,0.495,0.491
3283002,7304,2,AZ,1,100,-0.223,-0.229
3283002,7305,2,GX,1,100,-1.007,0.519
3283002,7306,2,GY,1,100,-3.021,0.641
"
2026-03-05T00:01:15.252Z,1772668875252,10.168.15.94,3132,"3283002,7307,2,GZ,1,100,1.678,1.892
3283002,7308,2,MX,1,100,62,63
3283002,7309,2,MY,1,100,33,33
3283002,7310,2,MZ,1,100,-8,-9
"
2026-03-05T00:01:15.314Z,1772668875314,10.168.15.94,3132,"3283102,7311,4,EM,1,100,RS,RE,PS,MN
"
2026-03-05T00:01:15.342Z,1772668875342,10.168.15.94,3132,"3283102,7311,4,EM,1,100,RS,RE,PS,MN
3283109,7312,3,PI,1,100,146482,146459,146422
3283109,7313,3,PR,1,100,111600,111586,111569
3283109,7314,3,PG,1,100,9249,9245,9234
3283068,7315,1,EA,1,100,0.231033
3283068,7316,1,EL,1,100,-13588.200195
3283061,7317,1,T1,1,100,36.231
3283076,7318,1,TH,1,100,35.008
3283109,7319,3,AX,1,100,0.818,0.806,0.816
3283109,7320,3,AY,1,100,0.516,0.521,0.534
3283109,7321,3,AZ,1,100,-0.274,-0.266,-0.311
3283109,7322,3,GX,1,100,6.470,6.073,2.411
"
2026-03-05T00:01:15.343Z,1772668875343,10.168.15.94,3132,"3283109,7323,3,GY,1,100,-1.129,-2.228,-0.305
3283109,7324,3,GZ,1,100,3.510,1.678,1.282
3283109,7325,3,MX,1,100,63,61,62
3283109,7326,3,MY,1,100,33,33,34
3283109,7327,3,MZ,1,100,-9,-10,-8
"
2026-03-05T00:01:15.496Z,1772668875496,10.168.15.94,3132,"3283189,7328,2,PI,1,100,146336,146280
3283189,7329,2,PR,1,100,111513,111483
3283189,7330,2,PG,1,100,9212,9203
3283201,7331,2,EA,1,100,0.230964,0.230972
3283201,7332,2,EL,1,100,-13586.400391,-13586.599609
3283194,7333,1,T1,1,100,36.206
3283209,7334,1,TH,1,100,35.035
3283189,7335,2,AX,1,100,0.787,0.796
3283189,7336,2,AY,1,100,0.480,0.547
3283189,7337,2,AZ,1,100,-0.227,-0.270
3283189,7338,2,GX,1,100,-3.571,-1.129
3283189,7339,2,GY,1,100,7.996,3.082
3283189,7340,2,GZ,1,100,1.678,-0.214
"
2026-03-05T00:01:15.497Z,1772668875497,10.168.15.94,3132,"3283189,7341,2,MX,1,100,62,62
3283189,7342,2,MY,1,100,33,33
3283189,7343,2,MZ,1,100,-9,-9
"
2026-03-05T00:01:15.514Z,1772668875514,10.168.15.94,3132,"3283303,7344,4,EM,1,100,RS,RE,PS,MN
"
2026-03-05T00:01:15.546Z,1772668875546,10.168.15.94,3132,"3283303,7344,4,EM,1,100,RS,RE,PS,MN
3283268,7345,1,SF,1,100,2.5562
3283309,7346,3,PI,1,100,146272,146305,146353
3283309,7347,3,PR,1,100,111503,111504,111565
3283309,7348,3,PG,1,100,9189,9178,9205
3283268,7349,1,EA,1,100,0.230880
3283268,7350,1,EL,1,100,-13584.200195
3283269,7351,2,AX,1,100,0.826,0.832
3283269,7352,2,AY,1,100,0.472,0.470
3283269,7353,2,AZ,1,100,-0.227,-0.225
3283269,7354,2,GX,1,100,-1.801,-2.625
3283269,7355,2,GY,1,100,-3.296,4.303
3283269,7356,2,GZ,1,100,2.289,2.777
"
2026-03-05T00:01:15.555Z,1772668875555,10.168.15.94,3132,"3283269,7357,2,MX,1,100,61,61
3283269,7358,2,MY,1,100,35,33
3283269,7359,2,MZ,1,100,-9,-9
"
2026-03-05T00:01:15.667Z,1772668875667,10.168.15.94,3132,"3283389,7360,2,PI,1,100,146405,146416
3283389,7361,2,PR,1,100,111615,111641
3283389,7362,2,PG,1,100,9212,9216
3283401,7363,2,EA,1,100,0.230842,0.230873
3283401,7364,2,EL,1,100,-13583.200195,-13584.000000
3283328,7365,1,T1,1,100,36.196
3283343,7366,1,TH,1,100,35.035
3283402,7367,3,AX,1,100,0.806,0.859,0.814
3283402,7368,3,AY,1,100,0.535,0.529,0.508
3283402,7369,3,AZ,1,100,-0.253,-0.258,-0.256
3283402,7370,3,GX,1,100,4.303,4.150,1.404
3283402,7371,3,GY,1,100,1.953,-4.089,-0.885
"
2026-03-05T00:01:15.674Z,1772668875674,10.168.15.94,3132,"3283402,7372,3,GZ,1,100,3.357,3.906,-0.061
3283402,7373,3,MX,1,100,63,62,62
3283402,7374,3,MY,1,100,33,33,34
3283402,7375,3,MZ,1,100,-9,-9,-9
"
2026-03-05T00:01:15.724Z,1772668875724,10.168.15.94,3132,"3283504,7376,4,EM,1,100,RS,RE,PS,MN
"
2026-03-05T00:01:15.748Z,1772668875748,10.168.15.94,3132,"3283504,7376,4,EM,1,100,RS,RE,PS,MN
3283429,7377,1,BI,1,100,960
3283429,7378,1,HR,1,100,37.09
3283509,7379,3,PI,1,100,146475,146551,146616
3283509,7380,3,PR,1,100,111685,111744,111782
3283509,7381,3,PG,1,100,9232,9250,9249
3283468,7382,1,EA,1,100,0.230911
3283468,7383,1,EL,1,100,-13585.000000
3283461,7384,1,T1,1,100,36.191
3283476,7385,1,TH,1,100,35.022
3283482,7386,2,AX,1,100,0.801,0.777
3283482,7387,2,AY,1,100,0.508,0.510
3283482,7388,2,AZ,1,100,-0.261,-0.245
3283482,7389,2,GX,1,100,-1.953,-5.615
"
2026-03-05T00:01:15.752Z,1772668875752,10.168.15.94,3132,"3283482,7390,2,GY,1,100,14.740,7.080
3283482,7391,2,GZ,1,100,0.275,0.702
3283482,7392,2,MX,1,100,61,62
3283482,7393,2,MY,1,100,35,34
3283482,7394,2,MZ,1,100,-8,-10
"
2026-03-05T00:01:15.851Z,1772668875851,10.168.15.94,3132,"3283601,7395,1,SF,1,100,2.5267
3283589,7396,2,PI,1,100,146631,146661
3283589,7397,2,PR,1,100,111780,111818
3283589,7398,2,PG,1,100,9270,9278
3283601,7399,2,EA,1,100,0.230919,0.230888
3283601,7400,2,EL,1,100,-13585.200195,-13584.400391
3283594,7401,1,T1,1,100,36.189
3283609,7402,1,TH,1,100,35.022
3283602,7403,3,AX,1,100,0.824,0.871,0.820
3283602,7404,3,AY,1,100,0.540,0.511,0.495
3283602,7405,3,AZ,1,100,-0.241,-0.215,-0.210
3283602,7406,3,GX,1,100,-5.219,-4.547,-2.258
"
2026-03-05T00:01:15.854Z,1772668875854,10.168.15.94,3132,"3283602,7407,3,GY,1,100,-1.343,-9.338,4.944
3283602,7408,3,GZ,1,100,1.770,-1.190,-3.021
3283602,7409,3,MX,1,100,62,62,61
3283602,7410,3,MY,1,100,34,34,35
3283602,7411,3,MZ,1,100,-9,-9,-9
"
2026-03-05T00:01:15.940Z,1772668875940,10.168.15.94,3132,"3283705,7412,4,EM,1,100,RS,RE,PS,MN
"
2026-03-05T00:01:15.956Z,1772668875956,10.168.15.94,3132,"3283705,7412,4,EM,1,100,RS,RE,PS,MN
3283709,7413,3,PI,1,100,146694,146746,146757
3283709,7414,3,PR,1,100,111854,111849,111870
3283709,7415,3,PG,1,100,9287,9286,9306
3283668,7416,1,EA,1,100,0.230964
3283668,7417,1,EL,1,100,-13586.400391
3283722,7418,3,AX,1,100,0.840,0.787,0.803
3283722,7419,3,AY,1,100,0.512,0.497,0.532
3283722,7420,3,AZ,1,100,-0.250,-0.234,-0.239
3283722,7421,3,GX,1,100,-1.099,-1.312,-2.380
3283722,7422,3,GY,1,100,2.380,-4.272,0.641
3283722,7423,3,GZ,1,100,-3.113,-1.984,-2.228
"
2026-03-05T00:01:15.966Z,1772668875966,10.168.15.94,3132,"3283722,7424,3,MX,1,100,61,63,62
3283722,7425,3,MY,1,100,33,34,34
3283722,7426,3,MZ,1,100,-9,-7,-8
"
2026-03-05T00:01:16.055Z,1772668876055,10.168.15.94,3132,"3283789,7427,2,PI,1,100,146806,146898
3283789,7428,2,PR,1,100,111881,111935
3283789,7429,2,PG,1,100,9300,9318
3283801,7430,2,EA,1,100,0.230934,0.230888
3283801,7431,2,EL,1,100,-13585.599609,-13584.400391
3283728,7432,1,T1,1,100,36.188
3283743,7433,1,TH,1,100,34.994
3283802,7434,2,AX,1,100,0.784,0.801
3283802,7435,2,AY,1,100,0.538,0.511
3283802,7436,2,AZ,1,100,-0.249,-0.242
3283802,7437,2,GX,1,100,0.214,-2.502
3283802,7438,2,GY,1,100,-8.820,-5.615
3283802,7439,2,GZ,1,100,-3.632,-0.671
"
2026-03-05T00:01:16.059Z,1772668876059,10.168.15.94,3132,"3283802,7440,2,MX,1,100,62,63
3283802,7441,2,MY,1,100,33,33
3283802,7442,2,MZ,1,100,-8,-9
"
2026-03-05T00:01:16.128Z,1772668876128,10.168.15.94,3132,"3283906,7443,4,EM,1,100,RS,RE,PS,MN
"
2026-03-05T00:01:16.166Z,1772668876166,10.168.15.94,3132,"3283906,7443,4,EM,1,100,RS,RE,PS,MN
3283909,7444,3,PI,1,100,146970,146941,146836
3283909,7445,3,PR,1,100,111987,111971,111903
3283909,7446,3,PG,1,100,9309,9315,9300
3283868,7447,1,EA,1,100,0.230873
3283868,7448,1,EL,1,100,-13584.000000
3283861,7449,1,T1,1,100,36.081
3283876,7450,1,TH,1,100,34.994
3283922,7451,3,AX,1,100,0.818,0.823,0.819
3283922,7452,3,AY,1,100,0.543,0.479,0.502
3283922,7453,3,AZ,1,100,-0.235,-0.245,-0.286
3283922,7454,3,GX,1,100,-1.526,2.136,3.479
"
2026-03-05T00:01:16.166Z,1772668876166,10.168.15.94,3132,"3283922,7455,3,GY,1,100,-4.395,-4.456,4.456
3283922,7456,3,GZ,1,100,-0.153,-2.655,2.319
3283922,7457,3,MX,1,100,63,63,63
3283922,7458,3,MY,1,100,33,33,33
3283922,7459,3,MZ,1,100,-7,-8,-8
"
2026-03-05T00:01:16.259Z,1772668876259,10.168.15.94,3132,"3284001,7460,1,SF,1,100,2.4974
3283989,7461,2,PI,1,100,146728,146733
3283989,7462,2,PR,1,100,111844,111880
3283989,7463,2,PG,1,100,9297,9293
3284001,7464,2,EA,1,100,0.230835,0.230842
3284001,7465,2,EL,1,100,-13583.000000,-13583.200195
3283994,7466,1,T1,1,100,36.106
3284009,7467,1,TH,1,100,35.063
3284002,7468,2,AX,1,100,0.782,0.841
3284002,7469,2,AY,1,100,0.549,0.480
3284002,7470,2,AZ,1,100,-0.240,-0.195
3284002,7471,2,GX,1,100,6.958,-3.021
3284002,7472,2,GY,1,100,15.472,20.660
"
2026-03-05T00:01:16.261Z,1772668876261,10.168.15.94,3132,"3284002,7473,2,GZ,1,100,3.021,1.373
3284002,7474,2,MX,1,100,63,62
3284002,7475,2,MY,1,100,34,33
3284002,7476,2,MZ,1,100,-7,-9
"
2026-03-05T00:01:16.324Z,1772668876324,10.168.15.94,3132,"3284110,7477,4,EM,1,100,RS,RE,PS,MN
"
2026-03-05T00:01:16.361Z,1772668876361,10.168.15.94,3132,"3284110,7477,4,EM,1,100,RS,RE,PS,MN
3284109,7478,3,PI,1,100,146783,146664,146601
3284109,7479,3,PR,1,100,112002,111934,111923
3284109,7480,3,PG,1,100,9287,9290,9278
3284068,7481,1,EA,1,100,0.230743
3284068,7482,1,EL,1,100,-13580.599609
3284128,7483,1,T1,1,100,36.188
3284122,7484,3,AX,1,100,0.795,0.841,0.834
3284122,7485,3,AY,1,100,0.549,0.496,0.532
3284122,7486,3,AZ,1,100,-0.223,-0.219,-0.239
3284122,7487,3,GX,1,100,2.533,2.380,0.977
3284122,7488,3,GY,1,100,5.310,-9.247,3.906
"
2026-03-05T00:01:16.363Z,1772668876363,10.168.15.94,3132,"3284122,7489,3,GZ,1,100,0.153,0.061,-0.061
3284122,7490,3,MX,1,100,62,63,62
3284122,7491,3,MY,1,100,34,35,33
3284122,7492,3,MZ,1,100,-8,-8,-7
"
2026-03-05T00:01:16.461Z,1772668876461,10.168.15.94,3132,"3284229,7493,3,PI,1,100,146531,146429,146315
3284229,7494,3,PR,1,100,111874,111781,111715
3284229,7495,3,PG,1,100,9276,9283,9268
3284201,7496,2,EA,1,100,0.230758,0.230781
3284201,7497,2,EL,1,100,-13581.000000,-13581.599609
3284142,7498,1,TH,1,100,35.063
3284202,7499,2,AX,1,100,0.805,0.853
3284202,7500,2,AY,1,100,0.463,0.530
3284202,7501,2,AZ,1,100,-0.216,-0.250
3284202,7502,2,GX,1,100,2.106,0.031
3284202,7503,2,GY,1,100,3.479,-5.005
3284202,7504,2,GZ,1,100,-1.495,-2.625
3284202,7505,2,MX,1,100,63,63
"
2026-03-05T00:01:16.462Z,1772668876462,10.168.15.94,3132,"3284202,7506,2,MY,1,100,34,34
3284202,7507,2,MZ,1,100,-7,-8
"
2026-03-05T00:01:16.536Z,1772668876536,10.168.15.94,3132,"3284311,7508,4,EM,1,100,RS,RE,PS,MN
"
2026-03-05T00:01:16.574Z,1772668876574,10.168.15.94,3132,"3284311,7508,4,EM,1,100,RS,RE,PS,MN
3284268,7509,1,SF,1,100,2.4685
3284309,7510,2,PI,1,100,146278,146260
3284309,7511,2,PR,1,100,111680,111672
3284309,7512,2,PG,1,100,9277,9262
3284268,7513,1,EA,1,100,0.230857
3284268,7514,1,EL,1,100,-13583.599609
3284261,7515,1,T1,1,100,36.188
3284276,7516,1,TH,1,100,35.058
3284322,7517,3,AX,1,100,0.777,0.802,0.887
3284322,7518,3,AY,1,100,0.512,0.511,0.509
3284322,7519,3,AZ,1,100,-0.220,-0.211,-0.228
3284322,7520,3,GX,1,100,-1.099,-3.815,-0.458
"
2026-03-05T00:01:16.575Z,1772668876575,10.168.15.94,3132,"3284322,7521,3,GY,1,100,10.284,11.627,-6.012
3284322,7522,3,GZ,1,100,-3.937,-0.854,-1.373
3284322,7523,3,MX,1,100,62,62,63
3284322,7524,3,MY,1,100,34,34,34
3284322,7525,3,MZ,1,100,-6,-8,-7
"
2026-03-05T00:01:16.666Z,1772668876666,10.168.15.94,3132,"3284429,7526,3,PI,1,100,146254,146439,146606
3284429,7527,3,PR,1,100,111677,111837,111925
3284429,7528,3,PG,1,100,9283,9280,9264
3284401,7529,2,EA,1,100,0.230751,0.230629
3284401,7530,2,EL,1,100,-13580.799805,-13577.599609
3284394,7531,1,T1,1,100,36.223
3284409,7532,1,TH,1,100,35.058
3284402,7533,2,AX,1,100,0.729,0.896
3284402,7534,2,AY,1,100,0.588,0.505
3284402,7535,2,AZ,1,100,-0.199,-0.190
3284402,7536,2,GX,1,100,6.226,0.916
3284402,7537,2,GY,1,100,10.345,7.660
3284402,7538,2,GZ,1,100,0.366,0.519
"
2026-03-05T00:01:16.669Z,1772668876669,10.168.15.94,3132,"3284402,7539,2,MX,1,100,63,62
3284402,7540,2,MY,1,100,34,34
3284402,7541,2,MZ,1,100,-7,-7
"
2026-03-05T00:01:16.723Z,1772668876723,10.168.15.94,3132,"3284512,7542,4,EM,1,100,RS,RE,PS,MN
"
2026-03-05T00:01:16.777Z,1772668876777,10.168.15.94,3132,"3284512,7542,4,EM,1,100,RS,RE,PS,MN
3284469,7543,1,BI,1,100,1040
3284469,7544,1,HR,1,100,41.66
3284509,7545,2,PI,1,100,146660,146666
3284509,7546,2,PR,1,100,111950,111926
3284509,7547,2,PG,1,100,9261,9240
3284534,7548,2,EA,1,100,0.230652,0.230659
3284534,7549,2,EL,1,100,-13578.200195,-13578.400391
3284528,7550,1,T1,1,100,36.167
3284542,7551,1,TH,1,100,35.058
3284522,7552,3,AX,1,100,0.804,0.823,0.792
3284522,7553,3,AY,1,100,0.521,0.508,0.510
3284522,7554,3,AZ,1,100,-0.217,-0.213,-0.204
"
2026-03-05T00:01:16.781Z,1772668876781,10.168.15.94,3132,"3284522,7555,3,GX,1,100,2.808,0.641,-3.845
3284522,7556,3,GY,1,100,-6.958,7.660,4.700
3284522,7557,3,GZ,1,100,-2.228,-0.977,2.197
3284522,7558,3,MX,1,100,62,62,62
3284522,7559,3,MY,1,100,34,34,34
3284522,7560,3,MZ,1,100,-5,-7,-6
"
2026-03-05T00:01:16.863Z,1772668876863,10.168.15.94,3132,"3284601,7561,1,SF,1,100,2.4400
3284629,7562,3,PI,1,100,146688,146764,146844
3284629,7563,3,PR,1,100,111969,111995,112038
3284629,7564,3,PG,1,100,9243,9267,9255
3284601,7565,1,EA,1,100,0.230606
3284601,7566,1,EL,1,100,-13577.000000
3284602,7567,2,AX,1,100,0.817,0.852
3284602,7568,2,AY,1,100,0.546,0.540
3284602,7569,2,AZ,1,100,-0.207,-0.190
3284602,7570,2,GX,1,100,-1.862,-3.601
3284602,7571,2,GY,1,100,-3.632,-9.705
3284602,7572,2,GZ,1,100,-0.427,-2.777
3284602,7573,2,MX,1,100,63,63
"
2026-03-05T00:01:16.867Z,1772668876867,10.168.15.94,3132,"3284602,7574,2,MY,1,100,33,34
3284602,7575,2,MZ,1,100,-7,-6
"
2026-03-05T00:01:16.930Z,1772668876930,10.168.15.94,3132,"3284713,7576,4,EM,1,100,RS,RE,PS,MN
"
2026-03-05T00:01:16.973Z,1772668876973,10.168.15.94,3132,"3284713,7576,4,EM,1,100,RS,RE,PS,MN
3284709,7577,2,PI,1,100,146965,147027
3284709,7578,2,PR,1,100,112062,112081
3284709,7579,2,PG,1,100,9268,9272
3284734,7580,2,EA,1,100,0.230644,0.230690
3284734,7581,2,EL,1,100,-13578.000000,-13579.200195
3284661,7582,1,T1,1,100,36.143
3284676,7583,1,TH,1,100,35.058
3284722,7584,3,AX,1,100,0.853,0.794,0.812
3284722,7585,3,AY,1,100,0.498,0.520,0.559
3284722,7586,3,AZ,1,100,-0.192,-0.214,-0.241
3284722,7587,3,GX,1,100,-3.784,0.549,1.587
"
2026-03-05T00:01:16.974Z,1772668876974,10.168.15.94,3132,"3284722,7588,3,GY,1,100,0.153,-2.625,-0.671
3284722,7589,3,GZ,1,100,-3.510,-2.869,-0.671
3284722,7590,3,MX,1,100,63,64,63
3284722,7591,3,MY,1,100,33,34,33
3284722,7592,3,MZ,1,100,-7,-7,-7
"
2026-03-05T00:01:17.072Z,1772668877072,10.168.15.94,3132,"3284829,7593,3,PI,1,100,147010,146991,146999
3284829,7594,3,PR,1,100,112067,112083,112078
3284829,7595,3,PG,1,100,9296,9311,9319
3284801,7596,1,EA,1,100,0.230758
3284801,7597,1,EL,1,100,-13581.000000
3284794,7598,1,T1,1,100,36.275
3284809,7599,1,TH,1,100,34.991
3284802,7600,2,AX,1,100,0.778,0.827
3284802,7601,2,AY,1,100,0.516,0.540
3284802,7602,2,AZ,1,100,-0.197,-0.208
3284802,7603,2,GX,1,100,-4.425,-1.373
3284802,7604,2,GY,1,100,4.883,1.495
3284802,7605,2,GZ,1,100,1.434,1.709
3284802,7606,2,MX,1,100,63,63
"
2026-03-05T00:01:17.073Z,1772668877073,10.168.15.94,3132,"3284802,7607,2,MY,1,100,34,34
3284802,7608,2,MZ,1,100,-6,-7
"
2026-03-05T00:01:17.127Z,1772668877127,10.168.15.94,3132,"3284914,7609,4,EM,1,100,RS,RE,PS,MN
"
2026-03-05T00:01:17.176Z,1772668877176,10.168.15.94,3132,"3284914,7609,4,EM,1,100,RS,RE,PS,MN
3284934,7610,1,SF,1,100,2.4118
3284909,7611,2,PI,1,100,146925,146846
3284909,7612,2,PR,1,100,112024,111953
3284909,7613,2,PG,1,100,9325,9312
3284934,7614,2,EA,1,100,0.230728,0.230774
3284934,7615,2,EL,1,100,-13580.200195,-13581.400391
3284927,7616,1,T1,1,100,36.225
3284942,7617,1,TH,1,100,34.991
3284922,7618,3,AX,1,100,0.859,0.786,0.839
3284922,7619,3,AY,1,100,0.527,0.577,0.534
3284922,7620,3,AZ,1,100,-0.205,-0.173,-0.212
3284922,7621,3,GX,1,100,0.275,0.641,0.916
"
2026-03-05T00:01:17.177Z,1772668877177,10.168.15.94,3132,"3284922,7622,3,GY,1,100,-12.329,-4.761,6.683
3284922,7623,3,GZ,1,100,-1.099,-3.235,-2.258
3284922,7624,3,MX,1,100,62,63,63
3284922,7625,3,MY,1,100,33,35,33
3284922,7626,3,MZ,1,100,-6,-6,-7
"
2026-03-05T00:01:17.274Z,1772668877274,10.168.15.94,3132,"3285029,7627,3,PI,1,100,146773,146659,146557
3285029,7628,3,PR,1,100,111913,111857,111793
3285029,7629,3,PG,1,100,9305,9327,9295
3285001,7630,1,EA,1,100,0.230713
3285001,7631,1,EL,1,100,-13579.799805
3285042,7632,3,AX,1,100,0.795,0.757,0.840
3285042,7633,3,AY,1,100,0.520,0.541,0.528
3285042,7634,3,AZ,1,100,-0.212,-0.220,-0.216
3285042,7635,3,GX,1,100,1.831,-0.366,-0.549
3285042,7636,3,GY,1,100,-0.763,10.498,-3.662
3285042,7637,3,GZ,1,100,-1.190,1.068,1.465
3285042,7638,3,MX,1,100,63,63,63
"
2026-03-05T00:01:17.282Z,1772668877282,10.168.15.94,3132,"3285042,7639,3,MY,1,100,33,33,34
3285042,7640,3,MZ,1,100,-5,-7,-6
"
2026-03-05T00:01:17.328Z,1772668877328,10.168.15.94,3132,"3285115,7641,4,EM,1,100,RS,RE,PS,MN
"
2026-03-05T00:01:17.377Z,1772668877377,10.168.15.94,3132,"3285115,7641,4,EM,1,100,RS,RE,PS,MN
3285109,7642,2,PI,1,100,146462,146361
3285109,7643,2,PR,1,100,111754,111701
3285109,7644,2,PG,1,100,9277,9278
3285134,7645,2,EA,1,100,0.230652,0.230766
3285134,7646,2,EL,1,100,-13578.200195,-13581.200195
3285061,7647,1,T1,1,100,36.133
3285076,7648,1,TH,1,100,35.058
3285122,7649,2,AX,1,100,0.816,0.830
3285122,7650,2,AY,1,100,0.523,0.536
3285122,7651,2,AZ,1,100,-0.178,-0.194
3285122,7652,2,GX,1,100,0.336,2.991
3285122,7653,2,GY,1,100,-4.791,1.587
"
2026-03-05T00:01:17.380Z,1772668877380,10.168.15.94,3132,"3285122,7654,2,GZ,1,100,-0.916,0.000
3285122,7655,2,MX,1,100,62,63
3285122,7656,2,MY,1,100,34,34
3285122,7657,2,MZ,1,100,-5,-7
"
2026-03-05T00:01:17.491Z,1772668877491,10.168.15.94,3132,"3285242,7658,3,PI,1,100,146319,146304,146323
3285242,7659,3,PR,1,100,111689,111697,111688
3285242,7660,3,PG,1,100,9258,9236,9252
3285201,7661,1,EA,1,100,0.230819
3285201,7662,1,EL,1,100,-13582.599609
3285194,7663,1,T1,1,100,36.164
3285209,7664,1,TH,1,100,35.058
3285242,7665,3,AX,1,100,0.839,0.777,0.831
3285242,7666,3,AY,1,100,0.553,0.537,0.519
3285242,7667,3,AZ,1,100,-0.194,-0.217,-0.233
3285242,7668,3,GX,1,100,2.747,2.960,0.488
3285242,7669,3,GY,1,100,-3.510,4.425,1.526
"
2026-03-05T00:01:17.491Z,1772668877491,10.168.15.94,3132,"3285242,7670,3,GZ,1,100,0.580,0.397,1.831
3285242,7671,3,MX,1,100,63,64,63
3285242,7672,3,MY,1,100,33,33,33
3285242,7673,3,MZ,1,100,-7,-6,-7
"
2026-03-05T00:01:17.528Z,1772668877528,10.168.15.94,3132,"3285316,7674,4,EM,1,100,RS,RE,PS,MN
"
2026-03-05T00:01:17.579Z,1772668877579,10.168.15.94,3132,"3285316,7674,4,EM,1,100,RS,RE,PS,MN
3285334,7675,1,SF,1,100,2.3839
3285322,7676,2,PI,1,100,146379,146385
3285322,7677,2,PR,1,100,111725,111742
3285322,7678,2,PG,1,100,9255,9259
3285334,7679,2,EA,1,100,0.230682,0.230690
3285334,7680,2,EL,1,100,-13579.000000,-13579.200195
3285327,7681,1,T1,1,100,36.213
3285342,7682,1,TH,1,100,35.058
3285322,7683,2,AX,1,100,0.774,0.836
3285322,7684,2,AY,1,100,0.531,0.511
3285322,7685,2,AZ,1,100,-0.250,-0.167
3285322,7686,2,GX,1,100,0.641,-3.204
"
2026-03-05T00:01:17.590Z,1772668877590,10.168.15.94,3132,"3285322,7687,2,GY,1,100,-3.693,-4.211
3285322,7688,2,GZ,1,100,0.153,1.709
3285322,7689,2,MX,1,100,62,63
3285322,7690,2,MY,1,100,34,34
3285322,7691,2,MZ,1,100,-6,-7
"
2026-03-05T00:01:17.682Z,1772668877682,10.168.15.94,3132,"3285442,7692,3,PI,1,100,146343,146297,146265
3285442,7693,3,PR,1,100,111706,111695,111674
3285442,7694,3,PG,1,100,9247,9263,9243
3285401,7695,1,EA,1,100,0.230720
3285401,7696,1,EL,1,100,-13580.000000
3285442,7697,3,AX,1,100,0.833,0.866,0.795
3285442,7698,3,AY,1,100,0.592,0.548,0.515
3285442,7699,3,AZ,1,100,-0.208,-0.196,-0.200
3285442,7700,3,GX,1,100,2.258,5.157,4.150
3285442,7701,3,GY,1,100,-1.617,-4.242,6.012
3285442,7702,3,GZ,1,100,-0.061,-2.686,-5.432
3285442,7703,3,MX,1,100,63,64,63
"
2026-03-05T00:01:17.683Z,1772668877683,10.168.15.94,3132,"3285442,7704,3,MY,1,100,34,34,34
3285442,7705,3,MZ,1,100,-7,-8,-7
"
2026-03-05T00:01:17.730Z,1772668877730,10.168.15.94,3132,"3285517,7706,4,EM,1,100,RS,RE,PS,MN
"
2026-03-05T00:01:17.781Z,1772668877781,10.168.15.94,3132,"3285517,7706,4,EM,1,100,RS,RE,PS,MN
3285522,7707,2,PI,1,100,146233,146233
3285522,7708,2,PR,1,100,111656,111646
3285522,7709,2,PG,1,100,9259,9260
3285534,7710,2,EA,1,100,0.230720,0.230758
3285534,7711,2,EL,1,100,-13580.000000,-13581.000000
3285461,7712,1,T1,1,100,36.198
3285476,7713,1,TH,1,100,35.058
3285522,7714,2,AX,1,100,0.801,0.776
3285522,7715,2,AY,1,100,0.541,0.526
3285522,7716,2,AZ,1,100,-0.249,-0.213
3285522,7717,2,GX,1,100,4.730,1.404
3285522,7718,2,GY,1,100,5.524,2.625
"
2026-03-05T00:01:17.782Z,1772668877782,10.168.15.94,3132,"3285522,7719,2,GZ,1,100,-3.876,-1.678
3285522,7720,2,MX,1,100,63,63
3285522,7721,2,MY,1,100,34,34
3285522,7722,2,MZ,1,100,-5,-7
"
2026-03-05T00:01:17.887Z,1772668877887,10.168.15.94,3132,"3285601,7723,1,SF,1,100,2.3563
3285642,7724,3,PI,1,100,146212,146242,146220
3285642,7725,3,PR,1,100,111641,111646,111634
3285642,7726,3,PG,1,100,9267,9260,9262
3285601,7727,1,EA,1,100,0.230720
3285601,7728,1,EL,1,100,-13580.000000
3285594,7729,1,T1,1,100,36.121
3285609,7730,1,TH,1,100,34.940
3285642,7731,3,AX,1,100,0.795,0.835,0.819
3285642,7732,3,AY,1,100,0.541,0.528,0.513
3285642,7733,3,AZ,1,100,-0.220,-0.217,-0.184
3285642,7734,3,GX,1,100,-0.854,1.434,0.000
3285642,7735,3,GY,1,100,3.479,-0.671,-4.883
"
2026-03-05T00:01:17.887Z,1772668877887,10.168.15.94,3132,"3285642,7736,3,GZ,1,100,-0.580,-1.068,-1.556
3285642,7737,3,MX,1,100,62,63,63
3285642,7738,3,MY,1,100,33,33,33
3285642,7739,3,MZ,1,100,-5,-6,-5
"
2026-03-05T00:01:17.931Z,1772668877931,10.168.15.94,3132,"3285718,7740,4,EM,1,100,RS,RE,PS,MN
"
2026-03-05T00:01:17.985Z,1772668877985,10.168.15.94,3132,"3285718,7740,4,EM,1,100,RS,RE,PS,MN
3285722,7741,2,PI,1,100,146159,146123
3285722,7742,2,PR,1,100,111597,111598
3285722,7743,2,PG,1,100,9255,9250
3285734,7744,2,EA,1,100,0.230682,0.230652
3285734,7745,2,EL,1,100,-13579.000000,-13578.200195
3285727,7746,1,T1,1,100,36.088
3285742,7747,1,TH,1,100,34.940
3285722,7748,2,AX,1,100,0.810,0.812
3285722,7749,2,AY,1,100,0.509,0.538
3285722,7750,2,AZ,1,100,-0.194,-0.225
3285722,7751,2,GX,1,100,1.434,5.554
3285722,7752,2,GY,1,100,5.310,3.784
"
2026-03-05T00:01:17.987Z,1772668877987,10.168.15.94,3132,"3285722,7753,2,GZ,1,100,0.122,2.655
3285722,7754,2,MX,1,100,63,63
3285722,7755,2,MY,1,100,34,33
3285722,7756,2,MZ,1,100,-7,-7
"
2026-03-05T00:01:18.085Z,1772668878085,10.168.15.94,3132,"3285842,7757,3,PI,1,100,146133,146128,146091
3285842,7758,3,PR,1,100,111571,111577,111551
3285842,7759,3,PG,1,100,9223,9214,9214
3285801,7760,1,EA,1,100,0.230591
3285801,7761,1,EL,1,100,-13576.599609
3285842,7762,3,AX,1,100,0.810,0.797,0.847
3285842,7763,3,AY,1,100,0.502,0.550,0.540
3285842,7764,3,AZ,1,100,-0.240,-0.215,-0.188
3285842,7765,3,GX,1,100,4.272,-0.916,-2.136
3285842,7766,3,GY,1,100,-3.418,2.411,3.448
3285842,7767,3,GZ,1,100,2.899,4.211,3.571
3285842,7768,3,MX,1,100,63,63,62
"
2026-03-05T00:01:18.088Z,1772668878088,10.168.15.94,3132,"3285842,7769,3,MY,1,100,33,34,35
3285842,7770,3,MZ,1,100,-6,-5,-5
"
2026-03-05T00:01:18.137Z,1772668878137,10.168.15.94,3132,"3285919,7771,4,EM,1,100,RS,RE,PS,MN
"
2026-03-05T00:01:18.190Z,1772668878190,10.168.15.94,3132,"3285919,7771,4,EM,1,100,RS,RE,PS,MN
3285934,7772,1,SF,1,100,2.3290
3285922,7773,2,PI,1,100,146036,145972
3285922,7774,2,PR,1,100,111506,111479
3285922,7775,2,PG,1,100,9217,9198
3285934,7776,2,EA,1,100,0.230614,0.230644
3285934,7777,2,EL,1,100,-13577.200195,-13578.000000
3285861,7778,1,T1,1,100,36.144
3285876,7779,1,TH,1,100,35.044
3285922,7780,2,AX,1,100,0.811,0.851
3285922,7781,2,AY,1,100,0.550,0.479
3285922,7782,2,AZ,1,100,-0.205,-0.198
3285922,7783,2,GX,1,100,1.984,2.258
"
2026-03-05T00:01:18.192Z,1772668878192,10.168.15.94,3132,"3285922,7784,2,GY,1,100,1.953,-2.411
3285922,7785,2,GZ,1,100,0.641,-1.373
3285922,7786,2,MX,1,100,62,63
3285922,7787,2,MY,1,100,35,34
3285922,7788,2,MZ,1,100,-7,-6
3285900,7789,1,BV,1,100,3.89
3285900,7790,1,B%,1,100,75
"
2026-03-05T00:01:18.288Z,1772668878288,10.168.15.94,3132,"3286042,7791,3,PI,1,100,145881,145876,145884
3286042,7792,3,PR,1,100,111433,111421,111412
3286042,7793,3,PG,1,100,9200,9196,9184
3286001,7794,1,EA,1,100,0.230667
3286001,7795,1,EL,1,100,-13578.599609
3285994,7796,1,T1,1,100,36.098
3286009,7797,1,TH,1,100,35.044
3286042,7798,3,AX,1,100,0.808,0.757,0.824
3286042,7799,3,AY,1,100,0.522,0.524,0.551
3286042,7800,3,AZ,1,100,-0.222,-0.227,-0.207
3286042,7801,3,GX,1,100,0.580,-0.458,-3.235
3286042,7802,3,GY,1,100,1.953,10.925,0.488
"
2026-03-05T00:01:18.289Z,1772668878289,10.168.15.94,3132,"3286042,7803,3,GZ,1,100,-1.740,0.732,2.686
3286042,7804,3,MX,1,100,63,63,63
3286042,7805,3,MY,1,100,33,34,34
3286042,7806,3,MZ,1,100,-6,-7,-7
"
2026-03-05T00:01:18.344Z,1772668878344,10.168.15.94,3132,"3286124,7807,4,EM,1,100,RS,RE,PS,MN
"
2026-03-05T00:01:18.394Z,1772668878394,10.168.15.94,3132,"3286124,7807,4,EM,1,100,RS,RE,PS,MN
3286162,7808,3,PI,1,100,145964,145984,145959
3286162,7809,3,PR,1,100,111447,111457,111435
3286162,7810,3,PG,1,100,9199,9208,9212
3286134,7811,2,EA,1,100,0.230652,0.230568
3286134,7812,2,EL,1,100,-13578.200195,-13576.000000
3286127,7813,1,T1,1,100,36.149
3286142,7814,1,TH,1,100,35.104
3286162,7815,3,AX,1,100,0.801,0.895,0.829
3286162,7816,3,AY,1,100,0.533,0.497,0.528
3286162,7817,3,AZ,1,100,-0.177,-0.190,-0.205
3286162,7818,3,GX,1,100,0.671,4.028,2.075
"
2026-03-05T00:01:18.394Z,1772668878394,10.168.15.94,3132,"3286162,7819,3,GY,1,100,5.676,-3.448,-3.754
3286162,7820,3,GZ,1,100,2.563,-1.251,-0.458
3286162,7821,3,MX,1,100,62,61,62
3286162,7822,3,MY,1,100,35,34,34
3286162,7823,3,MZ,1,100,-6,-6,-6
"
2026-03-05T00:01:18.499Z,1772668878499,10.168.15.94,3132,"3286242,7824,2,PI,1,100,145947,145960
3286242,7825,2,PR,1,100,111438,111454
3286242,7826,2,PG,1,100,9212,9227
3286201,7827,1,EA,1,100,0.230561
3286201,7828,1,EL,1,100,-13575.799805
3286261,7829,1,T1,1,100,36.100
3286242,7830,2,AX,1,100,0.812,0.788
3286242,7831,2,AY,1,100,0.542,0.535
3286242,7832,2,AZ,1,100,-0.203,-0.205
3286242,7833,2,GX,1,100,-2.167,-3.937
3286242,7834,2,GY,1,100,3.693,2.350
3286242,7835,2,GZ,1,100,2.014,1.495
3286242,7836,2,MX,1,100,63,63
3286242,7837,2,MY,1,100,35,35
"
2026-03-05T00:01:18.504Z,1772668878504,10.168.15.94,3132,"3286242,7838,2,MZ,1,100,-7,-7
"
2026-03-05T00:01:18.538Z,1772668878538,10.168.15.94,3132,"3286325,7839,4,EM,1,100,RS,RE,PS,MN
"
2026-03-05T00:01:18.594Z,1772668878594,10.168.15.94,3132,"3286325,7839,4,EM,1,100,RS,RE,PS,MN
3286334,7840,1,SF,1,100,2.3021
3286362,7841,3,PI,1,100,145975,145950,145968
3286362,7842,3,PR,1,100,111439,111422,111420
3286362,7843,3,PG,1,100,9242,9215,9208
3286334,7844,2,EA,1,100,0.230591,0.230500
3286334,7845,2,EL,1,100,-13576.599609,-13574.200195
3286275,7846,1,TH,1,100,35.103
3286362,7847,3,AX,1,100,0.834,0.832,0.797
3286362,7848,3,AY,1,100,0.493,0.527,0.552
3286362,7849,3,AZ,1,100,-0.190,-0.202,-0.203
3286362,7850,3,GX,1,100,-3.113,-0.305,0.671
"
2026-03-05T00:01:18.600Z,1772668878600,10.168.15.94,3132,"3286362,7851,3,GY,1,100,1.617,-3.998,0.397
3286362,7852,3,GZ,1,100,-1.007,-3.174,-1.343
3286362,7853,3,MX,1,100,63,63,62
3286362,7854,3,MY,1,100,34,35,33
3286362,7855,3,MZ,1,100,-6,-6,-6
"
2026-03-05T00:01:18.697Z,1772668878697,10.168.15.94,3132,"3286442,7856,2,PI,1,100,145914,145863
3286442,7857,2,PR,1,100,111393,111371
3286442,7858,2,PG,1,100,9211,9189
3286467,7859,2,EA,1,100,0.230462,0.230492
3286467,7860,2,EL,1,100,-13573.200195,-13574.000000
3286394,7861,1,T1,1,100,36.079
3286409,7862,1,TH,1,100,34.998
3286442,7863,2,AX,1,100,0.853,0.835
3286442,7864,2,AY,1,100,0.519,0.509
3286442,7865,2,AZ,1,100,-0.168,-0.167
3286442,7866,2,GX,1,100,-2.258,0.092
3286442,7867,2,GY,1,100,4.791,3.021
3286442,7868,2,GZ,1,100,1.312,-0.427
"
2026-03-05T00:01:18.699Z,1772668878699,10.168.15.94,3132,"3286442,7869,2,MX,1,100,63,63
3286442,7870,2,MY,1,100,34,34
3286442,7871,2,MZ,1,100,-7,-4
"
2026-03-05T00:01:18.742Z,1772668878742,10.168.15.94,3132,"3286526,7872,4,EM,1,100,RS,RE,PS,MN
"
2026-03-05T00:01:18.803Z,1772668878803,10.168.15.94,3132,"3286526,7872,4,EM,1,100,RS,RE,PS,MN
3286562,7873,3,PI,1,100,145806,145801,145821
3286562,7874,3,PR,1,100,111368,111348,111371
3286562,7875,3,PG,1,100,9176,9183,9186
3286534,7876,1,EA,1,100,0.230530
3286534,7877,1,EL,1,100,-13575.000000
3286527,7878,1,T1,1,100,36.211
3286542,7879,1,TH,1,100,34.998
3286562,7880,3,AX,1,100,0.823,0.813,0.804
3286562,7881,3,AY,1,100,0.523,0.523,0.525
3286562,7882,3,AZ,1,100,-0.207,-0.211,-0.180
3286562,7883,3,GX,1,100,2.838,-0.214,-0.305
"
2026-03-05T00:01:18.807Z,1772668878807,10.168.15.94,3132,"3286562,7884,3,GY,1,100,-4.181,2.686,5.524
3286562,7885,3,GZ,1,100,0.488,2.899,2.930
3286562,7886,3,MX,1,100,63,63,63
3286562,7887,3,MY,1,100,35,34,34
3286562,7888,3,MZ,1,100,-6,-7,-6
"
2026-03-05T00:01:18.915Z,1772668878915,10.168.15.94,3132,"3286667,7889,1,SF,1,100,2.2755
3286642,7890,2,PI,1,100,145811,145782
3286642,7891,2,PR,1,100,111344,111357
3286642,7892,2,PG,1,100,9164,9187
3286667,7893,2,EA,1,100,0.230484,0.230545
3286667,7894,2,EL,1,100,-13573.799805,-13575.400391
3286661,7895,1,T1,1,100,36.198
3286675,7896,1,TH,1,100,35.093
3286642,7897,2,AX,1,100,0.859,0.794
3286642,7898,2,AY,1,100,0.531,0.532
3286642,7899,2,AZ,1,100,-0.184,-0.182
3286642,7900,2,GX,1,100,0.610,-0.122
3286642,7901,2,GY,1,100,-0.031,5.737
"
2026-03-05T00:01:18.915Z,1772668878915,10.168.15.94,3132,"3286642,7902,2,GZ,1,100,-0.763,-0.641
3286642,7903,2,MX,1,100,63,61
3286642,7904,2,MY,1,100,34,35
3286642,7905,2,MZ,1,100,-5,-5
"
2026-03-05T00:01:18.941Z,1772668878941,10.168.15.94,3132,"3286727,7906,4,EM,1,100,RS,RE,PS,MN
"
2026-03-05T00:01:19.011Z,1772668879011,10.168.15.94,3132,"3286727,7906,4,EM,1,100,RS,RE,PS,MN
3286762,7907,3,PI,1,100,145784,145726,145706
3286762,7908,3,PR,1,100,111342,111318,111299
3286762,7909,3,PG,1,100,9173,9177,9161
3286734,7910,1,EA,1,100,0.230599
3286734,7911,1,EL,1,100,-13576.799805
3286762,7912,3,AX,1,100,0.840,0.800,0.829
3286762,7913,3,AY,1,100,0.517,0.517,0.527
3286762,7914,3,AZ,1,100,-0.174,-0.183,-0.189
3286762,7915,3,GX,1,100,-1.038,-0.061,-1.495
3286762,7916,3,GY,1,100,-1.862,2.289,2.045
3286762,7917,3,GZ,1,100,-0.122,0.519,2.167
"
2026-03-05T00:01:19.012Z,1772668879012,10.168.15.94,3132,"3286762,7918,3,MX,1,100,62,63,63
3286762,7919,3,MY,1,100,34,35,34
3286762,7920,3,MZ,1,100,-5,-5,-5
"
2026-03-05T00:01:19.104Z,1772668879104,10.168.15.94,3132,"3286842,7921,2,PI,1,100,145731,145760
3286842,7922,2,PR,1,100,111305,111311
3286842,7923,2,PG,1,100,9180,9186
3286867,7924,2,EA,1,100,0.230530,0.230386
3286867,7925,2,EL,1,100,-13575.000000,-13571.200195
3286794,7926,1,T1,1,100,36.086
3286809,7927,1,TH,1,100,35.093
3286842,7928,2,AX,1,100,0.812,0.834
3286842,7929,2,AY,1,100,0.529,0.521
3286842,7930,2,AZ,1,100,-0.178,-0.164
3286842,7931,2,GX,1,100,-3.021,-2.106
3286842,7932,2,GY,1,100,-4.120,0.092
3286842,7933,2,GZ,1,100,1.068,0.610
"
2026-03-05T00:01:19.105Z,1772668879105,10.168.15.94,3132,"3286842,7934,2,MX,1,100,63,63
3286842,7935,2,MY,1,100,34,35
3286842,7936,2,MZ,1,100,-4,-6
"
2026-03-05T00:01:19.109Z,1772668879109,10.168.15.94,3132,"3286896,7937,2,RD,1,100,TL,TU
"
2026-03-05T00:01:19.215Z,1772668879215,10.168.15.94,3132,"3286998,7938,4,EM,1,100,RS,RE,PS,MN
"
2026-03-05T00:01:19.238Z,1772668879238,10.168.15.94,3132,"3286896,7937,2,RD,1,100,TL,TU
3286998,7938,4,EM,1,100,RS,RE,PS,MN
3287001,7939,1,SF,1,100,2.2491
3287002,7940,4,PI,1,100,145761,145772,145762,145734
3287002,7941,4,PR,1,100,111323,111323,111317,111304
3287002,7942,4,PG,1,100,9187,9202,9205,9206
3287001,7943,2,EA,1,100,0.230393,0.230401
3287001,7944,2,EL,1,100,-13571.400391,-13571.599609
3286927,7945,1,T1,1,100,36.072
3286942,7946,1,TH,1,100,34.981
3287002,7947,4,AX,1,100,0.842,0.822,0.831,0.831
3287002,7948,4,AY,1,100,0.521,0.527,0.522,0.524
"
2026-03-05T00:01:19.238Z,1772668879238,10.168.15.94,3132,"3287002,7949,4,AZ,1,100,-0.168,-0.172,-0.199,-0.188
3287002,7950,4,GX,1,100,-0.610,0.763,1.526,-0.671
3287002,7951,4,GY,1,100,-1.770,-0.366,0.854,-4.913
3287002,7952,4,GZ,1,100,0.061,-0.275,0.580,-0.824
3287002,7953,4,MX,1,100,63,63,62,63
3287002,7954,4,MY,1,100,35,35,35,35
3287002,7955,4,MZ,1,100,-4,-5,-5,-4
"
2026-03-05T00:01:19.333Z,1772668879333,10.168.15.94,3132,"3287082,7956,2,PI,1,100,145710,145687
3287082,7957,2,PR,1,100,111279,111265
3287082,7958,2,PG,1,100,9183,9166
3287067,7959,1,EA,1,100,0.230378
3287067,7960,1,EL,1,100,-13571.000000
3287061,7961,1,T1,1,100,36.067
3287075,7962,1,TH,1,100,34.981
3287082,7963,2,AX,1,100,0.814,0.853
3287082,7964,2,AY,1,100,0.537,0.534
3287082,7965,2,AZ,1,100,-0.167,-0.181
3287082,7966,2,GX,1,100,-1.709,0.580
3287082,7967,2,GY,1,100,2.319,-0.427
3287082,7968,2,GZ,1,100,-0.122,-0.793
3287082,7969,2,MX,1,100,63,63
"
2026-03-05T00:01:19.335Z,1772668879335,10.168.15.94,3132,"3287082,7970,2,MY,1,100,34,33
3287082,7971,2,MZ,1,100,-4,-5
"
2026-03-05T00:01:19.417Z,1772668879417,10.168.15.94,3132,"3287199,7972,4,EM,1,100,RS,RE,PS,MN
"
2026-03-05T00:01:19.443Z,1772668879443,10.168.15.94,3132,"3287199,7972,4,EM,1,100,RS,RE,PS,MN
3287202,7973,3,PI,1,100,145680,145686,145638
3287202,7974,3,PR,1,100,111259,111253,111227
3287202,7975,3,PG,1,100,9181,9153,9153
3287201,7976,2,EA,1,100,0.230302,0.230333
3287201,7977,2,EL,1,100,-13569.000000,-13569.799805
3287194,7978,1,T1,1,100,36.064
3287209,7979,1,TH,1,100,35.004
3287202,7980,3,AX,1,100,0.812,0.834,0.820
3287202,7981,3,AY,1,100,0.516,0.515,0.526
3287202,7982,3,AZ,1,100,-0.195,-0.193,-0.179
3287202,7983,3,GX,1,100,2.411,-1.465,-1.129
"
2026-03-05T00:01:19.444Z,1772668879444,10.168.15.94,3132,"3287202,7984,3,GY,1,100,-2.075,1.648,-1.495
3287202,7985,3,GZ,1,100,-2.563,-0.061,-0.641
3287202,7986,3,MX,1,100,63,63,63
3287202,7987,3,MY,1,100,34,34,36
3287202,7988,3,MZ,1,100,-5,-6,-4
"
2026-03-05T00:01:19.540Z,1772668879540,10.168.15.94,3132,"3287267,7989,1,SF,1,100,2.2231
3287295,7990,2,PI,1,100,145618,145629
3287295,7991,2,PR,1,100,111230,111210
3287295,7992,2,PG,1,100,9165,9148
3287267,7993,1,EA,1,100,0.230492
3287267,7994,1,EL,1,100,-13574.000000
3287281,7995,2,AX,1,100,0.847,0.839
3287281,7996,2,AY,1,100,0.499,0.544
3287281,7997,2,AZ,1,100,-0.170,-0.194
3287281,7998,2,GX,1,100,0.427,1.556
3287281,7999,2,GY,1,100,-1.007,-1.526
3287281,8000,2,GZ,1,100,-1.038,-2.747
3287281,8001,2,MX,1,100,62,63
3287281,8002,2,MY,1,100,34,34
"
2026-03-05T00:01:19.542Z,1772668879542,10.168.15.94,3132,"3287281,8003,2,MZ,1,100,-5,-5
"
2026-03-05T00:01:19.620Z,1772668879620,10.168.15.94,3132,"3287403,8004,4,EM,1,100,RS,RE,PS,MN
"
2026-03-05T00:01:19.644Z,1772668879644,10.168.15.94,3132,"3287403,8004,4,EM,1,100,RS,RE,PS,MN
3287375,8005,2,PI,1,100,145604,145619
3287375,8006,2,PR,1,100,111197,111204
3287375,8007,2,PG,1,100,9149,9153
3287401,8008,2,EA,1,100,0.230507,0.230454
3287401,8009,2,EL,1,100,-13574.400391,-13573.000000
3287327,8010,1,T1,1,100,36.170
3287342,8011,1,TH,1,100,35.004
3287401,8012,3,AX,1,100,0.795,0.821,0.805
3287401,8013,3,AY,1,100,0.532,0.521,0.513
3287401,8014,3,AZ,1,100,-0.170,-0.178,-0.197
3287401,8015,3,GX,1,100,0.519,1.434,4.089
"
2026-03-05T00:01:19.651Z,1772668879651,10.168.15.94,3132,"3287401,8016,3,GY,1,100,3.143,4.822,2.380
3287401,8017,3,GZ,1,100,-1.709,-1.251,-0.732
3287401,8018,3,MX,1,100,62,62,63
3287401,8019,3,MY,1,100,34,34,34
3287401,8020,3,MZ,1,100,-4,-4,-3
"
2026-03-05T00:01:19.755Z,1772668879755,10.168.15.94,3132,"3287495,8021,3,PI,1,100,145618,145592,145575
3287495,8022,3,PR,1,100,111217,111207,111192
3287495,8023,3,PG,1,100,9170,9165,9157
3287467,8024,1,EA,1,100,0.230477
3287467,8025,1,EL,1,100,-13573.599609
3287461,8026,1,T1,1,100,36.215
3287475,8027,1,TH,1,100,35.032
3287481,8028,2,AX,1,100,0.826,0.807
3287481,8029,2,AY,1,100,0.544,0.529
3287481,8030,2,AZ,1,100,-0.199,-0.180
3287481,8031,2,GX,1,100,2.716,0.305
3287481,8032,2,GY,1,100,-0.854,0.275
3287481,8033,2,GZ,1,100,0.397,0.824
3287481,8034,2,MX,1,100,63,63
"
2026-03-05T00:01:19.755Z,1772668879755,10.168.15.94,3132,"3287481,8035,2,MY,1,100,35,34
3287481,8036,2,MZ,1,100,-5,-6
"
2026-03-05T00:01:19.823Z,1772668879823,10.168.15.94,3132,"3287603,8037,4,EM,1,100,RS,RE,PS,MN
"
2026-03-05T00:01:19.852Z,1772668879852,10.168.15.94,3132,"3287603,8037,4,EM,1,100,RS,RE,PS,MN
3287601,8038,1,SF,1,100,2.1974
3287615,8039,3,PI,1,100,145543,145512,145394
3287615,8040,3,PR,1,100,111173,111155,111133
3287615,8041,3,PG,1,100,9170,9167,9143
3287601,8042,2,EA,1,100,0.230409,0.230439
3287601,8043,2,EL,1,100,-13571.799805,-13572.599609
3287594,8044,1,T1,1,100,36.164
3287609,8045,1,TH,1,100,35.032
3287601,8046,3,AX,1,100,0.831,0.858,0.818
3287601,8047,3,AY,1,100,0.547,0.538,0.546
3287601,8048,3,AZ,1,100,-0.210,-0.185,-0.136
"
2026-03-05T00:01:19.853Z,1772668879853,10.168.15.94,3132,"3287601,8049,3,GX,1,100,-1.251,-4.822,-10.071
3287601,8050,3,GY,1,100,0.427,8.820,25.085
3287601,8051,3,GZ,1,100,-0.183,1.251,-0.366
3287601,8052,3,MX,1,100,63,63,63
3287601,8053,3,MY,1,100,34,34,34
3287601,8054,3,MZ,1,100,-4,-4,-3
"
2026-03-05T00:01:19.955Z,1772668879955,10.168.15.94,3132,"3287695,8055,2,PI,1,100,145293,145233
3287695,8056,2,PR,1,100,111096,111107
3287695,8057,2,PG,1,100,9112,9119
3287667,8058,1,EA,1,100,0.230401
3287667,8059,1,EL,1,100,-13571.599609
3287681,8060,2,AX,1,100,0.854,0.828
3287681,8061,2,AY,1,100,0.545,0.531
3287681,8062,2,AZ,1,100,-0.128,-0.115
3287681,8063,2,GX,1,100,-8.514,-8.575
3287681,8064,2,GY,1,100,17.761,16.968
3287681,8065,2,GZ,1,100,-4.913,-3.906
3287681,8066,2,MX,1,100,62,64
3287681,8067,2,MY,1,100,36,36
3287681,8068,2,MZ,1,100,-3,-1
"
2026-03-05T00:01:20.025Z,1772668880025,10.168.15.94,3132,"3287804,8069,4,EM,1,100,RS,RE,PS,MN
"
2026-03-05T00:01:20.046Z,1772668880046,10.168.15.94,3132,"3287804,8069,4,EM,1,100,RS,RE,PS,MN
3287815,8070,3,PI,1,100,145259,145354,145385
3287815,8071,3,PR,1,100,111150,111229,111253
3287815,8072,3,PG,1,100,9105,9112,9112
3287801,8073,2,EA,1,100,0.230469,0.230447
3287801,8074,2,EL,1,100,-13573.400391,-13572.799805
3287727,8075,1,T1,1,100,36.142
3287742,8076,1,TH,1,100,34.996
3287801,8077,3,AX,1,100,0.823,0.809,0.812
3287801,8078,3,AY,1,100,0.547,0.549,0.541
3287801,8079,3,AZ,1,100,-0.108,-0.102,-0.085
3287801,8080,3,GX,1,100,-9.155,-10.101,-9.460
"
2026-03-05T00:01:20.052Z,1772668880052,10.168.15.94,3132,"3287801,8081,3,GY,1,100,17.334,7.965,4.272
3287801,8082,3,GZ,1,100,-5.768,-7.599,-5.157
3287801,8083,3,MX,1,100,64,64,65
3287801,8084,3,MY,1,100,35,34,35
3287801,8085,3,MZ,1,100,-2, 0,-1
"
2026-03-05T00:01:20.157Z,1772668880157,10.168.15.94,3132,"3287895,8086,1,BI,1,100,3400
3287895,8087,1,HR,1,100,36.33
3287895,8088,2,PI,1,100,145465,145583
3287895,8089,2,PR,1,100,111308,111340
3287895,8090,2,PG,1,100,9100,9088
3287867,8091,1,EA,1,100,0.230447
3287867,8092,1,EL,1,100,-13572.799805
3287860,8093,1,T1,1,100,36.132
3287875,8094,1,TH,1,100,34.996
3287921,8095,3,AX,1,100,0.803,0.824,0.820
3287921,8096,3,AY,1,100,0.547,0.546,0.545
3287921,8097,3,AZ,1,100,-0.082,-0.082,-0.088
3287921,8098,3,GX,1,100,-4.791,-0.824,0.977
"
2026-03-05T00:01:20.157Z,1772668880157,10.168.15.94,3132,"3287921,8099,3,GY,1,100,4.608,0.244,-2.319
3287921,8100,3,GZ,1,100,-4.272,-2.808,-1.038
3287921,8101,3,MX,1,100,64,65,65
3287921,8102,3,MY,1,100,35,35,35
3287921,8103,3,MZ,1,100, 0, 0, 0
"
2026-03-05T00:01:20.220Z,1772668880220,10.168.15.94,3132,"3288005,8104,4,EM,1,100,RS,RE,PS,MN
"
2026-03-05T00:01:20.245Z,1772668880245,10.168.15.94,3132,"3288005,8104,4,EM,1,100,RS,RE,PS,MN
3288001,8105,1,SF,1,100,2.1720
3288015,8106,3,PI,1,100,145643,145652,145634
3288015,8107,3,PR,1,100,111391,111366,111352
3288015,8108,3,PG,1,100,9095,9118,9122
3288001,8109,2,EA,1,100,0.230363,0.230196
3288001,8110,2,EL,1,100,-13570.599609,-13566.200195
3287994,8111,1,T1,1,100,36.093
3288009,8112,1,TH,1,100,35.003
3288001,8113,2,AX,1,100,0.817,0.819
3288001,8114,2,AY,1,100,0.548,0.544
3288001,8115,2,AZ,1,100,-0.094,-0.086
3288001,8116,2,GX,1,100,2.472,2.808
"
2026-03-05T00:01:20.246Z,1772668880246,10.168.15.94,3132,"3288001,8117,2,GY,1,100,-1.099,-2.747
3288001,8118,2,GZ,1,100,0.488,1.587
3288001,8119,2,MX,1,100,64,66
3288001,8120,2,MY,1,100,35,34
3288001,8121,2,MZ,1,100,-1, 0
"
2026-03-05T00:01:20.344Z,1772668880344,10.168.15.94,3132,"3288095,8122,2,PI,1,100,145658,145666
3288095,8123,2,PR,1,100,111363,111328
3288095,8124,2,PG,1,100,9115,9129
3288067,8125,1,EA,1,100,0.230082
3288067,8126,1,EL,1,100,-13563.200195
3288081,8127,2,AX,1,100,0.826,0.792
3288081,8128,2,AY,1,100,0.558,0.552
3288081,8129,2,AZ,1,100,-0.088,-0.087
3288081,8130,2,GX,1,100,3.906,6.195
3288081,8131,2,GY,1,100,-6.226,-13.153
3288081,8132,2,GZ,1,100,1.556,0.458
3288081,8133,2,MX,1,100,64,65
3288081,8134,2,MY,1,100,35,35
3288081,8135,2,MZ,1,100, 0,-2
"
2026-03-05T00:01:20.421Z,1772668880421,10.168.15.94,3132,"3288206,8136,4,EM,1,100,RS,RE,PS,MN
"
2026-03-05T00:01:20.452Z,1772668880452,10.168.15.94,3132,"3288206,8136,4,EM,1,100,RS,RE,PS,MN
3288215,8137,3,PI,1,100,145599,145420,145216
3288215,8138,3,PR,1,100,111246,111103,110953
3288215,8139,3,PG,1,100,9110,9103,9084
3288201,8140,2,EA,1,100,0.230143,0.230128
3288201,8141,2,EL,1,100,-13564.799805,-13564.400391
3288127,8142,1,T1,1,100,36.182
3288142,8143,1,TH,1,100,35.003
3288201,8144,3,AX,1,100,0.803,0.799,0.833
3288201,8145,3,AY,1,100,0.555,0.546,0.531
3288201,8146,3,AZ,1,100,-0.135,-0.179,-0.209
3288201,8147,3,GX,1,100,9.521,16.174,16.418
"
2026-03-05T00:01:20.457Z,1772668880457,10.168.15.94,3132,"3288201,8148,3,GY,1,100,-29.358,-40.009,-34.515
3288201,8149,3,GZ,1,100,0.061,1.953,3.448
3288201,8150,3,MX,1,100,64,64,63
3288201,8151,3,MY,1,100,35,35,34
3288201,8152,3,MZ,1,100,-3,-5,-6
"
2026-03-05T00:01:20.558Z,1772668880558,10.168.15.94,3132,"3288267,8153,1,SF,1,100,2.1469
3288295,8154,2,PI,1,100,145151,145174
3288295,8155,2,PR,1,100,110897,110904
3288295,8156,2,PG,1,100,9061,9071
3288267,8157,1,EA,1,100,0.230173
3288267,8158,1,EL,1,100,-13565.599609
3288260,8159,1,T1,1,100,36.221
3288275,8160,1,TH,1,100,35.045
3288321,8161,3,AX,1,100,0.797,0.839,0.814
3288321,8162,3,AY,1,100,0.589,0.533,0.542
3288321,8163,3,AZ,1,100,-0.245,-0.211,-0.209
3288321,8164,3,GX,1,100,14.008,9.094,3.448
3288321,8165,3,GY,1,100,-14.008,-5.310,3.021
"
2026-03-05T00:01:20.559Z,1772668880559,10.168.15.94,3132,"3288321,8166,3,GZ,1,100,6.042,6.317,3.540
3288321,8167,3,MX,1,100,63,62,63
3288321,8168,3,MY,1,100,33,33,34
3288321,8169,3,MZ,1,100,-6,-5,-6
"
2026-03-05T00:01:20.625Z,1772668880625,10.168.15.94,3132,"3288411,8170,4,EM,1,100,RS,RE,PS,MN
"
2026-03-05T00:01:20.651Z,1772668880651,10.168.15.94,3132,"3288411,8170,4,EM,1,100,RS,RE,PS,MN
3288415,8171,3,PI,1,100,145173,145182,145228
3288415,8172,3,PR,1,100,110904,110923,110958
3288415,8173,3,PG,1,100,9080,9063,9072
3288401,8174,2,EA,1,100,0.230045,0.230029
3288401,8175,2,EL,1,100,-13562.200195,-13561.799805
3288394,8176,1,T1,1,100,36.273
3288409,8177,1,TH,1,100,35.045
3288401,8178,2,AX,1,100,0.819,0.811
3288401,8179,2,AY,1,100,0.516,0.528
3288401,8180,2,AZ,1,100,-0.205,-0.220
3288401,8181,2,GX,1,100,0.427,0.214
3288401,8182,2,GY,1,100,6.226,-2.899
"
2026-03-05T00:01:20.653Z,1772668880653,10.168.15.94,3132,"3288401,8183,2,GZ,1,100,3.296,2.838
3288401,8184,2,MX,1,100,62,63
3288401,8185,2,MY,1,100,34,33
3288401,8186,2,MZ,1,100,-7,-7
"
2026-03-05T00:01:20.754Z,1772668880754,10.168.15.94,3132,"3288495,8187,2,PI,1,100,145195,145054
3288495,8188,2,PR,1,100,110930,110845
3288495,8189,2,PG,1,100,9084,9060
3288467,8190,1,EA,1,100,0.229976
3288467,8191,1,EL,1,100,-13560.400391
3288521,8192,3,AX,1,100,0.816,0.836,0.807
3288521,8193,3,AY,1,100,0.519,0.552,0.514
3288521,8194,3,AZ,1,100,-0.184,-0.182,-0.194
3288521,8195,3,GX,1,100,-0.183,-0.427,1.404
3288521,8196,3,GY,1,100,-4.639,-2.441,-1.160
3288521,8197,3,GZ,1,100,2.228,-0.946,0.122
3288521,8198,3,MX,1,100,63,63,62
3288521,8199,3,MY,1,100,33,34,34
"
2026-03-05T00:01:20.756Z,1772668880756,10.168.15.94,3132,"3288521,8200,3,MZ,1,100,-7,-7,-7
"
2026-03-05T00:01:20.832Z,1772668880832,10.168.15.94,3132,"3288612,8201,4,EM,1,100,RS,RE,PS,MN
"
2026-03-05T00:01:20.857Z,1772668880857,10.168.15.94,3132,"3288612,8201,4,EM,1,100,RS,RE,PS,MN
3288601,8202,1,SF,1,100,2.1220
3288615,8203,3,PI,1,100,145007,144998,144972
3288615,8204,3,PR,1,100,110834,110822,110811
3288615,8205,3,PG,1,100,9044,9057,9054
3288601,8206,2,EA,1,100,0.229976,0.229976
3288601,8207,2,EL,1,100,-13560.400391,-13560.400391
3288527,8208,1,T1,1,100,36.224
3288542,8209,1,TH,1,100,35.003
3288601,8210,2,AX,1,100,0.795,0.809
3288601,8211,2,AY,1,100,0.513,0.526
3288601,8212,2,AZ,1,100,-0.212,-0.231
3288601,8213,2,GX,1,100,2.106,4.272
"
2026-03-05T00:01:20.859Z,1772668880859,10.168.15.94,3132,"3288601,8214,2,GY,1,100,0.580,-5.890
3288601,8215,2,GZ,1,100,1.831,1.160
3288601,8216,2,MX,1,100,63,62
3288601,8217,2,MY,1,100,33,33
3288601,8218,2,MZ,1,100,-7,-6
"
2026-03-05T00:01:20.957Z,1772668880957,10.168.15.94,3132,"3288695,8219,2,PI,1,100,144979,144967
3288695,8220,2,PR,1,100,110795,110802
3288695,8221,2,PG,1,100,9042,9060
3288667,8222,1,EA,1,100,0.230067
3288667,8223,1,EL,1,100,-13562.799805
3288660,8224,1,T1,1,100,36.062
3288675,8225,1,TH,1,100,35.003
3288721,8226,3,AX,1,100,0.842,0.856,0.788
3288721,8227,3,AY,1,100,0.505,0.531,0.561
3288721,8228,3,AZ,1,100,-0.250,-0.266,-0.265
3288721,8229,3,GX,1,100,5.188,4.120,-1.190
3288721,8230,3,GY,1,100,-19.897,-25.482,-15.930
3288721,8231,3,GZ,1,100,-3.448,-9.827,-11.139
"
2026-03-05T00:01:20.959Z,1772668880959,10.168.15.94,3132,"3288721,8232,3,MX,1,100,63,63,63
3288721,8233,3,MY,1,100,33,33,32
3288721,8234,3,MZ,1,100,-7,-8,-9
"
2026-03-05T00:01:21.038Z,1772668881038,10.168.15.94,3132,"3288816,8235,4,EM,1,100,RS,RE,PS,MN
"
2026-03-05T00:01:21.058Z,1772668881058,10.168.15.94,3132,"3288816,8235,4,EM,1,100,RS,RE,PS,MN
3288815,8236,3,PI,1,100,144926,144847,144823
3288815,8237,3,PR,1,100,110765,110741,110752
3288815,8238,3,PG,1,100,9062,9035,9022
3288801,8239,2,EA,1,100,0.230120,0.230098
3288801,8240,2,EL,1,100,-13564.200195,-13563.599609
3288794,8241,1,T1,1,100,36.062
3288809,8242,1,TH,1,100,35.037
3288801,8243,2,AX,1,100,0.786,0.750
3288801,8244,2,AY,1,100,0.535,0.557
3288801,8245,2,AZ,1,100,-0.228,-0.237
3288801,8246,2,GX,1,100,-7.660,-3.601
3288801,8247,2,GY,1,100,1.343,2.350
"
2026-03-05T00:01:21.060Z,1772668881060,10.168.15.94,3132,"3288801,8248,2,GZ,1,100,-5.707,-4.730
3288801,8249,2,MX,1,100,63,63
3288801,8250,2,MY,1,100,32,31
3288801,8251,2,MZ,1,100,-9,-8
"
2026-03-05T00:01:21.167Z,1772668881167,10.168.15.94,3132,"3288895,8252,2,PI,1,100,144873,144898
3288895,8253,2,PR,1,100,110749,110766
3288895,8254,2,PG,1,100,9033,9026
3288867,8255,1,EA,1,100,0.229969
3288867,8256,1,EL,1,100,-13560.200195
3288927,8257,1,T1,1,100,36.027
3288921,8258,3,AX,1,100,0.874,0.746,0.817
3288921,8259,3,AY,1,100,0.582,0.520,0.524
3288921,8260,3,AZ,1,100,-0.262,-0.213,-0.243
3288921,8261,3,GX,1,100,0.854,-3.448,-2.380
3288921,8262,3,GY,1,100,-5.219,14.435,8.301
3288921,8263,3,GZ,1,100,-4.761,-2.411,-1.282
3288921,8264,3,MX,1,100,64,64,64
"
2026-03-05T00:01:21.174Z,1772668881174,10.168.15.94,3132,"3288921,8265,3,MY,1,100,32,31,33
3288921,8266,3,MZ,1,100,-8,-8,-7
"
2026-03-05T00:01:21.240Z,1772668881240,10.168.15.94,3132,"3289017,8267,4,EM,1,100,RS,RE,PS,MN
"
2026-03-05T00:01:21.263Z,1772668881263,10.168.15.94,3132,"3289017,8267,4,EM,1,100,RS,RE,PS,MN
3289015,8268,1,BI,1,100,1120
3289015,8269,1,HR,1,100,40.16
3289001,8270,1,SF,1,100,2.0975
3289015,8271,3,PI,1,100,144934,144992,144995
3289015,8272,3,PR,1,100,110805,110817,110828
3289015,8273,3,PG,1,100,9028,9023,9049
3289001,8274,2,EA,1,100,0.230022,0.230045
3289001,8275,2,EL,1,100,-13561.599609,-13562.200195
3288942,8276,1,TH,1,100,35.037
3289001,8277,2,AX,1,100,0.775,0.793
3289001,8278,2,AY,1,100,0.555,0.559
3289001,8279,2,AZ,1,100,-0.246,-0.221
"
2026-03-05T00:01:21.264Z,1772668881264,10.168.15.94,3132,"3289001,8280,2,GX,1,100,0.610,-1.160
3289001,8281,2,GY,1,100,-12.573,-0.671
3289001,8282,2,GZ,1,100,-2.228,0.916
3289001,8283,2,MX,1,100,64,64
3289001,8284,2,MY,1,100,33,31
3289001,8285,2,MZ,1,100,-9,-8
"
2026-03-05T00:01:21.368Z,1772668881368,10.168.15.94,3132,"3289135,8286,3,PI,1,100,145084,145194,145258
3289135,8287,3,PR,1,100,110867,110947,110970
3289135,8288,3,PG,1,100,9054,9072,9089
3289134,8289,2,EA,1,100,0.229999,0.229999
3289134,8290,2,EL,1,100,-13561.000000,-13561.000000
3289060,8291,1,T1,1,100,36.153
3289075,8292,1,TH,1,100,35.088
3289121,8293,3,AX,1,100,0.791,0.796,0.802
3289121,8294,3,AY,1,100,0.561,0.556,0.554
3289121,8295,3,AZ,1,100,-0.229,-0.246,-0.252
3289121,8296,3,GX,1,100,-0.458,3.143,1.434
3289121,8297,3,GY,1,100,-0.763,-6.683,4.761
"
2026-03-05T00:01:21.370Z,1772668881370,10.168.15.94,3132,"3289121,8298,3,GZ,1,100,1.709,0.031,1.770
3289121,8299,3,MX,1,100,64,63,64
3289121,8300,3,MY,1,100,32,31,32
3289121,8301,3,MZ,1,100,-8,-8,-9
"
2026-03-05T00:01:21.444Z,1772668881444,10.168.15.94,3132,"3289218,8302,4,EM,1,100,RS,RE,PS,MN
"
2026-03-05T00:01:21.465Z,1772668881465,10.168.15.94,3132,"3289218,8302,4,EM,1,100,RS,RE,PS,MN
3289215,8303,2,PI,1,100,145327,145324
3289215,8304,2,PR,1,100,111013,111013
3289215,8305,2,PG,1,100,9088,9086
3289201,8306,1,EA,1,100,0.229916
3289201,8307,1,EL,1,100,-13558.799805
3289194,8308,1,T1,1,100,36.244
3289209,8309,1,TH,1,100,35.088
3289201,8310,2,AX,1,100,0.781,0.815
3289201,8311,2,AY,1,100,0.549,0.567
3289201,8312,2,AZ,1,100,-0.231,-0.222
3289201,8313,2,GX,1,100,-1.343,-2.350
3289201,8314,2,GY,1,100,14.160,16.083
3289201,8315,2,GZ,1,100,4.242,4.364
"
2026-03-05T00:01:21.467Z,1772668881467,10.168.15.94,3132,"3289201,8316,2,MX,1,100,64,64
3289201,8317,2,MY,1,100,32,32
3289201,8318,2,MZ,1,100,-7,-9
"
2026-03-05T00:01:21.577Z,1772668881577,10.168.15.94,3132,"3289334,8319,1,SF,1,100,2.0732
3289308,8320,2,PI,1,100,145344,145379
3289308,8321,2,PR,1,100,111006,111056
3289308,8322,2,PG,1,100,9099,9101
3289334,8323,2,EA,1,100,0.229765,0.229742
3289334,8324,2,EL,1,100,-13554.799805,-13554.200195
3289327,8325,1,T1,1,100,36.212
3289342,8326,1,TH,1,100,35.027
3289321,8327,3,AX,1,100,0.790,0.792,0.808
3289321,8328,3,AY,1,100,0.542,0.539,0.536
3289321,8329,3,AZ,1,100,-0.209,-0.190,-0.174
3289321,8330,3,GX,1,100,-3.296,-7.355,-6.866
"
2026-03-05T00:01:21.582Z,1772668881582,10.168.15.94,3132,"3289321,8331,3,GY,1,100,21.484,30.670,23.193
3289321,8332,3,GZ,1,100,5.646,8.087,8.240
3289321,8333,3,MX,1,100,63,64,63
3289321,8334,3,MY,1,100,33,33,34
3289321,8335,3,MZ,1,100,-7,-5,-4
"
2026-03-05T00:01:21.631Z,1772668881631,10.168.15.94,3132,"3289419,8336,4,EM,1,100,RS,RE,PS,MN
"
2026-03-05T00:01:21.666Z,1772668881666,10.168.15.94,3132,"3289419,8336,4,EM,1,100,RS,RE,PS,MN
3289429,8337,3,PI,1,100,145438,145424,145410
3289429,8338,3,PR,1,100,111137,111142,111174
3289429,8339,3,PG,1,100,9117,9103,9096
3289400,8340,1,EA,1,100,0.229742
3289400,8341,1,EL,1,100,-13554.200195
3289401,8342,2,AX,1,100,0.861,0.791
3289401,8343,2,AY,1,100,0.529,0.499
3289401,8344,2,AZ,1,100,-0.185,-0.124
3289401,8345,2,GX,1,100,-6.195,-7.538
3289401,8346,2,GY,1,100,7.111,14.832
3289401,8347,2,GZ,1,100,7.019,8.911
3289401,8348,2,MX,1,100,63,62
"
2026-03-05T00:01:21.667Z,1772668881667,10.168.15.94,3132,"3289401,8349,2,MY,1,100,35,35
3289401,8350,2,MZ,1,100,-4,-4
"
2026-03-05T00:01:21.770Z,1772668881770,10.168.15.94,3132,"3289509,8351,2,PI,1,100,145461,145593
3289509,8352,2,PR,1,100,111222,111306
3289509,8353,2,PG,1,100,9102,9094
3289534,8354,2,EA,1,100,0.229667,0.229629
3289534,8355,2,EL,1,100,-13552.200195,-13551.200195
3289460,8356,1,T1,1,100,36.198
3289475,8357,1,TH,1,100,35.027
3289521,8358,3,AX,1,100,0.855,0.831,0.872
3289521,8359,3,AY,1,100,0.528,0.523,0.515
3289521,8360,3,AZ,1,100,-0.126,-0.123,-0.148
3289521,8361,3,GX,1,100,-8.331,-2.899,-1.099
3289521,8362,3,GY,1,100,19.989,10.498,8.240
"
2026-03-05T00:01:21.771Z,1772668881771,10.168.15.94,3132,"3289521,8363,3,GZ,1,100,9.979,10.498,10.620
3289521,8364,3,MX,1,100,63,61,61
3289521,8365,3,MY,1,100,36,37,36
3289521,8366,3,MZ,1,100,-1,-2,-1
"
2026-03-05T00:01:21.840Z,1772668881840,10.168.15.94,3132,"3289620,8367,4,EM,1,100,RS,RE,PS,MN
"
2026-03-05T00:01:21.875Z,1772668881875,10.168.15.94,3132,"3289620,8367,4,EM,1,100,RS,RE,PS,MN
3289600,8368,1,SF,1,100,2.0492
3289629,8369,3,PI,1,100,145699,145865,145923
3289629,8370,3,PR,1,100,111385,111479,111515
3289629,8371,3,PG,1,100,9092,9111,9110
3289600,8372,1,EA,1,100,0.229697
3289600,8373,1,EL,1,100,-13553.000000
3289594,8374,1,T1,1,100,36.298
3289609,8375,1,TH,1,100,35.075
3289641,8376,3,AX,1,100,0.834,0.854,0.879
3289641,8377,3,AY,1,100,0.466,0.500,0.529
3289641,8378,3,AZ,1,100,-0.083,-0.092,-0.104
3289641,8379,3,GX,1,100,-5.707,-6.622,2.319
"
2026-03-05T00:01:21.876Z,1772668881876,10.168.15.94,3132,"3289641,8380,3,GY,1,100,10.864,10.437,-6.653
3289641,8381,3,GZ,1,100,11.292,9.674,7.111
3289641,8382,3,MX,1,100,61,61,60
3289641,8383,3,MY,1,100,37,37,37
3289641,8384,3,MZ,1,100,-1,-1,-1
"
2026-03-05T00:01:21.983Z,1772668881983,10.168.15.94,3132,"3289708,8385,2,PI,1,100,145935,146032
3289708,8386,2,PR,1,100,111510,111567
3289708,8387,2,PG,1,100,9108,9120
3289734,8388,2,EA,1,100,0.229682,0.229735
3289734,8389,2,EL,1,100,-13552.599609,-13554.000000
3289727,8390,1,T1,1,100,36.235
3289742,8391,1,TH,1,100,35.075
3289721,8392,2,AX,1,100,0.856,0.855
3289721,8393,2,AY,1,100,0.480,0.484
3289721,8394,2,AZ,1,100,-0.090,-0.115
3289721,8395,2,GX,1,100,0.366,5.707
3289721,8396,2,GY,1,100,-0.336,1.129
3289721,8397,2,GZ,1,100,3.815,1.465
"
2026-03-05T00:01:21.984Z,1772668881984,10.168.15.94,3132,"3289721,8398,2,MX,1,100,61,61
3289721,8399,2,MY,1,100,37,37
3289721,8400,2,MZ,1,100,-1,-2
"
2026-03-05T00:01:22.039Z,1772668882039,10.168.15.94,3132,"3289821,8401,4,EM,1,100,RS,RE,PS,MN
"
2026-03-05T00:01:22.072Z,1772668882072,10.168.15.94,3132,"3289821,8401,4,EM,1,100,RS,RE,PS,MN
3289829,8402,3,PI,1,100,146128,146127,146214
3289829,8403,3,PR,1,100,111597,111594,111638
3289829,8404,3,PG,1,100,9127,9123,9135
3289800,8405,1,EA,1,100,0.229802
3289800,8406,1,EL,1,100,-13555.799805
3289841,8407,3,AX,1,100,0.865,0.857,0.846
3289841,8408,3,AY,1,100,0.485,0.509,0.492
3289841,8409,3,AZ,1,100,-0.109,-0.100,-0.130
3289841,8410,3,GX,1,100,5.005,2.991,2.930
3289841,8411,3,GY,1,100,-4.120,-9.552,-14.984
3289841,8412,3,GZ,1,100,0.244,-0.214,-2.106
"
2026-03-05T00:01:22.073Z,1772668882073,10.168.15.94,3132,"3289841,8413,3,MX,1,100,61,61,61
3289841,8414,3,MY,1,100,37,38,36
3289841,8415,3,MZ,1,100,-2,-3,-2
"
2026-03-05T00:01:22.181Z,1772668882181,10.168.15.94,3132,"3289934,8416,1,SF,1,100,2.0255
3289948,8417,3,PI,1,100,146315,146373,146388
3289948,8418,3,PR,1,100,111697,111677,111709
3289948,8419,3,PG,1,100,9156,9175,9163
3289934,8420,2,EA,1,100,0.229818,0.229825
3289934,8421,2,EL,1,100,-13556.200195,-13556.400391
3289860,8422,1,T1,1,100,36.244
3289875,8423,1,TH,1,100,35.063
3289934,8424,2,AX,1,100,0.891,0.826
3289934,8425,2,AY,1,100,0.492,0.492
3289934,8426,2,AZ,1,100,-0.168,-0.142
3289934,8427,2,GX,1,100,5.615,3.845
3289934,8428,2,GY,1,100,-19.012,0.153
"
2026-03-05T00:01:22.182Z,1772668882182,10.168.15.94,3132,"3289934,8429,2,GZ,1,100,-2.411,-1.068
3289934,8430,2,MX,1,100,60,61
3289934,8431,2,MY,1,100,38,37
3289934,8432,2,MZ,1,100,-2,-3
"
2026-03-05T00:01:22.241Z,1772668882241,10.168.15.94,3132,"3290022,8433,4,EM,1,100,RS,RE,PS,MN
"
2026-03-05T00:01:22.275Z,1772668882275,10.168.15.94,3132,"3290022,8433,4,EM,1,100,RS,RE,PS,MN
3290029,8434,2,PI,1,100,146469,146553
3290029,8435,2,PR,1,100,111751,111798
3290029,8436,2,PG,1,100,9172,9184
3290000,8437,1,EA,1,100,0.229795
3290000,8438,1,EL,1,100,-13555.599609
3289994,8439,1,T1,1,100,36.247
3290008,8440,1,TH,1,100,35.063
3290015,8441,2,AX,1,100,0.879,0.834
3290015,8442,2,AY,1,100,0.523,0.496
3290015,8443,2,AZ,1,100,-0.162,-0.167
3290015,8444,2,GX,1,100,-2.380,0.946
3290015,8445,2,GY,1,100,-2.533,-8.209
3290015,8446,2,GZ,1,100,-1.556,-2.716
"
2026-03-05T00:01:22.282Z,1772668882282,10.168.15.94,3132,"3290015,8447,2,MX,1,100,61,61
3290015,8448,2,MY,1,100,37,36
3290015,8449,2,MZ,1,100,-4,-4
"
2026-03-05T00:01:22.380Z,1772668882380,10.168.15.94,3132,"3290148,8450,3,PI,1,100,146562,146633,146764
3290148,8451,3,PR,1,100,111808,111886,111968
3290148,8452,3,PG,1,100,9184,9209,9224
3290134,8453,2,EA,1,100,0.229719,0.229689
3290134,8454,2,EL,1,100,-13553.599609,-13552.799805
3290127,8455,1,T1,1,100,36.249
3290142,8456,1,TH,1,100,35.003
3290134,8457,3,AX,1,100,0.875,0.870,0.825
3290134,8458,3,AY,1,100,0.530,0.484,0.521
3290134,8459,3,AZ,1,100,-0.132,-0.103,-0.113
3290134,8460,3,GX,1,100,-1.129,-1.160,0.366
3290134,8461,3,GY,1,100,5.798,7.568,9.460
"
2026-03-05T00:01:22.385Z,1772668882385,10.168.15.94,3132,"3290134,8462,3,GZ,1,100,-1.312,-5.951,-5.798
3290134,8463,3,MX,1,100,61,61,61
3290134,8464,3,MY,1,100,37,36,37
3290134,8465,3,MZ,1,100,-3,-2,-4
"
2026-03-05T00:01:22.444Z,1772668882444,10.168.15.94,3132,"3290223,8466,4,EM,1,100,RS,RE,PS,MN
"
2026-03-05T00:01:22.478Z,1772668882478,10.168.15.94,3132,"3290223,8466,4,EM,1,100,RS,RE,PS,MN
3290228,8467,2,PI,1,100,146820,146937
3290228,8468,2,PR,1,100,112027,112088
3290228,8469,2,PG,1,100,9221,9228
3290200,8470,1,EA,1,100,0.229682
3290200,8471,1,EL,1,100,-13552.599609
3290214,8472,2,AX,1,100,0.843,0.694
3290214,8473,2,AY,1,100,0.522,0.410
3290214,8474,2,AZ,1,100,-0.167,-0.066
3290214,8475,2,GX,1,100,2.228,-0.488
3290214,8476,2,GY,1,100,-0.183,4.578
3290214,8477,2,GZ,1,100,-4.089,0.549
3290214,8478,2,MX,1,100,62,61
3290214,8479,2,MY,1,100,37,37
"
2026-03-05T00:01:22.484Z,1772668882484,10.168.15.94,3132,"3290214,8480,2,MZ,1,100,-3,-3
"
2026-03-05T00:01:22.584Z,1772668882584,10.168.15.94,3132,"3290334,8481,1,SF,1,100,2.0021
3290348,8482,3,PI,1,100,146911,146998,146913
3290348,8483,3,PR,1,100,112050,112108,111971
3290348,8484,3,PG,1,100,9235,9266,9247
3290334,8485,2,EA,1,100,0.229719,0.229667
3290334,8486,2,EL,1,100,-13553.599609,-13552.200195
3290260,8487,1,T1,1,100,36.249
3290275,8488,1,TH,1,100,35.003
3290335,8489,3,AX,1,100,1.059,0.766,0.817
3290335,8490,3,AY,1,100,0.490,0.588,0.511
3290335,8491,3,AZ,1,100,-0.151,-0.156,-0.170
3290335,8492,3,GX,1,100,6.195,12.024,2.655
"
2026-03-05T00:01:22.592Z,1772668882592,10.168.15.94,3132,"3290335,8493,3,GY,1,100,-19.592,-9.338,-11.292
3290335,8494,3,GZ,1,100,-1.221,-1.526,0.214
3290335,8495,3,MX,1,100,61,61,61
3290335,8496,3,MY,1,100,36,37,35
3290335,8497,3,MZ,1,100,-2,-4,-6
"
2026-03-05T00:01:22.644Z,1772668882644,10.168.15.94,3132,"3290424,8498,4,EM,1,100,RS,RE,PS,MN
"
2026-03-05T00:01:22.703Z,1772668882703,10.168.15.94,3132,"3290424,8498,4,EM,1,100,RS,RE,PS,MN
3290429,8499,2,PI,1,100,146805,146700
3290429,8500,2,PR,1,100,111871,111760
3290429,8501,2,PG,1,100,9251,9246
3290400,8502,1,EA,1,100,0.229757
3290400,8503,1,EL,1,100,-13554.599609
3290394,8504,1,T1,1,100,36.250
3290408,8505,1,TH,1,100,35.065
3290454,8506,3,AX,1,100,0.911,0.828,0.890
3290454,8507,3,AY,1,100,0.506,0.499,0.515
3290454,8508,3,AZ,1,100,-0.214,-0.176,-0.171
3290454,8509,3,GX,1,100,2.411,1.617,4.517
3290454,8510,3,GY,1,100,-43.182,-6.683,8.514
"
2026-03-05T00:01:22.703Z,1772668882703,10.168.15.94,3132,"3290454,8511,3,GZ,1,100,1.190,2.808,0.305
3290454,8512,3,MX,1,100,61,62,61
3290454,8513,3,MY,1,100,37,35,34
3290454,8514,3,MZ,1,100,-5,-5,-5
"
2026-03-05T00:01:22.790Z,1772668882790,10.168.15.94,3132,"3290548,8515,3,PI,1,100,146629,146595,146700
3290548,8516,3,PR,1,100,111730,111750,111812
3290548,8517,3,PG,1,100,9248,9239,9251
3290534,8518,2,EA,1,100,0.229682,0.229765
3290534,8519,2,EL,1,100,-13552.599609,-13554.799805
3290527,8520,1,T1,1,100,36.250
3290542,8521,1,TH,1,100,35.065
3290534,8522,2,AX,1,100,0.857,0.859
3290534,8523,2,AY,1,100,0.507,0.509
3290534,8524,2,AZ,1,100,-0.171,-0.183
3290534,8525,2,GX,1,100,3.052,3.510
3290534,8526,2,GY,1,100,6.104,9.216
3290534,8527,2,GZ,1,100,-0.854,-1.709
"
2026-03-05T00:01:22.794Z,1772668882794,10.168.15.94,3132,"3290534,8528,2,MX,1,100,61,63
3290534,8529,2,MY,1,100,36,35
3290534,8530,2,MZ,1,100,-6,-4
"
2026-03-05T00:01:22.850Z,1772668882850,10.168.15.94,3132,"3290625,8531,4,EM,1,100,RS,RE,PS,MN
"
2026-03-05T00:01:22.894Z,1772668882894,10.168.15.94,3132,"3290625,8531,4,EM,1,100,RS,RE,PS,MN
3290600,8532,1,SF,1,100,1.9789
3290628,8533,2,PI,1,100,146821,146901
3290628,8534,2,PR,1,100,111887,111943
3290628,8535,2,PG,1,100,9254,9266
3290600,8536,1,EA,1,100,0.229833
3290600,8537,1,EL,1,100,-13556.599609
3290654,8538,3,AX,1,100,0.805,0.856,0.822
3290654,8539,3,AY,1,100,0.464,0.498,0.493
3290654,8540,3,AZ,1,100,-0.151,-0.163,-0.144
3290654,8541,3,GX,1,100,3.571,3.235,3.235
3290654,8542,3,GY,1,100,17.151,13.428,6.378
3290654,8543,3,GZ,1,100,-2.075,-1.129,-0.336
"
2026-03-05T00:01:22.895Z,1772668882895,10.168.15.94,3132,"3290654,8544,3,MX,1,100,61,61,61
3290654,8545,3,MY,1,100,37,35,36
3290654,8546,3,MZ,1,100,-4,-5,-4
"
2026-03-05T00:01:22.990Z,1772668882990,10.168.15.94,3132,"3290668,8547,1,BI,1,100,1640
3290668,8548,1,HR,1,100,39.37
3290748,8549,3,PI,1,100,146957,147004,147024
3290748,8550,3,PR,1,100,111958,111995,111984
3290748,8551,3,PG,1,100,9267,9275,9265
3290734,8552,2,EA,1,100,0.229795,0.229757
3290734,8553,2,EL,1,100,-13555.599609,-13554.599609
3290660,8554,1,T1,1,100,36.179
3290675,8555,1,TH,1,100,35.090
3290734,8556,2,AX,1,100,0.841,0.845
3290734,8557,2,AY,1,100,0.512,0.505
3290734,8558,2,AZ,1,100,-0.159,-0.153
3290734,8559,2,GX,1,100,8.331,7.843
"
2026-03-05T00:01:22.992Z,1772668882992,10.168.15.94,3132,"3290734,8560,2,GY,1,100,5.920,-3.540
3290734,8561,2,GZ,1,100,1.801,2.411
3290734,8562,2,MX,1,100,60,60
3290734,8563,2,MY,1,100,35,36
3290734,8564,2,MZ,1,100,-5,-4
"
2026-03-05T00:01:23.045Z,1772668883045,10.168.15.94,3132,"3290829,8565,4,EM,1,100,RS,RE,PS,MN
"
2026-03-05T00:01:23.093Z,1772668883093,10.168.15.94,3132,"3290829,8565,4,EM,1,100,RS,RE,PS,MN
3290828,8566,2,PI,1,100,147035,147085
3290828,8567,2,PR,1,100,111977,111983
3290828,8568,2,PG,1,100,9277,9289
3290800,8569,1,EA,1,100,0.229742
3290800,8570,1,EL,1,100,-13554.200195
3290794,8571,1,T1,1,100,36.219
3290808,8572,1,TH,1,100,35.090
3290854,8573,3,AX,1,100,0.838,0.776,0.849
3290854,8574,3,AY,1,100,0.496,0.490,0.509
3290854,8575,3,AZ,1,100,-0.155,-0.190,-0.264
3290854,8576,3,GX,1,100,6.927,9.644,13.641
3290854,8577,3,GY,1,100,-7.324,-8.789,-29.724
"
2026-03-05T00:01:23.094Z,1772668883094,10.168.15.94,3132,"3290854,8578,3,GZ,1,100,2.960,6.134,11.902
3290854,8579,3,MX,1,100,60,60,59
3290854,8580,3,MY,1,100,37,35,36
3290854,8581,3,MZ,1,100,-6,-6,-7
"
2026-03-05T00:01:23.191Z,1772668883191,10.168.15.94,3132,"3290934,8582,1,SF,1,100,1.9560
3290948,8583,3,PI,1,100,147232,147387,147642
3290948,8584,3,PR,1,100,112050,112146,112300
3290948,8585,3,PG,1,100,9315,9336,9377
3290934,8586,2,EA,1,100,0.229644,0.229651
3290934,8587,2,EL,1,100,-13551.599609,-13551.799805
3290927,8588,1,T1,1,100,36.237
3290942,8589,1,TH,1,100,35.090
3290934,8590,2,AX,1,100,0.751,0.951
3290934,8591,2,AY,1,100,0.445,0.453
3290934,8592,2,AZ,1,100,-0.286,-0.344
3290934,8593,2,GX,1,100,12.939,18.341
3290934,8594,2,GY,1,100,-37.781,-55.206
"
2026-03-05T00:01:23.215Z,1772668883215,10.168.15.94,3132,"3290934,8595,2,GZ,1,100,16.876,12.238
3290934,8596,2,MX,1,100,58,59
3290934,8597,2,MY,1,100,34,34
3290934,8598,2,MZ,1,100,-9,-12
3290900,8599,1,BV,1,100,3.88
3290900,8600,1,B%,1,100,74
"
2026-03-05T00:01:23.246Z,1772668883246,10.168.15.94,3132,"3291030,8601,4,EM,1,100,RS,RE,PS,MN
"
2026-03-05T00:01:23.301Z,1772668883301,10.168.15.94,3132,"3291030,8601,4,EM,1,100,RS,RE,PS,MN
3291028,8602,2,PI,1,100,147834,148011
3291028,8603,2,PR,1,100,112437,112582
3291028,8604,2,PG,1,100,9432,9481
3291000,8605,1,EA,1,100,0.229689
3291000,8606,1,EL,1,100,-13552.799805
3291060,8607,1,T1,1,100,36.173
3291054,8608,3,AX,1,100,0.731,0.870,0.847
3291054,8609,3,AY,1,100,0.465,0.444,0.445
3291054,8610,3,AZ,1,100,-0.298,-0.367,-0.364
3291054,8611,3,GX,1,100,16.846,13.092,10.376
3291054,8612,3,GY,1,100,-39.764,-29.114,-50.476
"
2026-03-05T00:01:23.302Z,1772668883302,10.168.15.94,3132,"3291054,8613,3,GZ,1,100,-2.228,-7.263,-4.822
3291054,8614,3,MX,1,100,57,57,57
3291054,8615,3,MY,1,100,35,33,32
3291054,8616,3,MZ,1,100,-12,-14,-15
"
2026-03-05T00:01:23.396Z,1772668883396,10.168.15.94,3132,"3291148,8617,3,PI,1,100,148265,148507,148810
3291148,8618,3,PR,1,100,112757,112946,113166
3291148,8619,3,PG,1,100,9516,9553,9609
3291134,8620,2,EA,1,100,0.229780,0.229719
3291134,8621,2,EL,1,100,-13555.200195,-13553.599609
3291075,8622,1,TH,1,100,35.090
3291134,8623,2,AX,1,100,0.808,0.853
3291134,8624,2,AY,1,100,0.437,0.448
3291134,8625,2,AZ,1,100,-0.362,-0.370
3291134,8626,2,GX,1,100,5.707,-0.275
3291134,8627,2,GY,1,100,-18.158,-16.174
3291134,8628,2,GZ,1,100,-3.662,-2.808
3291134,8629,2,MX,1,100,57,58
"
2026-03-05T00:01:23.396Z,1772668883396,10.168.15.94,3132,"3291134,8630,2,MY,1,100,31,31
3291134,8631,2,MZ,1,100,-16,-15
"
2026-03-05T00:01:23.445Z,1772668883445,10.168.15.94,3132,"3291231,8632,4,EM,1,100,RS,RE,PS,MN
"
2026-03-05T00:01:23.494Z,1772668883494,10.168.15.94,3132,"3291231,8632,4,EM,1,100,RS,RE,PS,MN
3291228,8633,2,PI,1,100,149133,149451
3291228,8634,2,PR,1,100,113367,113600
3291228,8635,2,PG,1,100,9656,9697
3291200,8636,1,EA,1,100,0.229833
3291200,8637,1,EL,1,100,-13556.599609
3291193,8638,1,T1,1,100,36.146
3291208,8639,1,TH,1,100,35.100
3291254,8640,3,AX,1,100,0.782,0.798,0.794
3291254,8641,3,AY,1,100,0.454,0.468,0.490
3291254,8642,3,AZ,1,100,-0.353,-0.393,-0.369
3291254,8643,3,GX,1,100,-2.502,0.122,-1.160
3291254,8644,3,GY,1,100,-12.512,-1.251,-4.700
"
2026-03-05T00:01:23.495Z,1772668883495,10.168.15.94,3132,"3291254,8645,3,GZ,1,100,-7.324,-8.179,-9.430
3291254,8646,3,MX,1,100,58,58,60
3291254,8647,3,MY,1,100,31,32,31
3291254,8648,3,MZ,1,100,-16,-16,-17
"
2026-03-05T00:01:23.606Z,1772668883606,10.168.15.94,3132,"3291334,8649,1,SF,1,100,1.9334
3291362,8650,3,PI,1,100,149677,149803,149838
3291362,8651,3,PR,1,100,113752,113808,113815
3291362,8652,3,PG,1,100,9732,9773,9779
3291334,8653,2,EA,1,100,0.229727,0.229742
3291334,8654,2,EL,1,100,-13553.799805,-13554.200195
3291327,8655,1,T1,1,100,36.205
3291342,8656,1,TH,1,100,35.100
3291334,8657,2,AX,1,100,0.754,0.809
3291334,8658,2,AY,1,100,0.469,0.467
3291334,8659,2,AZ,1,100,-0.380,-0.378
3291334,8660,2,GX,1,100,1.343,5.463
3291334,8661,2,GY,1,100,8.362,4.700
"
2026-03-05T00:01:23.606Z,1772668883606,10.168.15.94,3132,"3291334,8662,2,GZ,1,100,-10.742,-9.857
3291334,8663,2,MX,1,100,59,60
3291334,8664,2,MY,1,100,30,30
3291334,8665,2,MZ,1,100,-15,-17
"
2026-03-05T00:01:23.649Z,1772668883649,10.168.15.94,3132,"3291432,8666,4,EM,1,100,RS,RE,PS,MN
"
2026-03-05T00:01:23.707Z,1772668883707,10.168.15.94,3132,"3291432,8666,4,EM,1,100,RS,RE,PS,MN
3291442,8667,2,PI,1,100,149845,149874
3291442,8668,2,PR,1,100,113809,113780
3291442,8669,2,PG,1,100,9786,9786
3291467,8670,2,EA,1,100,0.229863,0.229750
3291467,8671,2,EL,1,100,-13557.400391,-13554.400391
3291460,8672,1,T1,1,100,36.266
3291475,8673,1,TH,1,100,35.054
3291454,8674,3,AX,1,100,0.749,0.793,0.703
3291454,8675,3,AY,1,100,0.483,0.510,0.536
3291454,8676,3,AZ,1,100,-0.362,-0.363,-0.407
3291454,8677,3,GX,1,100,5.554,4.547,2.228
"
2026-03-05T00:01:23.710Z,1772668883710,10.168.15.94,3132,"3291454,8678,3,GY,1,100,11.047,16.174,16.449
3291454,8679,3,GZ,1,100,-12.634,-8.179,-4.150
3291454,8680,3,MX,1,100,59,60,60
3291454,8681,3,MY,1,100,30,30,30
3291454,8682,3,MZ,1,100,-16,-17,-14
"
2026-03-05T00:01:23.799Z,1772668883799,10.168.15.94,3132,"3291562,8683,3,PI,1,100,149923,149942,150012
3291562,8684,3,PR,1,100,113773,113782,113827
3291562,8685,3,PG,1,100,9795,9796,9817
3291534,8686,1,EA,1,100,0.229659
3291534,8687,1,EL,1,100,-13552.000000
3291534,8688,2,AX,1,100,0.757,0.871
3291534,8689,2,AY,1,100,0.478,0.514
3291534,8690,2,AZ,1,100,-0.323,-0.333
3291534,8691,2,GX,1,100,-6.439,0.580
3291534,8692,2,GY,1,100,19.348,-7.080
3291534,8693,2,GZ,1,100,2.563,0.305
3291534,8694,2,MX,1,100,61,60
3291534,8695,2,MY,1,100,31,31
"
2026-03-05T00:01:23.802Z,1772668883802,10.168.15.94,3132,"3291534,8696,2,MZ,1,100,-14,-14
"
2026-03-05T00:01:23.853Z,1772668883853,10.168.15.94,3132,"3291633,8697,4,EM,1,100,RS,RE,PS,MN
"
2026-03-05T00:01:23.903Z,1772668883903,10.168.15.94,3132,"3291633,8697,4,EM,1,100,RS,RE,PS,MN
3291667,8698,1,SF,1,100,1.9110
3291642,8699,2,PI,1,100,150021,150002
3291642,8700,2,PR,1,100,113863,113857
3291642,8701,2,PG,1,100,9801,9794
3291667,8702,2,EA,1,100,0.229621,0.229742
3291667,8703,2,EL,1,100,-13551.000000,-13554.200195
3291593,8704,1,T1,1,100,36.151
3291608,8705,1,TH,1,100,35.054
3291654,8706,3,AX,1,100,0.729,0.837,0.720
3291654,8707,3,AY,1,100,0.526,0.493,0.541
3291654,8708,3,AZ,1,100,-0.335,-0.362,-0.348
3291654,8709,3,GX,1,100,6.653,7.935,7.690
"
2026-03-05T00:01:23.903Z,1772668883903,10.168.15.94,3132,"3291654,8710,3,GY,1,100,14.252,11.932,6.378
3291654,8711,3,GZ,1,100,-12.878,-9.766,-9.094
3291654,8712,3,MX,1,100,59,61,60
3291654,8713,3,MY,1,100,30,31,31
3291654,8714,3,MZ,1,100,-13,-15,-13
"
2026-03-05T00:01:24.008Z,1772668884008,10.168.15.94,3132,"3291762,8715,3,PI,1,100,149986,149959,149993
3291762,8716,3,PR,1,100,113858,113854,113861
3291762,8717,3,PG,1,100,9805,9791,9812
3291734,8718,1,EA,1,100,0.229795
3291734,8719,1,EL,1,100,-13555.599609
3291727,8720,1,T1,1,100,36.278
3291742,8721,1,TH,1,100,34.957
3291734,8722,2,AX,1,100,0.764,0.749
3291734,8723,2,AY,1,100,0.516,0.486
3291734,8724,2,AZ,1,100,-0.347,-0.349
3291734,8725,2,GX,1,100,2.563,4.639
3291734,8726,2,GY,1,100,16.083,9.766
3291734,8727,2,GZ,1,100,-9.399,-2.075
"
2026-03-05T00:01:24.009Z,1772668884009,10.168.15.94,3132,"3291734,8728,2,MX,1,100,61,61
3291734,8729,2,MY,1,100,31,32
3291734,8730,2,MZ,1,100,-14,-13
"
2026-03-05T00:01:24.048Z,1772668884048,10.168.15.94,3132,"3291834,8731,4,EM,1,100,RS,RE,PS,MN
"
2026-03-05T00:01:24.113Z,1772668884113,10.168.15.94,3132,"3291834,8731,4,EM,1,100,RS,RE,PS,MN
3291842,8732,2,PI,1,100,150035,150020
3291842,8733,2,PR,1,100,113862,113852
3291842,8734,2,PG,1,100,9806,9815
3291867,8735,2,EA,1,100,0.229659,0.229719
3291867,8736,2,EL,1,100,-13552.000000,-13553.599609
3291860,8737,1,T1,1,100,36.333
3291875,8738,1,TH,1,100,34.957
3291854,8739,3,AX,1,100,0.749,0.730,0.750
3291854,8740,3,AY,1,100,0.523,0.497,0.508
3291854,8741,3,AZ,1,100,-0.323,-0.337,-0.333
3291854,8742,3,GX,1,100,2.014,1.648,1.282
"
2026-03-05T00:01:24.113Z,1772668884113,10.168.15.94,3132,"3291854,8743,3,GY,1,100,15.503,7.050,1.099
3291854,8744,3,GZ,1,100,-3.723,-0.763,5.096
3291854,8745,3,MX,1,100,61,61,60
3291854,8746,3,MY,1,100,33,31,31
3291854,8747,3,MZ,1,100,-12,-14,-13
"
2026-03-05T00:01:24.206Z,1772668884206,10.168.15.94,3132,"3291934,8748,1,SF,1,100,1.8889
3291962,8749,3,PI,1,100,149990,149955,149940
3291962,8750,3,PR,1,100,113821,113818,113783
3291962,8751,3,PG,1,100,9815,9812,9818
3291934,8752,1,EA,1,100,0.229523
3291934,8753,1,EL,1,100,-13548.400391
3291934,8754,2,AX,1,100,0.734,0.769
3291934,8755,2,AY,1,100,0.521,0.489
3291934,8756,2,AZ,1,100,-0.331,-0.332
3291934,8757,2,GX,1,100,-2.014,-3.571
3291934,8758,2,GY,1,100,1.526,-10.284
3291934,8759,2,GZ,1,100,7.812,15.015
3291934,8760,2,MX,1,100,60,59
"
2026-03-05T00:01:24.210Z,1772668884210,10.168.15.94,3132,"3291934,8761,2,MY,1,100,32,33
3291934,8762,2,MZ,1,100,-12,-13
"
2026-03-05T00:01:24.218Z,1772668884218,10.168.15.94,3132,"3292004,8763,2,RD,1,100,TL,TU
"
2026-03-05T00:01:24.331Z,1772668884331,10.168.15.94,3132,"3292110,8764,4,EM,1,100,RS,RE,PS,MN
"
2026-03-05T00:01:24.349Z,1772668884349,10.168.15.94,3132,"3292004,8763,2,RD,1,100,TL,TU
3292110,8764,4,EM,1,100,RS,RE,PS,MN
3292081,8765,3,PI,1,100,149977,150118,150243
3292081,8766,3,PR,1,100,113816,113911,113998
3292081,8767,3,PG,1,100,9815,9852,9885
3292067,8768,2,EA,1,100,0.229531,0.229659
3292067,8769,2,EL,1,100,-13548.599609,-13552.000000
3291994,8770,1,T1,1,100,36.250
3292008,8771,1,TH,1,100,35.014
3292094,8772,4,AX,1,100,0.729,0.881,0.789,0.871
3292094,8773,4,AY,1,100,0.471,0.475,0.475,0.445
3292094,8774,4,AZ,1,100,-0.327,-0.401,-0.370,-0.402
"
2026-03-05T00:01:24.355Z,1772668884355,10.168.15.94,3132,"3292094,8775,4,GX,1,100,-3.967,3.723,5.585,3.601
3292094,8776,4,GY,1,100,-25.360,-42.816,-39.673,-23.865
3292094,8777,4,GZ,1,100,17.822,20.966,18.341,12.299
3292094,8778,4,MX,1,100,59,58,57,57
3292094,8779,4,MY,1,100,30,31,31,32
3292094,8780,4,MZ,1,100,-14,-16,-15,-16
"
2026-03-05T00:01:24.446Z,1772668884446,10.168.15.94,3132,"3292202,8781,3,PI,1,100,150418,150529,150563
3292202,8782,3,PR,1,100,114134,114201,114242
3292202,8783,3,PG,1,100,9897,9936,9939
3292200,8784,2,EA,1,100,0.229606,0.229493
3292200,8785,2,EL,1,100,-13550.599609,-13547.599609
3292127,8786,1,T1,1,100,36.357
3292142,8787,1,TH,1,100,35.021
3292214,8788,3,AX,1,100,0.826,0.839,0.773
3292214,8789,3,AY,1,100,0.464,0.477,0.488
3292214,8790,3,AZ,1,100,-0.377,-0.361,-0.413
3292214,8791,3,GX,1,100,-4.486,-9.247,-1.740
3292214,8792,3,GY,1,100,-9.216,1.556,-5.127
"
2026-03-05T00:01:24.453Z,1772668884453,10.168.15.94,3132,"3292214,8793,3,GZ,1,100,8.087,1.617,-2.472
3292214,8794,3,MX,1,100,57,57,58
3292214,8795,3,MY,1,100,30,31,30
3292214,8796,3,MZ,1,100,-17,-16,-16
"
2026-03-05T00:01:24.539Z,1772668884539,10.168.15.94,3132,"3292311,8797,4,EM,1,100,RS,RE,PS,MN
"
2026-03-05T00:01:24.542Z,1772668884542,10.168.15.94,3132,"3292311,8797,4,EM,1,100,RS,RE,PS,MN
3292267,8798,1,SF,1,100,1.8671
3292282,8799,2,PI,1,100,150553,150586
3292282,8800,2,PR,1,100,114268,114282
3292282,8801,2,PG,1,100,9944,9941
3292267,8802,1,EA,1,100,0.229523
3292267,8803,1,EL,1,100,-13548.400391
3292260,8804,1,T1,1,100,36.225
3292275,8805,1,TH,1,100,35.006
3292294,8806,2,AX,1,100,0.718,0.767
3292294,8807,2,AY,1,100,0.457,0.449
3292294,8808,2,AZ,1,100,-0.394,-0.394
3292294,8809,2,GX,1,100,-0.763,1.862
3292294,8810,2,GY,1,100,3.174,-12.207
"
2026-03-05T00:01:24.552Z,1772668884552,10.168.15.94,3132,"3292294,8811,2,GZ,1,100,-1.038,6.470
3292294,8812,2,MX,1,100,58,58
3292294,8813,2,MY,1,100,31,30
3292294,8814,2,MZ,1,100,-17,-17
"
2026-03-05T00:01:24.649Z,1772668884649,10.168.15.94,3132,"3292402,8815,3,PI,1,100,150691,150807,150953
3292402,8816,3,PR,1,100,114367,114479,114625
3292402,8817,3,PG,1,100,9955,9990,9999
3292400,8818,2,EA,1,100,0.229433,0.229410
3292400,8819,2,EL,1,100,-13546.000000,-13545.400391
3292393,8820,1,T1,1,100,36.204
3292408,8821,1,TH,1,100,35.006
3292414,8822,3,AX,1,100,0.788,0.780,0.807
3292414,8823,3,AY,1,100,0.464,0.431,0.448
3292414,8824,3,AZ,1,100,-0.420,-0.402,-0.452
3292414,8825,3,GX,1,100,5.402,2.472,4.425
3292414,8826,3,GY,1,100,-19.806,-15.656,-10.681
"
2026-03-05T00:01:24.649Z,1772668884649,10.168.15.94,3132,"3292414,8827,3,GZ,1,100,9.918,5.066,3.021
3292414,8828,3,MX,1,100,57,56,57
3292414,8829,3,MY,1,100,30,30,30
3292414,8830,3,MZ,1,100,-19,-17,-19
"
2026-03-05T00:01:24.726Z,1772668884726,10.168.15.94,3132,"3292512,8831,4,EM,1,100,RS,RE,PS,MN
"
2026-03-05T00:01:24.745Z,1772668884745,10.168.15.94,3132,"3292512,8831,4,EM,1,100,RS,RE,PS,MN
3292482,8832,2,PI,1,100,151073,151198
3292482,8833,2,PR,1,100,114759,114853
3292482,8834,2,PG,1,100,10032,10068
3292467,8835,1,EA,1,100,0.229320
3292467,8836,1,EL,1,100,-13543.000000
3292494,8837,2,AX,1,100,0.788,0.731
3292494,8838,2,AY,1,100,0.437,0.440
3292494,8839,2,AZ,1,100,-0.435,-0.464
3292494,8840,2,GX,1,100,3.693,2.838
3292494,8841,2,GY,1,100,-13.275,-6.042
3292494,8842,2,GZ,1,100,1.526,0.336
3292494,8843,2,MX,1,100,56,57
3292494,8844,2,MY,1,100,28,29
"
2026-03-05T00:01:24.750Z,1772668884750,10.168.15.94,3132,"3292494,8845,2,MZ,1,100,-20,-19
"
2026-03-05T00:01:24.862Z,1772668884862,10.168.15.94,3132,"3292600,8846,1,SF,1,100,1.8455
3292602,8847,3,PI,1,100,151291,151404,151458
3292602,8848,3,PR,1,100,114952,115064,115131
3292602,8849,3,PG,1,100,10080,10110,10150
3292600,8850,2,EA,1,100,0.229343,0.229440
3292600,8851,2,EL,1,100,-13543.599609,-13546.200195
3292527,8852,1,T1,1,100,36.230
3292542,8853,1,TH,1,100,35.082
3292614,8854,3,AX,1,100,0.827,0.692,0.812
3292614,8855,3,AY,1,100,0.433,0.437,0.416
3292614,8856,3,AZ,1,100,-0.436,-0.480,-0.480
3292614,8857,3,GX,1,100,2.808,0.153,1.282
"
2026-03-05T00:01:24.862Z,1772668884862,10.168.15.94,3132,"3292614,8858,3,GY,1,100,-16.479,-7.141,-3.113
3292614,8859,3,GZ,1,100,2.136,-1.923,0.336
3292614,8860,3,MX,1,100,57,57,57
3292614,8861,3,MY,1,100,29,29,28
3292614,8862,3,MZ,1,100,-20,-20,-21
"
2026-03-05T00:01:24.933Z,1772668884933,10.168.15.94,3132,"3292713,8863,4,EM,1,100,RS,RE,PS,MN
"
2026-03-05T00:01:24.948Z,1772668884948,10.168.15.94,3132,"3292713,8863,4,EM,1,100,RS,RE,PS,MN
3292722,8864,3,PI,1,100,151507,151504,151487
3292722,8865,3,PR,1,100,115190,115240,115236
3292722,8866,3,PG,1,100,10162,10180,10214
3292667,8867,1,EA,1,100,0.229576
3292667,8868,1,EL,1,100,-13549.799805
3292660,8869,1,T1,1,100,36.241
3292675,8870,1,TH,1,100,35.082
3292694,8871,2,AX,1,100,0.750,0.802
3292694,8872,2,AY,1,100,0.460,0.451
3292694,8873,2,AZ,1,100,-0.432,-0.461
3292694,8874,2,GX,1,100,-5.463,-6.287
3292694,8875,2,GY,1,100,-13.153,5.005
"
2026-03-05T00:01:24.960Z,1772668884960,10.168.15.94,3132,"3292694,8876,2,GZ,1,100,-0.824,-4.822
3292694,8877,2,MX,1,100,57,57
3292694,8878,2,MY,1,100,29,29
3292694,8879,2,MZ,1,100,-19,-20
"
2026-03-05T00:01:25.051Z,1772668885051,10.168.15.94,3132,"3292802,8880,2,PI,1,100,151470,151352
3292802,8881,2,PR,1,100,115237,115159
3292802,8882,2,PG,1,100,10224,10226
3292800,8883,2,EA,1,100,0.229591,0.229591
3292800,8884,2,EL,1,100,-13550.200195,-13550.200195
3292793,8885,1,T1,1,100,36.175
3292808,8886,1,TH,1,100,35.067
3292814,8887,3,AX,1,100,0.786,0.750,0.776
3292814,8888,3,AY,1,100,0.455,0.460,0.441
3292814,8889,3,AZ,1,100,-0.451,-0.463,-0.445
3292814,8890,3,GX,1,100,-1.953,-2.228,-4.456
3292814,8891,3,GY,1,100,-0.610,16.235,23.743
"
2026-03-05T00:01:25.053Z,1772668885053,10.168.15.94,3132,"3292814,8892,3,GZ,1,100,-2.808,-6.989,-7.080
3292814,8893,3,MX,1,100,58,56,58
3292814,8894,3,MY,1,100,30,29,29
3292814,8895,3,MZ,1,100,-20,-19,-19
"
2026-03-05T00:01:25.135Z,1772668885135,10.168.15.94,3132,"3292914,8896,4,EM,1,100,RS,RE,PS,MN
"
2026-03-05T00:01:25.150Z,1772668885150,10.168.15.94,3132,"3292914,8896,4,EM,1,100,RS,RE,PS,MN
3292922,8897,3,PI,1,100,151168,151032,150888
3292922,8898,3,PR,1,100,115053,114942,114817
3292922,8899,3,PG,1,100,10229,10235,10211
3292867,8900,1,EA,1,100,0.229599
3292867,8901,1,EL,1,100,-13550.400391
3292894,8902,2,AX,1,100,0.813,0.765
3292894,8903,2,AY,1,100,0.457,0.491
3292894,8904,2,AZ,1,100,-0.417,-0.397
3292894,8905,2,GX,1,100,-6.195,-10.529
3292894,8906,2,GY,1,100,12.482,27.069
3292894,8907,2,GZ,1,100,-8.087,-17.395
3292894,8908,2,MX,1,100,58,60
"
2026-03-05T00:01:25.150Z,1772668885150,10.168.15.94,3132,"3292894,8909,2,MY,1,100,30,30
3292894,8910,2,MZ,1,100,-19,-17
"
2026-03-05T00:01:25.262Z,1772668885262,10.168.15.94,3132,"3293000,8911,1,SF,1,100,1.8241
3293001,8912,2,PI,1,100,150771,150685
3293001,8913,2,PR,1,100,114712,114613
3293001,8914,2,PG,1,100,10177,10164
3293000,8915,2,EA,1,100,0.229553,0.229410
3293000,8916,2,EL,1,100,-13549.200195,-13545.400391
3292927,8917,1,T1,1,100,36.182
3292942,8918,1,TH,1,100,35.067
3293014,8919,3,AX,1,100,0.774,0.781,0.776
3293014,8920,3,AY,1,100,0.500,0.507,0.514
3293014,8921,3,AZ,1,100,-0.399,-0.378,-0.332
3293014,8922,3,GX,1,100,-9.674,-8.484,-12.329
"
2026-03-05T00:01:25.263Z,1772668885263,10.168.15.94,3132,"3293014,8923,3,GY,1,100,32.990,25.543,41.626
3293014,8924,3,GZ,1,100,-18.219,-13.550,-15.167
3293014,8925,3,MX,1,100,60,61,62
3293014,8926,3,MY,1,100,30,31,31
3293014,8927,3,MZ,1,100,-16,-16,-13
"
2026-03-05T00:01:25.339Z,1772668885339,10.168.15.94,3132,"3293115,8928,4,EM,1,100,RS,RE,PS,MN
"
2026-03-05T00:01:25.360Z,1772668885360,10.168.15.94,3132,"3293115,8928,4,EM,1,100,RS,RE,PS,MN
3293122,8929,3,PI,1,100,150578,150437,150358
3293122,8930,3,PR,1,100,114506,114381,114254
3293122,8931,3,PG,1,100,10133,10113,10082
3293067,8932,1,EA,1,100,0.229245
3293067,8933,1,EL,1,100,-13541.000000
3293060,8934,1,T1,1,100,36.221
3293075,8935,1,TH,1,100,35.067
3293094,8936,2,AX,1,100,0.739,0.815
3293094,8937,2,AY,1,100,0.541,0.503
3293094,8938,2,AZ,1,100,-0.332,-0.271
3293094,8939,2,GX,1,100,-14.099,-12.085
3293094,8940,2,GY,1,100,54.108,29.053
"
2026-03-05T00:01:25.360Z,1772668885360,10.168.15.94,3132,"3293094,8941,2,GZ,1,100,-12.238,-7.385
3293094,8942,2,MX,1,100,61,62
3293094,8943,2,MY,1,100,32,32
3293094,8944,2,MZ,1,100,-11,-11
"
2026-03-05T00:01:25.460Z,1772668885460,10.168.15.94,3132,"3293201,8945,2,PI,1,100,150299,150228
3293201,8946,2,PR,1,100,114182,114091
3293201,8947,2,PG,1,100,10057,10037
3293200,8948,2,EA,1,100,0.229162,0.229170
3293200,8949,2,EL,1,100,-13538.799805,-13539.000000
3293193,8950,1,T1,1,100,36.202
3293208,8951,1,TH,1,100,35.067
3293214,8952,3,AX,1,100,0.825,0.746,0.810
3293214,8953,3,AY,1,100,0.542,0.560,0.551
3293214,8954,3,AZ,1,100,-0.263,-0.252,-0.241
3293214,8955,3,GX,1,100,-6.744,-4.700,-9.827
3293214,8956,3,GY,1,100,10.742,35.370,26.733
"
2026-03-05T00:01:25.460Z,1772668885460,10.168.15.94,3132,"3293214,8957,3,GZ,1,100,-13.763,-13.489,-9.308
3293214,8958,3,MX,1,100,64,62,64
3293214,8959,3,MY,1,100,32,31,31
3293214,8960,3,MZ,1,100,-9,-9,-8
"
2026-03-05T00:01:25.530Z,1772668885530,10.168.15.94,3132,"3293316,8961,4,EM,1,100,RS,RE,PS,MN
"
2026-03-05T00:01:25.563Z,1772668885563,10.168.15.94,3132,"3293316,8961,4,EM,1,100,RS,RE,PS,MN
3293267,8962,1,SF,1,100,1.8030
3293322,8963,3,PI,1,100,150159,150067,149972
3293322,8964,3,PR,1,100,114026,113950,113893
3293322,8965,3,PG,1,100,10050,10005,9984
3293267,8966,1,EA,1,100,0.229207
3293267,8967,1,EL,1,100,-13540.000000
3293327,8968,1,T1,1,100,36.194
3293294,8969,2,AX,1,100,0.794,0.769
3293294,8970,2,AY,1,100,0.573,0.531
3293294,8971,2,AZ,1,100,-0.195,-0.171
3293294,8972,2,GX,1,100,-13.702,-10.315
3293294,8973,2,GY,1,100,26.886,43.335
"
2026-03-05T00:01:25.563Z,1772668885563,10.168.15.94,3132,"3293294,8974,2,GZ,1,100,-7.141,-5.676
3293294,8975,2,MX,1,100,64,65
3293294,8976,2,MY,1,100,33,33
3293294,8977,2,MZ,1,100,-6,-5
"
2026-03-05T00:01:25.656Z,1772668885656,10.168.15.94,3132,"3293401,8978,2,PI,1,100,149914,149839
3293401,8979,2,PR,1,100,113855,113789
3293401,8980,2,PG,1,100,9942,9898
3293400,8981,2,EA,1,100,0.229110,0.229027
3293400,8982,2,EL,1,100,-13537.400391,-13535.200195
3293341,8983,1,TH,1,100,35.100
3293414,8984,3,AX,1,100,0.793,0.808,0.786
3293414,8985,3,AY,1,100,0.574,0.576,0.547
3293414,8986,3,AZ,1,100,-0.155,-0.150,-0.128
3293414,8987,3,GX,1,100,-8.514,-6.287,-4.272
3293414,8988,3,GY,1,100,28.290,18.585,22.827
3293414,8989,3,GZ,1,100,-3.815,-1.740,0.977
"
2026-03-05T00:01:25.659Z,1772668885659,10.168.15.94,3132,"3293414,8990,3,MX,1,100,65,64,64
3293414,8991,3,MY,1,100,33,33,34
3293414,8992,3,MZ,1,100,-4,-4,-3
"
2026-03-05T00:01:25.734Z,1772668885734,10.168.15.94,3132,"3293517,8993,4,EM,1,100,RS,RE,PS,MN
"
2026-03-05T00:01:25.759Z,1772668885759,10.168.15.94,3132,"3293517,8993,4,EM,1,100,RS,RE,PS,MN
3293495,8994,2,PI,1,100,149764,149682
3293495,8995,2,PR,1,100,113759,113715
3293495,8996,2,PG,1,100,9871,9835
3293467,8997,1,EA,1,100,0.229094
3293467,8998,1,EL,1,100,-13537.000000
3293460,8999,1,T1,1,100,36.261
3293475,9000,1,TH,1,100,35.099
3293495,9001,2,AX,1,100,0.817,0.783
3293495,9002,2,AY,1,100,0.599,0.561
3293495,9003,2,AZ,1,100,-0.120,-0.102
3293495,9004,2,GX,1,100,-7.904,-8.240
3293495,9005,2,GY,1,100,12.878,16.052
3293495,9006,2,GZ,1,100,-1.465,-0.854
"
2026-03-05T00:01:25.761Z,1772668885761,10.168.15.94,3132,"3293495,9007,2,MX,1,100,65,65
3293495,9008,2,MY,1,100,34,33
3293495,9009,2,MZ,1,100,-2,-2
"
2026-03-05T00:01:25.864Z,1772668885864,10.168.15.94,3132,"3293600,9010,1,SF,1,100,1.7822
3293615,9011,3,PI,1,100,149526,149433,149252
3293615,9012,3,PR,1,100,113610,113566,113471
3293615,9013,3,PG,1,100,9809,9767,9744
3293600,9014,2,EA,1,100,0.229170,0.229079
3293600,9015,2,EL,1,100,-13539.000000,-13536.599609
3293593,9016,1,T1,1,100,36.290
3293608,9017,1,TH,1,100,35.051
3293615,9018,3,AX,1,100,0.849,0.759,0.817
3293615,9019,3,AY,1,100,0.562,0.594,0.536
3293615,9020,3,AZ,1,100,-0.097,-0.068,-0.065
3293615,9021,3,GX,1,100,-9.735,-3.815,-2.411
"
2026-03-05T00:01:25.865Z,1772668885865,10.168.15.94,3132,"3293615,9022,3,GY,1,100,11.597,11.292,11.505
3293615,9023,3,GZ,1,100,1.038,-0.122,2.502
3293615,9024,3,MX,1,100,64,65,65
3293615,9025,3,MY,1,100,34,34,35
3293615,9026,3,MZ,1,100, 0,-1, 0
"
2026-03-05T00:01:25.942Z,1772668885942,10.168.15.94,3132,"3293718,9027,4,EM,1,100,RS,RE,PS,MN
"
2026-03-05T00:01:25.971Z,1772668885971,10.168.15.94,3132,"3293718,9027,4,EM,1,100,RS,RE,PS,MN
3293695,9028,2,PI,1,100,149069,148994
3293695,9029,2,PR,1,100,113358,113316
3293695,9030,2,PG,1,100,9724,9693
3293733,9031,2,EA,1,100,0.229057,0.229147
3293733,9032,2,EL,1,100,-13536.000000,-13538.400391
3293727,9033,1,T1,1,100,36.197
3293741,9034,1,TH,1,100,35.052
3293735,9035,3,AX,1,100,0.858,0.807,0.790
3293735,9036,3,AY,1,100,0.580,0.591,0.568
3293735,9037,3,AZ,1,100,-0.076,-0.084,-0.084
3293735,9038,3,GX,1,100,0.488,1.373,-1.129
"
2026-03-05T00:01:25.973Z,1772668885973,10.168.15.94,3132,"3293735,9039,3,GY,1,100,-10.010,6.287,11.353
3293735,9040,3,GZ,1,100,1.556,2.014,4.730
3293735,9041,3,MX,1,100,66,64,64
3293735,9042,3,MY,1,100,35,34,34
3293735,9043,3,MZ,1,100,-1, 0, 0
"
2026-03-05T00:01:26.061Z,1772668886061,10.168.15.94,3132,"3293815,9044,3,PI,1,100,148976,149013,149041
3293815,9045,3,PR,1,100,113281,113283,113283
3293815,9046,3,PG,1,100,9678,9685,9666
3293800,9047,1,EA,1,100,0.229185
3293800,9048,1,EL,1,100,-13539.400391
3293815,9049,2,AX,1,100,0.800,0.800
3293815,9050,2,AY,1,100,0.561,0.544
3293815,9051,2,AZ,1,100,-0.079,-0.073
3293815,9052,2,GX,1,100,-0.916,-1.587
3293815,9053,2,GY,1,100,3.967,-0.549
3293815,9054,2,GZ,1,100,3.967,5.432
3293815,9055,2,MX,1,100,65,63
3293815,9056,2,MY,1,100,34,36
3293815,9057,2,MZ,1,100, 1, 0
"
2026-03-05T00:01:26.138Z,1772668886138,10.168.15.94,3132,"3293919,9058,4,EM,1,100,RS,RE,PS,MN
"
2026-03-05T00:01:26.166Z,1772668886166,10.168.15.94,3132,"3293919,9058,4,EM,1,100,RS,RE,PS,MN
3293933,9059,1,SF,1,100,1.7616
3293935,9060,3,PI,1,100,149088,149156,149186
3293935,9061,3,PR,1,100,113314,113341,113357
3293935,9062,3,PG,1,100,9661,9645,9611
3293933,9063,2,EA,1,100,0.229170,0.229170
3293933,9064,2,EL,1,100,-13539.000000,-13539.000000
3293860,9065,1,T1,1,100,36.298
3293875,9066,1,TH,1,100,35.148
3293935,9067,3,AX,1,100,0.845,0.856,0.760
3293935,9068,3,AY,1,100,0.565,0.552,0.578
3293935,9069,3,AZ,1,100,-0.072,-0.086,-0.089
"
2026-03-05T00:01:26.166Z,1772668886166,10.168.15.94,3132,"3293935,9070,3,GX,1,100,1.404,6.256,5.951
3293935,9071,3,GY,1,100,-7.050,-8.636,0.031
3293935,9072,3,GZ,1,100,5.646,2.014,2.655
3293935,9073,3,MX,1,100,64,64,63
3293935,9074,3,MY,1,100,36,35,37
3293935,9075,3,MZ,1,100, 0,-1,-1
"
2026-03-05T00:01:26.276Z,1772668886276,10.168.15.94,3132,"3294015,9076,1,BI,1,100,3320
3294015,9077,1,HR,1,100,34.63
3294015,9078,2,PI,1,100,149181,149063
3294015,9079,2,PR,1,100,113352,113291
3294015,9080,2,PG,1,100,9578,9569
3294000,9081,1,EA,1,100,0.229140
3294000,9082,1,EL,1,100,-13538.200195
3293993,9083,1,T1,1,100,36.235
3294008,9084,1,TH,1,100,35.148
3294015,9085,2,AX,1,100,0.856,0.773
3294015,9086,2,AY,1,100,0.554,0.541
3294015,9087,2,AZ,1,100,-0.092,-0.054
3294015,9088,2,GX,1,100,6.531,3.632
3294015,9089,2,GY,1,100,-4.730,2.014
"
2026-03-05T00:01:26.292Z,1772668886292,10.168.15.94,3132,"3294015,9090,2,GZ,1,100,5.219,5.676
3294015,9091,2,MX,1,100,64,64
3294015,9092,2,MY,1,100,36,35
3294015,9093,2,MZ,1,100,-1,-2
"
2026-03-05T00:01:26.337Z,1772668886337,10.168.15.94,3132,"3294121,9094,4,EM,1,100,RS,RE,PS,MN
"
2026-03-05T00:01:26.374Z,1772668886374,10.168.15.94,3132,"3294121,9094,4,EM,1,100,RS,RE,PS,MN
3294135,9095,3,PI,1,100,148775,148663,148656
3294135,9096,3,PR,1,100,113158,113081,113085
3294135,9097,3,PG,1,100,9544,9528,9531
3294133,9098,2,EA,1,100,0.229162,0.229207
3294133,9099,2,EL,1,100,-13538.799805,-13540.000000
3294127,9100,1,T1,1,100,36.279
3294141,9101,1,TH,1,100,35.013
3294135,9102,3,AX,1,100,0.847,0.839,0.843
3294135,9103,3,AY,1,100,0.551,0.516,0.535
3294135,9104,3,AZ,1,100,-0.117,-0.111,-0.146
3294135,9105,3,GX,1,100,6.592,8.179,9.216
"
2026-03-05T00:01:26.375Z,1772668886375,10.168.15.94,3132,"3294135,9106,3,GY,1,100,-4.700,-28.778,-17.120
3294135,9107,3,GZ,1,100,6.073,6.561,7.355
3294135,9108,3,MX,1,100,63,63,63
3294135,9109,3,MY,1,100,36,35,35
3294135,9110,3,MZ,1,100,-1,-2,-2
"
2026-03-05T00:01:26.470Z,1772668886470,10.168.15.94,3132,"3294215,9111,2,PI,1,100,148678,148703
3294215,9112,2,PR,1,100,113087,113118
3294215,9113,2,PG,1,100,9502,9505
3294200,9114,1,EA,1,100,0.229140
3294200,9115,1,EL,1,100,-13538.200195
3294215,9116,2,AX,1,100,0.894,0.824
3294215,9117,2,AY,1,100,0.535,0.551
3294215,9118,2,AZ,1,100,-0.128,-0.134
3294215,9119,2,GX,1,100,7.141,2.838
3294215,9120,2,GY,1,100,-4.822,5.463
3294215,9121,2,GZ,1,100,6.714,2.686
3294215,9122,2,MX,1,100,61,63
3294215,9123,2,MY,1,100,35,35
3294215,9124,2,MZ,1,100,-3,-3
"
2026-03-05T00:01:26.555Z,1772668886555,10.168.15.94,3132,"3294322,9125,4,EM,1,100,RS,RE,PS,MN
"
2026-03-05T00:01:26.581Z,1772668886581,10.168.15.94,3132,"3294322,9125,4,EM,1,100,RS,RE,PS,MN
3294333,9126,1,SF,1,100,1.7412
3294335,9127,3,PI,1,100,148816,148883,148941
3294335,9128,3,PR,1,100,113160,113201,113228
3294335,9129,3,PG,1,100,9501,9513,9509
3294333,9130,2,EA,1,100,0.229155,0.229132
3294333,9131,2,EL,1,100,-13538.599609,-13538.000000
3294260,9132,1,T1,1,100,36.263
3294275,9133,1,TH,1,100,35.013
3294335,9134,3,AX,1,100,0.882,0.833,0.858
3294335,9135,3,AY,1,100,0.541,0.515,0.573
3294335,9136,3,AZ,1,100,-0.137,-0.114,-0.120
"
2026-03-05T00:01:26.582Z,1772668886582,10.168.15.94,3132,"3294335,9137,3,GX,1,100,1.007,-1.923,-3.510
3294335,9138,3,GY,1,100,4.547,10.620,16.602
3294335,9139,3,GZ,1,100,1.221,0.305,-5.493
3294335,9140,3,MX,1,100,63,63,63
3294335,9141,3,MY,1,100,37,36,36
3294335,9142,3,MZ,1,100,-2,-2,-2
"
2026-03-05T00:01:26.677Z,1772668886677,10.168.15.94,3132,"3294375,9143,1,BI,1,100,360
3294375,9144,1,HR,1,100,63.98
3294415,9145,2,PI,1,100,148942,148807
3294415,9146,2,PR,1,100,113236,113151
3294415,9147,2,PG,1,100,9511,9495
3294400,9148,1,EA,1,100,0.229170
3294400,9149,1,EL,1,100,-13539.000000
3294393,9150,1,T1,1,100,36.255
3294408,9151,1,TH,1,100,35.123
3294415,9152,2,AX,1,100,0.795,0.833
3294415,9153,2,AY,1,100,0.545,0.533
3294415,9154,2,AZ,1,100,-0.082,-0.075
3294415,9155,2,GX,1,100,-0.671,-5.402
3294415,9156,2,GY,1,100,17.303,14.160
"
2026-03-05T00:01:26.678Z,1772668886678,10.168.15.94,3132,"3294415,9157,2,GZ,1,100,-5.981,-7.721
3294415,9158,2,MX,1,100,62,64
3294415,9159,2,MY,1,100,37,35
3294415,9160,2,MZ,1,100,-1, 0
"
2026-03-05T00:01:26.775Z,1772668886775,10.168.15.94,3132,"3294523,9161,4,EM,1,100,RS,RE,PS,MN
"
2026-03-05T00:01:26.777Z,1772668886777,10.168.15.94,3132,"3294523,9161,4,EM,1,100,RS,RE,PS,MN
3294535,9162,3,PI,1,100,148649,148525,148366
3294535,9163,3,PR,1,100,113061,113012,112930
3294535,9164,3,PG,1,100,9479,9445,9433
3294533,9165,2,EA,1,100,0.229162,0.229147
3294533,9166,2,EL,1,100,-13538.799805,-13538.400391
3294527,9167,1,T1,1,100,36.217
3294541,9168,1,TH,1,100,35.123
3294535,9169,3,AX,1,100,0.839,0.846,0.853
3294535,9170,3,AY,1,100,0.553,0.502,0.528
3294535,9171,3,AZ,1,100,-0.085,-0.074,-0.059
3294535,9172,3,GX,1,100,-2.289,-1.038,0.183
"
2026-03-05T00:01:26.779Z,1772668886779,10.168.15.94,3132,"3294535,9173,3,GY,1,100,0.092,8.728,8.331
3294535,9174,3,GZ,1,100,-5.737,-4.547,-5.371
3294535,9175,3,MX,1,100,62,63,64
3294535,9176,3,MY,1,100,38,35,36
3294535,9177,3,MZ,1,100, 0, 0, 0
"
2026-03-05T00:01:26.917Z,1772668886917,10.168.15.94,3132,"3294600,9178,1,SF,1,100,1.7210
3294615,9179,2,PI,1,100,148205,147854
3294615,9180,2,PR,1,100,112831,112642
3294615,9181,2,PG,1,100,9398,9374
3294600,9182,1,EA,1,100,0.229177
3294600,9183,1,EL,1,100,-13539.200195
3294615,9184,2,AX,1,100,0.833,0.670
3294615,9185,2,AY,1,100,0.562,0.522
3294615,9186,2,AZ,1,100,-0.032,-0.055
3294615,9187,2,GX,1,100,3.174,5.798
3294615,9188,2,GY,1,100,21.332,32.990
3294615,9189,2,GZ,1,100,-6.989,0.122
3294615,9190,2,MX,1,100,63,64
3294615,9191,2,MY,1,100,34,37
"
2026-03-05T00:01:26.918Z,1772668886918,10.168.15.94,3132,"3294615,9192,2,MZ,1,100, 0, 1
"
2026-03-05T00:01:26.942Z,1772668886942,10.168.15.94,3132,"3294724,9193,4,EM,1,100,RS,RE,PS,MN
"
2026-03-05T00:01:26.987Z,1772668886987,10.168.15.94,3132,"3294724,9193,4,EM,1,100,RS,RE,PS,MN
3294735,9194,3,PI,1,100,147651,147457,147094
3294735,9195,3,PR,1,100,112525,112439,112232
3294735,9196,3,PG,1,100,9367,9341,9317
3294733,9197,2,EA,1,100,0.229125,0.229110
3294733,9198,2,EL,1,100,-13537.799805,-13537.400391
3294660,9199,1,T1,1,100,36.307
3294675,9200,1,TH,1,100,34.995
3294735,9201,3,AX,1,100,0.970,0.759,0.882
3294735,9202,3,AY,1,100,0.556,0.561,0.563
3294735,9203,3,AZ,1,100,-0.160,-0.083,-0.033
3294735,9204,3,GX,1,100,1.404,-2.625,-9.003
"
2026-03-05T00:01:26.988Z,1772668886988,10.168.15.94,3132,"3294735,9205,3,GY,1,100,-10.864,-15.564,14.191
3294735,9206,3,GZ,1,100,8.728,1.251,-7.629
3294735,9207,3,MX,1,100,63,63,64
3294735,9208,3,MY,1,100,37,37,35
3294735,9209,3,MZ,1,100, 0, 1, 1
"
2026-03-05T00:01:27.080Z,1772668887080,10.168.15.94,3132,"3294815,9210,2,PI,1,100,146918,146931
3294815,9211,2,PR,1,100,112206,112261
3294815,9212,2,PG,1,100,9307,9291
3294800,9213,1,EA,1,100,0.229140
3294800,9214,1,EL,1,100,-13538.200195
3294793,9215,1,T1,1,100,36.204
3294808,9216,1,TH,1,100,34.995
3294815,9217,2,AX,1,100,0.812,0.814
3294815,9218,2,AY,1,100,0.587,0.537
3294815,9219,2,AZ,1,100,-0.039,-0.042
3294815,9220,2,GX,1,100,-6.042,-2.380
3294815,9221,2,GY,1,100,-2.197,1.648
3294815,9222,2,GZ,1,100,-7.874,-5.829
3294815,9223,2,MX,1,100,64,64
"
2026-03-05T00:01:27.083Z,1772668887083,10.168.15.94,3132,"3294815,9224,2,MY,1,100,35,35
3294815,9225,2,MZ,1,100, 0, 0
"
2026-03-05T00:01:27.156Z,1772668887156,10.168.15.94,3132,"3294925,9226,4,EM,1,100,RS,RE,PS,MN
"
2026-03-05T00:01:27.183Z,1772668887183,10.168.15.94,3132,"3294925,9226,4,EM,1,100,RS,RE,PS,MN
3294933,9227,1,SF,1,100,1.7011
3294935,9228,3,PI,1,100,147068,147100,147032
3294935,9229,3,PR,1,100,112341,112375,112293
3294935,9230,3,PG,1,100,9297,9292,9309
3294933,9231,2,EA,1,100,0.229064,0.229094
3294933,9232,2,EL,1,100,-13536.200195,-13537.000000
3294927,9233,1,T1,1,100,36.159
3294941,9234,1,TH,1,100,35.018
3294935,9235,3,AX,1,100,0.813,0.742,0.811
3294935,9236,3,AY,1,100,0.542,0.560,0.522
3294935,9237,3,AZ,1,100,-0.080,-0.082,-0.083
"
2026-03-05T00:01:27.184Z,1772668887184,10.168.15.94,3132,"3294935,9238,3,GX,1,100,-4.486,-5.676,-12.299
3294935,9239,3,GY,1,100,-10.986,-16.296,-27.008
3294935,9240,3,GZ,1,100,-3.021,-1.526,1.709
3294935,9241,3,MX,1,100,64,64,64
3294935,9242,3,MY,1,100,35,36,34
3294935,9243,3,MZ,1,100, 0, 0, 0
"
2026-03-05T00:01:27.285Z,1772668887285,10.168.15.94,3132,"3295055,9244,3,PI,1,100,146936,146945,147057
3295055,9245,3,PR,1,100,112199,112179,112219
3295055,9246,3,PG,1,100,9274,9282,9275
3295000,9247,1,EA,1,100,0.229147
3295000,9248,1,EL,1,100,-13538.400391
3295055,9249,3,AX,1,100,0.775,0.825,0.836
3295055,9250,3,AY,1,100,0.541,0.549,0.582
3295055,9251,3,AZ,1,100,-0.102,-0.085,-0.119
3295055,9252,3,GX,1,100,-11.383,-7.019,-3.662
3295055,9253,3,GY,1,100,-43.701,-32.959,-29.938
3295055,9254,3,GZ,1,100,3.998,7.996,12.054
3295055,9255,3,MX,1,100,64,64,63
"
2026-03-05T00:01:27.287Z,1772668887287,10.168.15.94,3132,"3295055,9256,3,MY,1,100,35,34,35
3295055,9257,3,MZ,1,100, 0,-2,-2
"
2026-03-05T00:01:27.338Z,1772668887338,10.168.15.94,3132,"3295126,9258,4,EM,1,100,RS,RE,PS,MN
"
2026-03-05T00:01:27.388Z,1772668887388,10.168.15.94,3132,"3295126,9258,4,EM,1,100,RS,RE,PS,MN
3295135,9259,2,PI,1,100,147173,147288
3295135,9260,2,PR,1,100,112308,112362
3295135,9261,2,PG,1,100,9253,9237
3295133,9262,2,EA,1,100,0.229147,0.229079
3295133,9263,2,EL,1,100,-13538.400391,-13536.599609
3295060,9264,1,T1,1,100,36.282
3295075,9265,1,TH,1,100,35.018
3295135,9266,2,AX,1,100,0.910,0.881
3295135,9267,2,AY,1,100,0.576,0.577
3295135,9268,2,AZ,1,100,-0.123,-0.144
3295135,9269,2,GX,1,100,5.463,10.162
3295135,9270,2,GY,1,100,-16.357,-2.747
"
2026-03-05T00:01:27.388Z,1772668887388,10.168.15.94,3132,"3295135,9271,2,GZ,1,100,9.583,1.587
3295135,9272,2,MX,1,100,64,63
3295135,9273,2,MY,1,100,34,34
3295135,9274,2,MZ,1,100,-3,-4
"
2026-03-05T00:01:27.488Z,1772668887488,10.168.15.94,3132,"3295175,9275,1,BI,1,100,800
3295175,9276,1,HR,1,100,66.43
3295255,9277,3,PI,1,100,147356,147403,147503
3295255,9278,3,PR,1,100,112434,112465,112552
3295255,9279,3,PG,1,100,9239,9248,9251
3295200,9280,1,EA,1,100,0.228952
3295200,9281,1,EL,1,100,-13533.200195
3295193,9282,1,T1,1,100,36.228
3295208,9283,1,TH,1,100,35.079
3295255,9284,3,AX,1,100,0.780,0.838,0.824
3295255,9285,3,AY,1,100,0.506,0.536,0.536
3295255,9286,3,AZ,1,100,-0.111,-0.129,-0.165
3295255,9287,3,GX,1,100,5.371,4.730,6.958
"
2026-03-05T00:01:27.489Z,1772668887489,10.168.15.94,3132,"3295255,9288,3,GY,1,100,10.468,8.972,4.974
3295255,9289,3,GZ,1,100,-1.221,-1.556,0.671
3295255,9290,3,MX,1,100,63,63,63
3295255,9291,3,MY,1,100,34,35,35
3295255,9292,3,MZ,1,100,-2,-2,-2
"
2026-03-05T00:01:27.548Z,1772668887548,10.168.15.94,3132,"3295327,9293,4,EM,1,100,RS,RE,PS,MN
"
2026-03-05T00:01:27.589Z,1772668887589,10.168.15.94,3132,"3295327,9293,4,EM,1,100,RS,RE,PS,MN
3295333,9294,1,SF,1,100,1.6815
3295335,9295,2,PI,1,100,147629,147794
3295335,9296,2,PR,1,100,112653,112763
3295335,9297,2,PG,1,100,9253,9259
3295333,9298,2,EA,1,100,0.228922,0.228892
3295333,9299,2,EL,1,100,-13532.400391,-13531.599609
3295326,9300,1,T1,1,100,36.205
3295341,9301,1,TH,1,100,35.079
3295335,9302,2,AX,1,100,0.793,0.807
3295335,9303,2,AY,1,100,0.541,0.534
3295335,9304,2,AZ,1,100,-0.135,-0.161
3295335,9305,2,GX,1,100,3.418,-2.747
"
2026-03-05T00:01:27.591Z,1772668887591,10.168.15.94,3132,"3295335,9306,2,GY,1,100,4.852,5.829
3295335,9307,2,GZ,1,100,0.092,-1.099
3295335,9308,2,MX,1,100,63,63
3295335,9309,2,MY,1,100,35,35
3295335,9310,2,MZ,1,100,-2,-2
"
2026-03-05T00:01:27.697Z,1772668887697,10.168.15.94,3132,"3295455,9311,3,PI,1,100,147914,147963,147901
3295455,9312,3,PR,1,100,112852,112864,112783
3295455,9313,3,PG,1,100,9270,9263,9282
3295400,9314,1,EA,1,100,0.228899
3295400,9315,1,EL,1,100,-13531.799805
3295460,9316,1,T1,1,100,36.266
3295455,9317,3,AX,1,100,0.803,0.820,0.842
3295455,9318,3,AY,1,100,0.549,0.555,0.510
3295455,9319,3,AZ,1,100,-0.140,-0.123,-0.142
3295455,9320,3,GX,1,100,-4.150,-8.392,-10.498
3295455,9321,3,GY,1,100,-7.355,-7.599,-7.904
3295455,9322,3,GZ,1,100,-0.610,-0.824,1.434
"
2026-03-05T00:01:27.697Z,1772668887697,10.168.15.94,3132,"3295455,9323,3,MX,1,100,63,63,63
3295455,9324,3,MY,1,100,34,34,34
3295455,9325,3,MZ,1,100,-3,-2,-2
"
2026-03-05T00:01:27.741Z,1772668887741,10.168.15.94,3132,"3295528,9326,4,EM,1,100,RS,RE,PS,MN
"
2026-03-05T00:01:27.793Z,1772668887793,10.168.15.94,3132,"3295528,9326,4,EM,1,100,RS,RE,PS,MN
3295548,9327,2,PI,1,100,147828,147748
3295548,9328,2,PR,1,100,112716,112671
3295548,9329,2,PG,1,100,9284,9282
3295533,9330,2,EA,1,100,0.228937,0.228937
3295533,9331,2,EL,1,100,-13532.799805,-13532.799805
3295475,9332,1,TH,1,100,35.097
3295534,9333,2,AX,1,100,0.846,0.790
3295534,9334,2,AY,1,100,0.566,0.520
3295534,9335,2,AZ,1,100,-0.148,-0.114
3295534,9336,2,GX,1,100,-6.165,-13.397
3295534,9337,2,GY,1,100,-8.881,-2.869
3295534,9338,2,GZ,1,100,3.510,1.740
"
2026-03-05T00:01:27.794Z,1772668887794,10.168.15.94,3132,"3295534,9339,2,MX,1,100,64,63
3295534,9340,2,MY,1,100,35,35
3295534,9341,2,MZ,1,100,-2,-2
"
2026-03-05T00:01:27.909Z,1772668887909,10.168.15.94,3132,"3295600,9342,1,SF,1,100,1.6620
3295628,9343,2,PI,1,100,147688,147631
3295628,9344,2,PR,1,100,112571,112525
3295628,9345,2,PG,1,100,9304,9287
3295600,9346,1,EA,1,100,0.228892
3295600,9347,1,EL,1,100,-13531.599609
3295593,9348,1,T1,1,100,36.292
3295608,9349,1,TH,1,100,35.097
3295654,9350,3,AX,1,100,0.841,0.803,0.864
3295654,9351,3,AY,1,100,0.535,0.492,0.561
3295654,9352,3,AZ,1,100,-0.125,-0.131,-0.153
3295654,9353,3,GX,1,100,-13.519,-8.331,-6.012
3295654,9354,3,GY,1,100,-7.324,-7.751,-8.453
"
2026-03-05T00:01:27.912Z,1772668887912,10.168.15.94,3132,"3295654,9355,3,GZ,1,100,4.333,6.165,5.829
3295654,9356,3,MX,1,100,64,63,64
3295654,9357,3,MY,1,100,34,35,36
3295654,9358,3,MZ,1,100,-3,-3,-4
"
2026-03-05T00:01:27.945Z,1772668887945,10.168.15.94,3132,"3295729,9359,4,EM,1,100,RS,RE,PS,MN
"
2026-03-05T00:01:27.997Z,1772668887997,10.168.15.94,3132,"3295729,9359,4,EM,1,100,RS,RE,PS,MN
3295748,9360,3,PI,1,100,147579,147577,147592
3295748,9361,3,PR,1,100,112505,112461,112469
3295748,9362,3,PG,1,100,9278,9265,9265
3295733,9363,2,EA,1,100,0.228802,0.228929
3295733,9364,2,EL,1,100,-13529.200195,-13532.599609
3295726,9365,1,T1,1,100,36.233
3295741,9366,1,TH,1,100,35.051
3295734,9367,2,AX,1,100,0.834,0.853
3295734,9368,2,AY,1,100,0.549,0.543
3295734,9369,2,AZ,1,100,-0.135,-0.137
3295734,9370,2,GX,1,100,-2.991,-4.669
3295734,9371,2,GY,1,100,-14.130,-6.683
"
2026-03-05T00:01:27.997Z,1772668887997,10.168.15.94,3132,"3295734,9372,2,GZ,1,100,3.418,2.106
3295734,9373,2,MX,1,100,63,64
3295734,9374,2,MY,1,100,35,35
3295734,9375,2,MZ,1,100,-3,-3
"
2026-03-05T00:01:28.118Z,1772668888118,10.168.15.94,3132,"3295868,9376,3,PI,1,100,147642,147665,147644
3295868,9377,3,PR,1,100,112515,112520,112532
3295868,9378,3,PG,1,100,9268,9288,9279
3295867,9379,2,EA,1,100,0.228869,0.228742
3295867,9380,2,EL,1,100,-13531.000000,-13527.599609
3295860,9381,1,T1,1,100,36.172
3295875,9382,1,TH,1,100,35.052
3295854,9383,3,AX,1,100,0.853,0.849,0.814
3295854,9384,3,AY,1,100,0.514,0.522,0.538
3295854,9385,3,AZ,1,100,-0.154,-0.114,-0.134
3295854,9386,3,GX,1,100,-1.343,-4.700,-3.082
3295854,9387,3,GY,1,100,-4.150,0.519,1.190
"
2026-03-05T00:01:28.118Z,1772668888118,10.168.15.94,3132,"3295854,9388,3,GZ,1,100,4.364,2.686,2.045
3295854,9389,3,MX,1,100,63,64,63
3295854,9390,3,MY,1,100,36,35,34
3295854,9391,3,MZ,1,100,-2,-2,-2
"
2026-03-05T00:01:28.144Z,1772668888144,10.168.15.94,3132,"3295930,9392,4,EM,1,100,RS,RE,PS,MN
"
2026-03-05T00:01:28.204Z,1772668888204,10.168.15.94,3132,"3295930,9392,4,EM,1,100,RS,RE,PS,MN
3295908,9393,1,BI,1,100,720
3295908,9394,1,HR,1,100,70.18
3295933,9395,1,SF,1,100,1.6428
3295948,9396,2,PI,1,100,147678,147729
3295948,9397,2,PR,1,100,112547,112572
3295948,9398,2,PG,1,100,9299,9304
3295933,9399,1,EA,1,100,0.228795
3295933,9400,1,EL,1,100,-13529.000000
3295934,9401,2,AX,1,100,0.811,0.790
3295934,9402,2,AY,1,100,0.518,0.513
3295934,9403,2,AZ,1,100,-0.119,-0.172
3295934,9404,2,GX,1,100,-4.669,2.869
3295934,9405,2,GY,1,100,-3.571,-5.707
"
2026-03-05T00:01:28.204Z,1772668888204,10.168.15.94,3132,"3295934,9406,2,GZ,1,100,1.160,1.892
3295934,9407,2,MX,1,100,63,63
3295934,9408,2,MY,1,100,35,35
3295934,9409,2,MZ,1,100,-3,-3
3295899,9410,1,BV,1,100,3.89
3295899,9411,1,B%,1,100,75
"
2026-03-05T00:01:28.307Z,1772668888307,10.168.15.94,3132,"3296068,9412,3,PI,1,100,147788,147884,147916
3296068,9413,3,PR,1,100,112573,112628,112689
3296068,9414,3,PG,1,100,9308,9315,9343
3296066,9415,2,EA,1,100,0.228757,0.228892
3296066,9416,2,EL,1,100,-13528.000000,-13531.599609
3295993,9417,1,T1,1,100,36.145
3296008,9418,1,TH,1,100,35.092
3296054,9419,3,AX,1,100,0.845,0.827,0.872
3296054,9420,3,AY,1,100,0.527,0.525,0.549
3296054,9421,3,AZ,1,100,-0.171,-0.144,-0.167
3296054,9422,3,GX,1,100,7.599,7.965,15.015
3296054,9423,3,GY,1,100,-6.226,-8.484,-5.554
"
2026-03-05T00:01:28.308Z,1772668888308,10.168.15.94,3132,"3296054,9424,3,GZ,1,100,4.578,1.862,-3.754
3296054,9425,3,MX,1,100,63,63,62
3296054,9426,3,MY,1,100,33,35,34
3296054,9427,3,MZ,1,100,-2,-4,-4
"
2026-03-05T00:01:28.353Z,1772668888353,10.168.15.94,3132,"3296131,9428,4,EM,1,100,RS,RE,PS,MN
"
2026-03-05T00:01:28.407Z,1772668888407,10.168.15.94,3132,"3296131,9428,4,EM,1,100,RS,RE,PS,MN
3296148,9429,2,PI,1,100,147889,147836
3296148,9430,2,PR,1,100,112678,112682
3296148,9431,2,PG,1,100,9353,9368
3296133,9432,1,EA,1,100,0.229012
3296133,9433,1,EL,1,100,-13534.799805
3296126,9434,1,T1,1,100,36.205
3296141,9435,1,TH,1,100,35.092
3296174,9436,3,AX,1,100,0.847,0.833,0.809
3296174,9437,3,AY,1,100,0.525,0.529,0.530
3296174,9438,3,AZ,1,100,-0.128,-0.171,-0.192
3296174,9439,3,GX,1,100,16.174,11.078,8.179
3296174,9440,3,GY,1,100,12.848,18.341,1.923
"
2026-03-05T00:01:28.407Z,1772668888407,10.168.15.94,3132,"3296174,9441,3,GZ,1,100,-4.974,-2.655,-0.397
3296174,9442,3,MX,1,100,62,63,61
3296174,9443,3,MY,1,100,35,35,35
3296174,9444,3,MZ,1,100,-4,-3,-3
"
2026-03-05T00:01:28.505Z,1772668888505,10.168.15.94,3132,"3296266,9445,1,SF,1,100,1.6238
3296268,9446,3,PI,1,100,147851,147836,147805
3296268,9447,3,PR,1,100,112680,112666,112634
3296268,9448,3,PG,1,100,9363,9372,9336
3296266,9449,2,EA,1,100,0.228907,0.228877
3296266,9450,2,EL,1,100,-13532.000000,-13531.200195
3296260,9451,1,T1,1,100,36.089
3296274,9452,1,TH,1,100,35.006
3296254,9453,2,AX,1,100,0.816,0.853
3296254,9454,2,AY,1,100,0.533,0.536
3296254,9455,2,AZ,1,100,-0.154,-0.149
3296254,9456,2,GX,1,100,1.831,1.007
3296254,9457,2,GY,1,100,9.644,7.233
"
2026-03-05T00:01:28.510Z,1772668888510,10.168.15.94,3132,"3296254,9458,2,GZ,1,100,1.282,-0.092
3296254,9459,2,MX,1,100,63,62
3296254,9460,2,MY,1,100,34,34
3296254,9461,2,MZ,1,100,-3,-3
"
2026-03-05T00:01:28.552Z,1772668888552,10.168.15.94,3132,"3296335,9462,4,EM,1,100,RS,RE,PS,MN
"
2026-03-05T00:01:28.602Z,1772668888602,10.168.15.94,3132,"3296335,9462,4,EM,1,100,RS,RE,PS,MN
3296348,9463,2,PI,1,100,147789,147782
3296348,9464,2,PR,1,100,112626,112621
3296348,9465,2,PG,1,100,9329,9316
3296333,9466,1,EA,1,100,0.228802
3296333,9467,1,EL,1,100,-13529.200195
3296374,9468,3,AX,1,100,0.831,0.830,0.823
3296374,9469,3,AY,1,100,0.533,0.537,0.545
3296374,9470,3,AZ,1,100,-0.159,-0.122,-0.172
3296374,9471,3,GX,1,100,1.190,-3.815,-2.380
3296374,9472,3,GY,1,100,-3.815,7.507,9.552
3296374,9473,3,GZ,1,100,-1.312,-1.526,-0.702
3296374,9474,3,MX,1,100,63,63,63
"
2026-03-05T00:01:28.604Z,1772668888604,10.168.15.94,3132,"3296374,9475,3,MY,1,100,37,35,35
3296374,9476,3,MZ,1,100,-4,-4,-2
"
2026-03-05T00:01:28.714Z,1772668888714,10.168.15.94,3132,"3296468,9477,1,BI,1,100,560
3296468,9478,1,HR,1,100,78.40
3296468,9479,3,PI,1,100,147798,147880,148149
3296468,9480,3,PR,1,100,112651,112710,112929
3296468,9481,3,PG,1,100,9318,9314,9334
3296466,9482,2,EA,1,100,0.228809,0.228974
3296466,9483,2,EL,1,100,-13529.400391,-13533.799805
3296393,9484,1,T1,1,100,36.074
3296408,9485,1,TH,1,100,35.006
3296454,9486,2,AX,1,100,0.844,0.844
3296454,9487,2,AY,1,100,0.539,0.554
3296454,9488,2,AZ,1,100,-0.127,-0.128
3296454,9489,2,GX,1,100,-3.662,-3.540
"
2026-03-05T00:01:28.714Z,1772668888714,10.168.15.94,3132,"3296454,9490,2,GY,1,100,4.028,0.397
3296454,9491,2,GZ,1,100,0.549,-0.824
3296454,9492,2,MX,1,100,63,62
3296454,9493,2,MY,1,100,35,34
3296454,9494,2,MZ,1,100,-2,-1
"
2026-03-05T00:01:28.749Z,1772668888749,10.168.15.94,3132,"3296536,9495,4,EM,1,100,RS,RE,PS,MN
"
2026-03-05T00:01:28.817Z,1772668888817,10.168.15.94,3132,"3296536,9495,4,EM,1,100,RS,RE,PS,MN
3296548,9496,2,PI,1,100,148398,148550
3296548,9497,2,PR,1,100,113120,113222
3296548,9498,2,PG,1,100,9347,9343
3296533,9499,1,EA,1,100,0.228982
3296533,9500,1,EL,1,100,-13534.000000
3296526,9501,1,T1,1,100,36.174
3296541,9502,1,TH,1,100,35.023
3296574,9503,3,AX,1,100,0.820,0.904,0.772
3296574,9504,3,AY,1,100,0.512,0.516,0.514
3296574,9505,3,AZ,1,100,-0.115,-0.113,-0.118
3296574,9506,3,GX,1,100,-3.784,-2.045,-0.671
3296574,9507,3,GY,1,100,2.045,-5.981,-5.737
"
2026-03-05T00:01:28.817Z,1772668888817,10.168.15.94,3132,"3296574,9508,3,GZ,1,100,-2.472,-3.754,-2.869
3296574,9509,3,MX,1,100,62,63,64
3296574,9510,3,MY,1,100,36,35,34
3296574,9511,3,MZ,1,100,-2,-4,-3
"
2026-03-05T00:01:28.921Z,1772668888921,10.168.15.94,3132,"3296666,9512,1,SF,1,100,1.6050
3296668,9513,3,PI,1,100,148640,148671,148699
3296668,9514,3,PR,1,100,113296,113322,113343
3296668,9515,3,PG,1,100,9346,9371,9366
3296666,9516,2,EA,1,100,0.228997,0.229147
3296666,9517,2,EL,1,100,-13534.400391,-13538.400391
3296660,9518,1,T1,1,100,36.111
3296674,9519,1,TH,1,100,35.023
3296654,9520,2,AX,1,100,0.854,0.777
3296654,9521,2,AY,1,100,0.557,0.518
3296654,9522,2,AZ,1,100,-0.148,-0.119
3296654,9523,2,GX,1,100,-2.106,-3.174
3296654,9524,2,GY,1,100,-7.690,-10.925
"
2026-03-05T00:01:28.922Z,1772668888922,10.168.15.94,3132,"3296654,9525,2,GZ,1,100,0.336,0.336
3296654,9526,2,MX,1,100,63,63
3296654,9527,2,MY,1,100,35,35
3296654,9528,2,MZ,1,100,-3,-2
"
2026-03-05T00:01:28.949Z,1772668888949,10.168.15.94,3132,"3296737,9529,4,EM,1,100,RS,RE,PS,MN
"
2026-03-05T00:01:29.014Z,1772668889014,10.168.15.94,3132,"3296737,9529,4,EM,1,100,RS,RE,PS,MN
3296748,9530,2,PI,1,100,148651,148617
3296748,9531,2,PR,1,100,113312,113285
3296748,9532,2,PG,1,100,9363,9390
3296733,9533,1,EA,1,100,0.229027
3296733,9534,1,EL,1,100,-13535.200195
3296774,9535,3,AX,1,100,0.875,0.801,0.827
3296774,9536,3,AY,1,100,0.545,0.500,0.554
3296774,9537,3,AZ,1,100,-0.192,-0.148,-0.218
3296774,9538,3,GX,1,100,3.601,0.427,-1.282
3296774,9539,3,GY,1,100,-13.885,-12.817,-7.751
3296774,9540,3,GZ,1,100,-0.549,-0.275,-3.448
"
2026-03-05T00:01:29.014Z,1772668889014,10.168.15.94,3132,"3296774,9541,3,MX,1,100,63,64,64
3296774,9542,3,MY,1,100,36,34,35
3296774,9543,3,MZ,1,100,-4,-4,-5
"
2026-03-05T00:01:29.123Z,1772668889123,10.168.15.94,3132,"3296868,9544,3,PI,1,100,148561,148478,148469
3296868,9545,3,PR,1,100,113258,113223,113203
3296868,9546,3,PG,1,100,9387,9376,9356
3296866,9547,2,EA,1,100,0.228944,0.228959
3296866,9548,2,EL,1,100,-13533.000000,-13533.400391
3296793,9549,1,T1,1,100,36.190
3296808,9550,1,TH,1,100,35.018
3296854,9551,2,AX,1,100,0.833,0.783
3296854,9552,2,AY,1,100,0.526,0.534
3296854,9553,2,AZ,1,100,-0.180,-0.169
3296854,9554,2,GX,1,100,0.488,-5.005
3296854,9555,2,GY,1,100,-14.038,8.209
3296854,9556,2,GZ,1,100,-1.312,-1.160
"
2026-03-05T00:01:29.123Z,1772668889123,10.168.15.94,3132,"3296854,9557,2,MX,1,100,64,64
3296854,9558,2,MY,1,100,34,34
3296854,9559,2,MZ,1,100,-4,-4
"
2026-03-05T00:01:29.155Z,1772668889155,10.168.15.94,3132,"3296938,9560,4,EM,1,100,RS,RE,PS,MN
"
2026-03-05T00:01:29.225Z,1772668889225,10.168.15.94,3132,"3296938,9560,4,EM,1,100,RS,RE,PS,MN
3296933,9561,1,SF,1,100,1.5864
3296948,9562,2,PI,1,100,148427,148420
3296948,9563,2,PR,1,100,113195,113161
3296948,9564,2,PG,1,100,9360,9362
3296933,9565,1,EA,1,100,0.228877
3296933,9566,1,EL,1,100,-13531.200195
3296926,9567,1,T1,1,100,36.259
3296941,9568,1,TH,1,100,35.018
3296948,9569,2,AX,1,100,0.827,0.794
3296948,9570,2,AY,1,100,0.555,0.524
3296948,9571,2,AZ,1,100,-0.161,-0.147
3296948,9572,2,GX,1,100,-7.721,-9.308
3296948,9573,2,GY,1,100,-9.399,-11.047
"
2026-03-05T00:01:29.226Z,1772668889226,10.168.15.94,3132,"3296948,9574,2,GZ,1,100,-1.984,-4.761
3296948,9575,2,MX,1,100,63,64
3296948,9576,2,MY,1,100,35,33
3296948,9577,2,MZ,1,100,-4,-4
"
2026-03-05T00:01:29.314Z,1772668889314,10.168.15.94,3132,"3297068,9578,3,PI,1,100,148340,148315,148321
3297068,9579,3,PR,1,100,113091,113071,113034
3297068,9580,3,PG,1,100,9346,9368,9374
3297066,9581,2,EA,1,100,0.228899,0.228937
3297066,9582,2,EL,1,100,-13531.799805,-13532.799805
3297060,9583,1,T1,1,100,36.183
3297074,9584,1,TH,1,100,35.118
3297068,9585,3,AX,1,100,0.819,0.821,0.801
3297068,9586,3,AY,1,100,0.511,0.527,0.550
3297068,9587,3,AZ,1,100,-0.179,-0.160,-0.164
3297068,9588,3,GX,1,100,-3.845,-0.061,1.556
3297068,9589,3,GY,1,100,-9.857,-6.500,-9.216
"
2026-03-05T00:01:29.320Z,1772668889320,10.168.15.94,3132,"3297068,9590,3,GZ,1,100,-3.540,0.275,-1.221
3297068,9591,3,MX,1,100,63,64,63
3297068,9592,3,MY,1,100,34,34,34
3297068,9593,3,MZ,1,100,-4,-4,-5
"
2026-03-05T00:01:29.329Z,1772668889329,10.168.15.94,3132,"3297113,9594,2,RD,1,100,TL,TU
"
2026-03-05T00:01:29.437Z,1772668889437,10.168.15.94,3132,"3297215,9595,4,EM,1,100,RS,RE,PS,MN
"
2026-03-05T00:01:29.452Z,1772668889452,10.168.15.94,3132,"3297113,9594,2,RD,1,100,TL,TU
3297215,9595,4,EM,1,100,RS,RE,PS,MN
3297188,9596,3,PI,1,100,148342,148322,148264
3297188,9597,3,PR,1,100,113034,113017,113008
3297188,9598,3,PG,1,100,9366,9402,9405
3297200,9599,2,EA,1,100,0.229012,0.228967
3297200,9600,2,EL,1,100,-13534.799805,-13533.599609
3297193,9601,1,T1,1,100,36.257
3297208,9602,1,TH,1,100,35.118
3297188,9603,3,AX,1,100,0.854,0.810,0.799
3297188,9604,3,AY,1,100,0.569,0.571,0.556
3297188,9605,3,AZ,1,100,-0.233,-0.199,-0.213
"
2026-03-05T00:01:29.452Z,1772668889452,10.168.15.94,3132,"3297188,9606,3,GX,1,100,8.301,-3.510,-5.371
3297188,9607,3,GY,1,100,-4.608,6.744,6.470
3297188,9608,3,GZ,1,100,-0.214,-2.289,-2.075
3297188,9609,3,MX,1,100,64,64,65
3297188,9610,3,MY,1,100,33,33,33
3297188,9611,3,MZ,1,100,-6,-4,-4
"
2026-03-05T00:01:29.552Z,1772668889552,10.168.15.94,3132,"3297266,9612,1,SF,1,100,1.5681
3297308,9613,3,PI,1,100,148222,148132,148063
3297308,9614,3,PR,1,100,112974,112947,112920
3297308,9615,3,PG,1,100,9410,9410,9421
3297266,9616,1,EA,1,100,0.228937
3297266,9617,1,EL,1,100,-13532.799805
3297308,9618,3,AX,1,100,0.807,0.805,0.805
3297308,9619,3,AY,1,100,0.593,0.594,0.511
3297308,9620,3,AZ,1,100,-0.166,-0.138,-0.117
3297308,9621,3,GX,1,100,-8.148,-11.017,-9.888
3297308,9622,3,GY,1,100,5.585,12.329,7.446
3297308,9623,3,GZ,1,100,0.366,-1.038,-0.183
"
2026-03-05T00:01:29.554Z,1772668889554,10.168.15.94,3132,"3297308,9624,3,MX,1,100,64,64,64
3297308,9625,3,MY,1,100,34,34,33
3297308,9626,3,MZ,1,100,-4,-3,-2
"
2026-03-05T00:01:29.642Z,1772668889642,10.168.15.94,3132,"3297416,9627,4,EM,1,100,RS,RE,PS,MN
"
2026-03-05T00:01:29.658Z,1772668889658,10.168.15.94,3132,"3297416,9627,4,EM,1,100,RS,RE,PS,MN
3297388,9628,2,PI,1,100,148048,148027
3297388,9629,2,PR,1,100,112916,112891
3297388,9630,2,PG,1,100,9424,9434
3297400,9631,2,EA,1,100,0.228914,0.228937
3297400,9632,2,EL,1,100,-13532.200195,-13532.799805
3297326,9633,1,T1,1,100,36.253
3297341,9634,1,TH,1,100,35.031
3297388,9635,2,AX,1,100,0.813,0.841
3297388,9636,2,AY,1,100,0.569,0.530
3297388,9637,2,AZ,1,100,-0.136,-0.171
3297388,9638,2,GX,1,100,-1.404,2.411
3297388,9639,2,GY,1,100,-9.369,-4.486
"
2026-03-05T00:01:29.659Z,1772668889659,10.168.15.94,3132,"3297388,9640,2,GZ,1,100,-2.197,-1.251
3297388,9641,2,MX,1,100,63,64
3297388,9642,2,MY,1,100,33,33
3297388,9643,2,MZ,1,100,-4,-3
"
2026-03-05T00:01:29.751Z,1772668889751,10.168.15.94,3132,"3297508,9644,3,PI,1,100,147998,148016,147992
3297508,9645,3,PR,1,100,112895,112887,112886
3297508,9646,3,PG,1,100,9416,9400,9404
3297466,9647,1,EA,1,100,0.228877
3297466,9648,1,EL,1,100,-13531.200195
3297460,9649,1,T1,1,100,36.145
3297474,9650,1,TH,1,100,35.031
3297508,9651,3,AX,1,100,0.809,0.855,0.817
3297508,9652,3,AY,1,100,0.557,0.567,0.526
3297508,9653,3,AZ,1,100,-0.151,-0.152,-0.182
3297508,9654,3,GX,1,100,0.183,1.434,2.350
3297508,9655,3,GY,1,100,4.211,0.458,2.319
"
2026-03-05T00:01:29.762Z,1772668889762,10.168.15.94,3132,"3297508,9656,3,GZ,1,100,3.204,-2.655,-4.303
3297508,9657,3,MX,1,100,66,66,65
3297508,9658,3,MY,1,100,34,33,33
3297508,9659,3,MZ,1,100,-4,-3,-4
"
2026-03-05T00:01:29.831Z,1772668889831,10.168.15.94,3132,"3297617,9660,4,EM,1,100,RS,RE,PS,MN
"
2026-03-05T00:01:29.855Z,1772668889855,10.168.15.94,3132,"3297617,9660,4,EM,1,100,RS,RE,PS,MN
3297600,9661,1,SF,1,100,1.5499
3297601,9662,2,PI,1,100,147995,147995
3297601,9663,2,PR,1,100,112891,112899
3297601,9664,2,PG,1,100,9389,9396
3297600,9665,2,EA,1,100,0.228959,0.228974
3297600,9666,2,EL,1,100,-13533.400391,-13533.799805
3297593,9667,1,T1,1,100,36.240
3297608,9668,1,TH,1,100,35.102
3297587,9669,2,AX,1,100,0.762,0.767
3297587,9670,2,AY,1,100,0.546,0.535
3297587,9671,2,AZ,1,100,-0.154,-0.163
3297587,9672,2,GX,1,100,2.014,0.793
"
2026-03-05T00:01:29.856Z,1772668889856,10.168.15.94,3132,"3297587,9673,2,GY,1,100,8.484,9.338
3297587,9674,2,GZ,1,100,-1.617,2.075
3297587,9675,2,MX,1,100,65,65
3297587,9676,2,MY,1,100,34,33
3297587,9677,2,MZ,1,100,-4,-1
"
2026-03-05T00:01:29.964Z,1772668889964,10.168.15.94,3132,"3297721,9678,1,BI,1,100,1240
3297721,9679,1,HR,1,100,71.73
3297721,9680,3,PI,1,100,148006,148104,148214
3297721,9681,3,PR,1,100,112919,112972,113032
3297721,9682,3,PG,1,100,9408,9421,9413
3297666,9683,1,EA,1,100,0.228944
3297666,9684,1,EL,1,100,-13533.000000
3297726,9685,1,T1,1,100,36.317
3297707,9686,3,AX,1,100,0.837,0.798,0.872
3297707,9687,3,AY,1,100,0.574,0.554,0.556
3297707,9688,3,AZ,1,100,-0.159,-0.170,-0.162
3297707,9689,3,GX,1,100,7.019,7.660,5.920
3297707,9690,3,GY,1,100,-2.930,2.258,-5.524
"
2026-03-05T00:01:29.965Z,1772668889965,10.168.15.94,3132,"3297707,9691,3,GZ,1,100,9.125,5.005,2.594
3297707,9692,3,MX,1,100,64,64,64
3297707,9693,3,MY,1,100,35,34,33
3297707,9694,3,MZ,1,100,-3,-4,-3
"
2026-03-05T00:01:30.032Z,1772668890032,10.168.15.94,3132,"3297818,9695,4,EM,1,100,RS,RE,PS,MN
"
2026-03-05T00:01:30.056Z,1772668890056,10.168.15.94,3132,"3297818,9695,4,EM,1,100,RS,RE,PS,MN
3297801,9696,2,PI,1,100,148425,148524
3297801,9697,2,PR,1,100,113164,113234
3297801,9698,2,PG,1,100,9421,9449
3297800,9699,2,EA,1,100,0.228959,0.228795
3297800,9700,2,EL,1,100,-13533.400391,-13529.000000
3297741,9701,1,TH,1,100,35.102
3297827,9702,3,AX,1,100,0.806,0.823,0.799
3297827,9703,3,AY,1,100,0.551,0.550,0.544
3297827,9704,3,AZ,1,100,-0.149,-0.173,-0.121
3297827,9705,3,GX,1,100,2.502,1.953,-4.028
3297827,9706,3,GY,1,100,4.913,0.946,5.554
"
2026-03-05T00:01:30.060Z,1772668890060,10.168.15.94,3132,"3297827,9707,3,GZ,1,100,-0.092,-1.495,0.702
3297827,9708,3,MX,1,100,64,63,64
3297827,9709,3,MY,1,100,34,34,34
3297827,9710,3,MZ,1,100,-4,-3,-4
"
2026-03-05T00:01:30.158Z,1772668890158,10.168.15.94,3132,"3297921,9711,3,PI,1,100,148618,148630,148671
3297921,9712,3,PR,1,100,113302,113313,113334
3297921,9713,3,PG,1,100,9459,9465,9495
3297866,9714,1,EA,1,100,0.228757
3297866,9715,1,EL,1,100,-13528.000000
3297859,9716,1,T1,1,100,36.243
3297874,9717,1,TH,1,100,35.092
3297907,9718,2,AX,1,100,0.844,0.782
3297907,9719,2,AY,1,100,0.529,0.519
3297907,9720,2,AZ,1,100,-0.174,-0.126
3297907,9721,2,GX,1,100,0.854,-0.061
3297907,9722,2,GY,1,100,-5.920,6.470
3297907,9723,2,GZ,1,100,-0.458,1.892
"
2026-03-05T00:01:30.162Z,1772668890162,10.168.15.94,3132,"3297907,9724,2,MX,1,100,65,63
3297907,9725,2,MY,1,100,34,34
3297907,9726,2,MZ,1,100,-4,-3
"
2026-03-05T00:01:30.232Z,1772668890232,10.168.15.94,3132,"3298019,9727,4,EM,1,100,RS,RE,PS,MN
"
2026-03-05T00:01:30.270Z,1772668890270,10.168.15.94,3132,"3298019,9727,4,EM,1,100,RS,RE,PS,MN
3298000,9728,1,SF,1,100,1.5320
3298001,9729,2,PI,1,100,148630,148643
3298001,9730,2,PR,1,100,113312,113305
3298001,9731,2,PG,1,100,9478,9496
3298000,9732,2,EA,1,100,0.228795,0.228817
3298000,9733,2,EL,1,100,-13529.000000,-13529.599609
3297993,9734,1,T1,1,100,36.141
3298008,9735,1,TH,1,100,35.092
3298027,9736,3,AX,1,100,0.827,0.813,0.844
3298027,9737,3,AY,1,100,0.552,0.531,0.541
3298027,9738,3,AZ,1,100,-0.179,-0.178,-0.148
3298027,9739,3,GX,1,100,1.282,1.404,-1.709
"
2026-03-05T00:01:30.275Z,1772668890275,10.168.15.94,3132,"3298027,9740,3,GY,1,100,-5.524,-4.150,-4.547
3298027,9741,3,GZ,1,100,4.211,7.874,5.188
3298027,9742,3,MX,1,100,63,63,64
3298027,9743,3,MY,1,100,35,34,34
3298027,9744,3,MZ,1,100,-4,-4,-4
"
2026-03-05T00:01:30.381Z,1772668890381,10.168.15.94,3132,"3298121,9745,3,PI,1,100,148568,148537,148532
3298121,9746,3,PR,1,100,113257,113257,113230
3298121,9747,3,PG,1,100,9491,9481,9469
3298066,9748,1,EA,1,100,0.228787
3298066,9749,1,EL,1,100,-13528.799805
3298126,9750,1,T1,1,100,36.274
3298107,9751,2,AX,1,100,0.822,0.858
3298107,9752,2,AY,1,100,0.604,0.500
3298107,9753,2,AZ,1,100,-0.203,-0.156
3298107,9754,2,GX,1,100,0.427,-5.096
3298107,9755,2,GY,1,100,-5.096,-5.798
3298107,9756,2,GZ,1,100,1.740,5.249
3298107,9757,2,MX,1,100,63,63
3298107,9758,2,MY,1,100,35,34
"
2026-03-05T00:01:30.382Z,1772668890382,10.168.15.94,3132,"3298107,9759,2,MZ,1,100,-2,-3
"
2026-03-05T00:01:30.442Z,1772668890442,10.168.15.94,3132,"3298220,9760,4,EM,1,100,RS,RE,PS,MN
"
2026-03-05T00:01:30.460Z,1772668890460,10.168.15.94,3132,"3298220,9760,4,EM,1,100,RS,RE,PS,MN
3298201,9761,2,PI,1,100,148521,148499
3298201,9762,2,PR,1,100,113226,113229
3298201,9763,2,PG,1,100,9473,9485
3298200,9764,2,EA,1,100,0.228862,0.228869
3298200,9765,2,EL,1,100,-13530.799805,-13531.000000
3298141,9766,1,TH,1,100,35.127
3298227,9767,3,AX,1,100,0.826,0.838,0.829
3298227,9768,3,AY,1,100,0.538,0.511,0.506
3298227,9769,3,AZ,1,100,-0.155,-0.154,-0.155
3298227,9770,3,GX,1,100,-7.294,-5.951,-5.219
3298227,9771,3,GY,1,100,-7.996,3.540,1.801
"
2026-03-05T00:01:30.462Z,1772668890462,10.168.15.94,3132,"3298227,9772,3,GZ,1,100,2.899,1.892,0.610
3298227,9773,3,MX,1,100,63,63,63
3298227,9774,3,MY,1,100,35,34,33
3298227,9775,3,MZ,1,100,-4,-4,-4
"
2026-03-05T00:01:30.563Z,1772668890563,10.168.15.94,3132,"3298333,9776,1,SF,1,100,1.5143
3298321,9777,3,PI,1,100,148471,148471,148426
3298321,9778,3,PR,1,100,113210,113210,113179
3298321,9779,3,PG,1,100,9480,9485,9509
3298333,9780,2,EA,1,100,0.228765,0.228682
3298333,9781,2,EL,1,100,-13528.200195,-13526.000000
3298259,9782,1,T1,1,100,36.331
3298274,9783,1,TH,1,100,35.127
3298307,9784,2,AX,1,100,0.771,0.849
3298307,9785,2,AY,1,100,0.548,0.522
3298307,9786,2,AZ,1,100,-0.143,-0.180
3298307,9787,2,GX,1,100,-1.373,-2.747
3298307,9788,2,GY,1,100,7.050,-7.538
"
2026-03-05T00:01:30.571Z,1772668890571,10.168.15.94,3132,"3298307,9789,2,GZ,1,100,-2.350,0.122
3298307,9790,2,MX,1,100,63,64
3298307,9791,2,MY,1,100,35,34
3298307,9792,2,MZ,1,100,-3,-4
"
2026-03-05T00:01:30.642Z,1772668890642,10.168.15.94,3132,"3298421,9793,4,EM,1,100,RS,RE,PS,MN
"
2026-03-05T00:01:30.666Z,1772668890666,10.168.15.94,3132,"3298421,9793,4,EM,1,100,RS,RE,PS,MN
3298401,9794,2,PI,1,100,148393,148359
3298401,9795,2,PR,1,100,113155,113132
3298401,9796,2,PG,1,100,9489,9484
3298400,9797,1,EA,1,100,0.228652
3298400,9798,1,EL,1,100,-13525.200195
3298393,9799,1,T1,1,100,36.250
3298408,9800,1,TH,1,100,35.118
3298427,9801,3,AX,1,100,0.839,0.821,0.830
3298427,9802,3,AY,1,100,0.537,0.528,0.553
3298427,9803,3,AZ,1,100,-0.169,-0.159,-0.172
3298427,9804,3,GX,1,100,-3.021,-2.991,-3.937
3298427,9805,3,GY,1,100,-7.355,3.174,-1.068
"
2026-03-05T00:01:30.668Z,1772668890668,10.168.15.94,3132,"3298427,9806,3,GZ,1,100,-0.183,-2.136,0.122
3298427,9807,3,MX,1,100,63,63,64
3298427,9808,3,MY,1,100,35,34,34
3298427,9809,3,MZ,1,100,-3,-4,-4
"
2026-03-05T00:01:30.771Z,1772668890771,10.168.15.94,3132,"3298521,9810,3,PI,1,100,148321,148284,148225
3298521,9811,3,PR,1,100,113105,113071,113032
3298521,9812,3,PG,1,100,9504,9495,9496
3298533,9813,2,EA,1,100,0.228645,0.228727
3298533,9814,2,EL,1,100,-13525.000000,-13527.200195
3298526,9815,1,T1,1,100,36.321
3298541,9816,1,TH,1,100,35.125
3298507,9817,2,AX,1,100,0.828,0.821
3298507,9818,2,AY,1,100,0.543,0.528
3298507,9819,2,AZ,1,100,-0.161,-0.143
3298507,9820,2,GX,1,100,-4.303,-4.639
3298507,9821,2,GY,1,100,-6.378,-3.448
3298507,9822,2,GZ,1,100,0.153,-0.397
"
2026-03-05T00:01:30.773Z,1772668890773,10.168.15.94,3132,"3298507,9823,2,MX,1,100,63,63
3298507,9824,2,MY,1,100,35,33
3298507,9825,2,MZ,1,100,-3,-3
"
2026-03-05T00:01:30.836Z,1772668890836,10.168.15.94,3132,"3298622,9826,4,EM,1,100,RS,RE,PS,MN
"
2026-03-05T00:01:30.870Z,1772668890870,10.168.15.94,3132,"3298622,9826,4,EM,1,100,RS,RE,PS,MN
3298600,9827,1,SF,1,100,1.4968
3298601,9828,2,PI,1,100,148200,148155
3298601,9829,2,PR,1,100,112993,112980
3298601,9830,2,PG,1,100,9505,9502
3298600,9831,1,EA,1,100,0.228652
3298600,9832,1,EL,1,100,-13525.200195
3298627,9833,3,AX,1,100,0.845,0.893,0.855
3298627,9834,3,AY,1,100,0.530,0.500,0.562
3298627,9835,3,AZ,1,100,-0.167,-0.149,-0.155
3298627,9836,3,GX,1,100,-0.092,0.977,2.655
3298627,9837,3,GY,1,100,1.068,1.678,-0.732
3298627,9838,3,GZ,1,100,0.427,0.275,-4.364
"
2026-03-05T00:01:30.870Z,1772668890870,10.168.15.94,3132,"3298627,9839,3,MX,1,100,63,62,64
3298627,9840,3,MY,1,100,34,34,34
3298627,9841,3,MZ,1,100,-2,-2,-4
"
2026-03-05T00:01:30.969Z,1772668890969,10.168.15.94,3132,"3298721,9842,3,PI,1,100,148142,148127,148094
3298721,9843,3,PR,1,100,112974,112961,112942
3298721,9844,3,PG,1,100,9494,9500,9484
3298733,9845,2,EA,1,100,0.228720,0.228772
3298733,9846,2,EL,1,100,-13527.000000,-13528.400391
3298659,9847,1,T1,1,100,36.316
3298674,9848,1,TH,1,100,35.104
3298707,9849,2,AX,1,100,0.797,0.788
3298707,9850,2,AY,1,100,0.511,0.513
3298707,9851,2,AZ,1,100,-0.148,-0.137
3298707,9852,2,GX,1,100,1.892,0.977
3298707,9853,2,GY,1,100,5.707,7.019
3298707,9854,2,GZ,1,100,-5.920,-2.625
"
2026-03-05T00:01:30.969Z,1772668890969,10.168.15.94,3132,"3298707,9855,2,MX,1,100,63,64
3298707,9856,2,MY,1,100,33,34
3298707,9857,2,MZ,1,100,-3,-2
"
2026-03-05T00:01:31.040Z,1772668891040,10.168.15.94,3132,"3298823,9858,4,EM,1,100,RS,RE,PS,MN
"
2026-03-05T00:01:31.069Z,1772668891069,10.168.15.94,3132,"3298823,9858,4,EM,1,100,RS,RE,PS,MN
3298841,9859,3,PI,1,100,148122,148196,148226
3298841,9860,3,PR,1,100,112973,113020,113034
3298841,9861,3,PG,1,100,9487,9486,9486
3298800,9862,1,EA,1,100,0.228779
3298800,9863,1,EL,1,100,-13528.599609
3298793,9864,1,T1,1,100,36.172
3298808,9865,1,TH,1,100,35.096
3298827,9866,3,AX,1,100,0.781,0.812,0.841
3298827,9867,3,AY,1,100,0.553,0.532,0.518
3298827,9868,3,AZ,1,100,-0.179,-0.186,-0.148
3298827,9869,3,GX,1,100,9.521,8.881,3.906
3298827,9870,3,GY,1,100,4.211,5.402,-5.432
"
2026-03-05T00:01:31.071Z,1772668891071,10.168.15.94,3132,"3298827,9871,3,GZ,1,100,2.106,7.568,3.754
3298827,9872,3,MX,1,100,64,63,63
3298827,9873,3,MY,1,100,34,35,34
3298827,9874,3,MZ,1,100,-2,-3,-3
"
2026-03-05T00:01:31.185Z,1772668891185,10.168.15.94,3132,"3298881,9875,1,BI,1,100,1160
3298881,9876,1,HR,1,100,67.28
3298933,9877,1,SF,1,100,1.4794
3298921,9878,2,PI,1,100,148290,148305
3298921,9879,2,PR,1,100,113068,113092
3298921,9880,2,PG,1,100,9503,9516
3298933,9881,2,EA,1,100,0.228884,0.228839
3298933,9882,2,EL,1,100,-13531.400391,-13530.200195
3298926,9883,1,T1,1,100,36.252
3298941,9884,1,TH,1,100,35.084
3298907,9885,2,AX,1,100,0.819,0.860
3298907,9886,2,AY,1,100,0.530,0.548
3298907,9887,2,AZ,1,100,-0.134,-0.164
3298907,9888,2,GX,1,100,2.106,2.594
"
2026-03-05T00:01:31.185Z,1772668891185,10.168.15.94,3132,"3298907,9889,2,GY,1,100,-6.683,0.977
3298907,9890,2,GZ,1,100,0.183,2.533
3298907,9891,2,MX,1,100,63,63
3298907,9892,2,MY,1,100,34,35
3298907,9893,2,MZ,1,100,-2,-4
"
2026-03-05T00:01:31.241Z,1772668891241,10.168.15.94,3132,"3299024,9894,4,EM,1,100,RS,RE,PS,MN
"
2026-03-05T00:01:31.274Z,1772668891274,10.168.15.94,3132,"3299024,9894,4,EM,1,100,RS,RE,PS,MN
3299041,9895,3,PI,1,100,148354,148370,148392
3299041,9896,3,PR,1,100,113097,113137,113140
3299041,9897,3,PG,1,100,9530,9511,9539
3299000,9898,1,EA,1,100,0.228854
3299000,9899,1,EL,1,100,-13530.599609
3299027,9900,3,AX,1,100,0.837,0.821,0.834
3299027,9901,3,AY,1,100,0.558,0.520,0.521
3299027,9902,3,AZ,1,100,-0.150,-0.148,-0.130
3299027,9903,3,GX,1,100,3.510,1.740,1.038
3299027,9904,3,GY,1,100,2.380,8.820,1.709
3299027,9905,3,GZ,1,100,2.930,0.427,-2.258
"
2026-03-05T00:01:31.275Z,1772668891275,10.168.15.94,3132,"3299027,9906,3,MX,1,100,63,64,64
3299027,9907,3,MY,1,100,35,34,35
3299027,9908,3,MZ,1,100,-3,-4,-2
"
2026-03-05T00:01:31.382Z,1772668891382,10.168.15.94,3132,"3299121,9909,2,PI,1,100,148425,148402
3299121,9910,2,PR,1,100,113147,113147
3299121,9911,2,PG,1,100,9553,9532
3299133,9912,2,EA,1,100,0.228854,0.228802
3299133,9913,2,EL,1,100,-13530.599609,-13529.200195
3299059,9914,1,T1,1,100,36.180
3299074,9915,1,TH,1,100,35.084
3299147,9916,3,AX,1,100,0.828,0.836,0.802
3299147,9917,3,AY,1,100,0.534,0.519,0.508
3299147,9918,3,AZ,1,100,-0.178,-0.155,-0.133
3299147,9919,3,GX,1,100,-1.068,-5.280,-7.721
3299147,9920,3,GY,1,100,3.937,4.913,-2.625
"
2026-03-05T00:01:31.383Z,1772668891383,10.168.15.94,3132,"3299147,9921,3,GZ,1,100,-4.395,0.488,-0.244
3299147,9922,3,MX,1,100,63,63,64
3299147,9923,3,MY,1,100,35,33,36
3299147,9924,3,MZ,1,100,-3,-2,-4
"
2026-03-05T00:01:31.448Z,1772668891448,10.168.15.94,3132,"3299225,9925,4,EM,1,100,RS,RE,PS,MN
"
2026-03-05T00:01:31.471Z,1772668891471,10.168.15.94,3132,"3299225,9925,4,EM,1,100,RS,RE,PS,MN
3299241,9926,3,PI,1,100,148391,148379,148352
3299241,9927,3,PR,1,100,113122,113114,113107
3299241,9928,3,PG,1,100,9536,9547,9520
3299200,9929,1,EA,1,100,0.228817
3299200,9930,1,EL,1,100,-13529.599609
3299193,9931,1,T1,1,100,36.184
3299208,9932,1,TH,1,100,35.079
3299227,9933,2,AX,1,100,0.854,0.821
3299227,9934,2,AY,1,100,0.528,0.526
3299227,9935,2,AZ,1,100,-0.145,-0.143
3299227,9936,2,GX,1,100,-3.021,-0.397
3299227,9937,2,GY,1,100,0.183,0.763
"
2026-03-05T00:01:31.478Z,1772668891478,10.168.15.94,3132,"3299227,9938,2,GZ,1,100,-0.793,0.458
3299227,9939,2,MX,1,100,64,63
3299227,9940,2,MY,1,100,35,33
3299227,9941,2,MZ,1,100,-4,-3
"
2026-03-05T00:01:31.584Z,1772668891584,10.168.15.94,3132,"3299333,9942,1,SF,1,100,1.4623
3299321,9943,2,PI,1,100,148305,148313
3299321,9944,2,PR,1,100,113090,113095
3299321,9945,2,PG,1,100,9505,9517
3299333,9946,2,EA,1,100,0.228742,0.228765
3299333,9947,2,EL,1,100,-13527.599609,-13528.200195
3299326,9948,1,T1,1,100,36.151
3299341,9949,1,TH,1,100,35.079
3299347,9950,3,AX,1,100,0.819,0.834,0.819
3299347,9951,3,AY,1,100,0.538,0.526,0.514
3299347,9952,3,AZ,1,100,-0.135,-0.168,-0.118
3299347,9953,3,GX,1,100,-1.343,0.122,-1.434
3299347,9954,3,GY,1,100,3.815,3.967,6.073
"
2026-03-05T00:01:31.585Z,1772668891585,10.168.15.94,3132,"3299347,9955,3,GZ,1,100,-0.305,0.549,1.801
3299347,9956,3,MX,1,100,63,64,64
3299347,9957,3,MY,1,100,35,35,35
3299347,9958,3,MZ,1,100,-2,-2,-2
"
2026-03-05T00:01:31.665Z,1772668891665,10.168.15.94,3132,"3299429,9959,4,EM,1,100,RS,RE,PS,MN
"
2026-03-05T00:01:31.674Z,1772668891674,10.168.15.94,3132,"3299429,9959,4,EM,1,100,RS,RE,PS,MN
3299441,9960,3,PI,1,100,148306,148306,148307
3299441,9961,3,PR,1,100,113092,113083,113097
3299441,9962,3,PG,1,100,9512,9502,9503
3299399,9963,1,EA,1,100,0.228742
3299399,9964,1,EL,1,100,-13527.599609
3299427,9965,2,AX,1,100,0.831,0.834
3299427,9966,2,AY,1,100,0.555,0.511
3299427,9967,2,AZ,1,100,-0.120,-0.131
3299427,9968,2,GX,1,100,-1.373,1.190
3299427,9969,2,GY,1,100,7.751,3.906
3299427,9970,2,GZ,1,100,2.869,3.601
3299427,9971,2,MX,1,100,63,63
"
2026-03-05T00:01:31.675Z,1772668891675,10.168.15.94,3132,"3299427,9972,2,MY,1,100,35,34
3299427,9973,2,MZ,1,100,-2,-2
"
2026-03-05T00:01:31.779Z,1772668891779,10.168.15.94,3132,"3299521,9974,2,PI,1,100,148313,148291
3299521,9975,2,PR,1,100,113093,113093
3299521,9976,2,PG,1,100,9502,9491
3299533,9977,2,EA,1,100,0.228757,0.228675
3299533,9978,2,EL,1,100,-13528.000000,-13525.799805
3299459,9979,1,T1,1,100,36.242
3299474,9980,1,TH,1,100,35.008
3299547,9981,3,AX,1,100,0.840,0.857,0.811
3299547,9982,3,AY,1,100,0.529,0.585,0.462
3299547,9983,3,AZ,1,100,-0.128,-0.113,-0.096
3299547,9984,3,GX,1,100,1.678,2.258,-1.892
3299547,9985,3,GY,1,100,0.397,2.075,2.045
"
2026-03-05T00:01:31.779Z,1772668891779,10.168.15.94,3132,"3299547,9986,3,GZ,1,100,2.228,0.092,-0.793
3299547,9987,3,MX,1,100,63,62,63
3299547,9988,3,MY,1,100,35,36,35
3299547,9989,3,MZ,1,100,-2,-1,-3
"
2026-03-05T00:01:31.843Z,1772668891843,10.168.15.94,3132,"3299629,9990,4,EM,1,100,RS,RE,PS,MN
"
2026-03-05T00:01:31.880Z,1772668891880,10.168.15.94,3132,"3299629,9990,4,EM,1,100,RS,RE,PS,MN
3299599,9991,1,SF,1,100,1.4454
3299601,9992,2,PI,1,100,148277,148255
3299601,9993,2,PR,1,100,113053,113051
3299601,9994,2,PG,1,100,9486,9494
3299599,9995,1,EA,1,100,0.228772
3299599,9996,1,EL,1,100,-13528.400391
3299593,9997,1,T1,1,100,36.105
3299608,9998,1,TH,1,100,35.008
3299627,9999,2,AX,1,100,0.846,0.837
3299627,10000,2,AY,1,100,0.538,0.505
3299627,10001,2,AZ,1,100,-0.109,-0.169
3299627,10002,2,GX,1,100,4.639,8.881
3299627,10003,2,GY,1,100,-1.221,-5.066
"
2026-03-05T00:01:31.893Z,1772668891893,10.168.15.94,3132,"3299627,10004,2,GZ,1,100,0.854,3.265
3299627,10005,2,MX,1,100,64,63
3299627,10006,2,MY,1,100,35,35
3299627,10007,2,MZ,1,100,-1,-2
"
2026-03-05T00:01:31.989Z,1772668891989,10.168.15.94,3132,"3299734,10008,3,PI,1,100,148246,148226,148257
3299734,10009,3,PR,1,100,113025,113052,113044
3299734,10010,3,PG,1,100,9489,9483,9502
3299733,10011,2,EA,1,100,0.228645,0.228607
3299733,10012,2,EL,1,100,-13525.000000,-13524.000000
3299726,10013,1,T1,1,100,36.187
3299741,10014,1,TH,1,100,35.069
3299747,10015,3,AX,1,100,0.867,0.813,0.835
3299747,10016,3,AY,1,100,0.554,0.506,0.528
3299747,10017,3,AZ,1,100,-0.140,-0.115,-0.138
3299747,10018,3,GX,1,100,1.434,-0.488,1.373
"
2026-03-05T00:01:31.990Z,1772668891990,10.168.15.94,3132,"3299747,10019,3,GY,1,100,-4.425,-4.211,-1.434
3299747,10020,3,GZ,1,100,4.486,-2.686,0.183
3299747,10021,3,MX,1,100,63,64,62
3299747,10022,3,MY,1,100,35,35,35
3299747,10023,3,MZ,1,100,-2,-2,-2
"
2026-03-05T00:01:32.043Z,1772668892043,10.168.15.94,3132,"3299830,10024,4,EM,1,100,RS,RE,PS,MN
"
2026-03-05T00:01:32.086Z,1772668892086,10.168.15.94,3132,"3299830,10024,4,EM,1,100,RS,RE,PS,MN
3299854,10025,3,PI,1,100,148219,148158,148146
3299854,10026,3,PR,1,100,113025,113017,112978
3299854,10027,3,PG,1,100,9486,9489,9468
3299799,10028,1,EA,1,100,0.228652
3299799,10029,1,EL,1,100,-13525.200195
3299827,10030,2,AX,1,100,0.850,0.833
3299827,10031,2,AY,1,100,0.532,0.517
3299827,10032,2,AZ,1,100,-0.144,-0.162
3299827,10033,2,GX,1,100,5.157,5.066
3299827,10034,2,GY,1,100,-5.219,0.092
3299827,10035,2,GZ,1,100,1.465,-3.174
3299827,10036,2,MX,1,100,63,63
"
2026-03-05T00:01:32.087Z,1772668892087,10.168.15.94,3132,"3299827,10037,2,MY,1,100,36,36
3299827,10038,2,MZ,1,100,-3,-3
"
2026-03-05T00:01:32.187Z,1772668892187,10.168.15.94,3132,"3299933,10039,1,SF,1,100,1.4287
3299934,10040,2,PI,1,100,148117,148095
3299934,10041,2,PR,1,100,112969,112946
3299934,10042,2,PG,1,100,9444,9436
3299933,10043,2,EA,1,100,0.228795,0.228824
3299933,10044,2,EL,1,100,-13529.000000,-13529.799805
3299859,10045,1,T1,1,100,36.152
3299874,10046,1,TH,1,100,35.076
3299947,10047,3,AX,1,100,0.851,0.805,0.829
3299947,10048,3,AY,1,100,0.517,0.528,0.531
3299947,10049,3,AZ,1,100,-0.130,-0.127,-0.161
3299947,10050,3,GX,1,100,3.479,1.190,3.540
"
2026-03-05T00:01:32.188Z,1772668892188,10.168.15.94,3132,"3299947,10051,3,GY,1,100,-1.587,1.129,0.824
3299947,10052,3,GZ,1,100,-4.089,-2.899,0.916
3299947,10053,3,MX,1,100,62,63,64
3299947,10054,3,MY,1,100,34,35,34
3299947,10055,3,MZ,1,100,-3,-2,-2
"
2026-03-05T00:01:32.246Z,1772668892246,10.168.15.94,3132,"3300031,10056,4,EM,1,100,RS,RE,PS,MN
"
2026-03-05T00:01:32.289Z,1772668892289,10.168.15.94,3132,"3300031,10056,4,EM,1,100,RS,RE,PS,MN
3300054,10057,3,PI,1,100,148078,148056,148052
3300054,10058,3,PR,1,100,112931,112908,112921
3300054,10059,3,PG,1,100,9453,9446,9458
3299999,10060,1,EA,1,100,0.228847
3299999,10061,1,EL,1,100,-13530.400391
3299993,10062,1,T1,1,100,36.172
3300007,10063,1,TH,1,100,35.037
3300027,10064,2,AX,1,100,0.822,0.859
3300027,10065,2,AY,1,100,0.509,0.534
3300027,10066,2,AZ,1,100,-0.163,-0.157
3300027,10067,2,GX,1,100,4.974,4.364
3300027,10068,2,GY,1,100,-0.061,-4.578
"
2026-03-05T00:01:32.290Z,1772668892290,10.168.15.94,3132,"3300027,10069,2,GZ,1,100,2.167,1.068
3300027,10070,2,MX,1,100,63,62
3300027,10071,2,MY,1,100,36,35
3300027,10072,2,MZ,1,100,-3,-2
"
2026-03-05T00:01:32.391Z,1772668892391,10.168.15.94,3132,"3300134,10073,2,PI,1,100,148079,148054
3300134,10074,2,PR,1,100,112914,112899
3300134,10075,2,PG,1,100,9437,9457
3300133,10076,2,EA,1,100,0.228750,0.228712
3300133,10077,2,EL,1,100,-13527.799805,-13526.799805
3300126,10078,1,T1,1,100,36.074
3300141,10079,1,TH,1,100,35.037
3300147,10080,3,AX,1,100,0.812,0.841,0.844
3300147,10081,3,AY,1,100,0.514,0.495,0.498
3300147,10082,3,AZ,1,100,-0.142,-0.186,-0.185
3300147,10083,3,GX,1,100,3.143,2.838,0.244
3300147,10084,3,GY,1,100,-1.007,0.000,-0.763
"
2026-03-05T00:01:32.392Z,1772668892392,10.168.15.94,3132,"3300147,10085,3,GZ,1,100,0.488,3.967,4.150
3300147,10086,3,MX,1,100,63,63,63
3300147,10087,3,MY,1,100,35,34,35
3300147,10088,3,MZ,1,100,-4,-3,-3
"
2026-03-05T00:01:32.456Z,1772668892456,10.168.15.94,3132,"3300233,10089,4,EM,1,100,RS,RE,PS,MN
"
2026-03-05T00:01:32.494Z,1772668892494,10.168.15.94,3132,"3300233,10089,4,EM,1,100,RS,RE,PS,MN
3300254,10090,3,PI,1,100,148070,148086,148072
3300254,10091,3,PR,1,100,112910,112940,112900
3300254,10092,3,PG,1,100,9445,9466,9455
3300199,10093,1,EA,1,100,0.228690
3300199,10094,1,EL,1,100,-13526.200195
3300259,10095,1,T1,1,100,36.139
3300227,10096,2,AX,1,100,0.804,0.913
3300227,10097,2,AY,1,100,0.556,0.490
3300227,10098,2,AZ,1,100,-0.138,-0.140
3300227,10099,2,GX,1,100,-7.660,-10.437
3300227,10100,2,GY,1,100,7.782,-1.221
3300227,10101,2,GZ,1,100,7.904,8.667
"
2026-03-05T00:01:32.494Z,1772668892494,10.168.15.94,3132,"3300227,10102,2,MX,1,100,62,62
3300227,10103,2,MY,1,100,37,36
3300227,10104,2,MZ,1,100,-3,-3
"
2026-03-05T00:01:32.590Z,1772668892590,10.168.15.94,3132,"3300333,10105,1,SF,1,100,1.4122
3300334,10106,2,PI,1,100,148061,148016
3300334,10107,2,PR,1,100,112919,112863
3300334,10108,2,PG,1,100,9450,9452
3300333,10109,2,EA,1,100,0.228750,0.228690
3300333,10110,2,EL,1,100,-13527.799805,-13526.200195
3300274,10111,1,TH,1,100,35.091
3300347,10112,3,AX,1,100,0.802,0.831,0.880
3300347,10113,3,AY,1,100,0.488,0.493,0.511
3300347,10114,3,AZ,1,100,-0.124,-0.126,-0.135
3300347,10115,3,GX,1,100,-7.507,-7.904,-1.068
3300347,10116,3,GY,1,100,-4.089,3.174,-9.491
"
2026-03-05T00:01:32.592Z,1772668892592,10.168.15.94,3132,"3300347,10117,3,GZ,1,100,2.106,3.326,7.202
3300347,10118,3,MX,1,100,61,61,62
3300347,10119,3,MY,1,100,35,36,36
3300347,10120,3,MZ,1,100,-2,-3,-4
"
2026-03-05T00:01:32.653Z,1772668892653,10.168.15.94,3132,"3300434,10121,4,EM,1,100,RS,RE,PS,MN
"
2026-03-05T00:01:32.690Z,1772668892690,10.168.15.94,3132,"3300434,10121,4,EM,1,100,RS,RE,PS,MN
3300454,10122,3,PI,1,100,147998,147982,147982
3300454,10123,3,PR,1,100,112862,112868,112865
3300454,10124,3,PG,1,100,9476,9438,9436
3300399,10125,1,EA,1,100,0.228630
3300399,10126,1,EL,1,100,-13524.599609
3300393,10127,1,T1,1,100,36.166
3300407,10128,1,TH,1,100,35.091
3300427,10129,2,AX,1,100,0.861,0.897
3300427,10130,2,AY,1,100,0.511,0.491
3300427,10131,2,AZ,1,100,-0.145,-0.167
3300427,10132,2,GX,1,100,5.829,7.141
3300427,10133,2,GY,1,100,-2.136,-2.045
"
2026-03-05T00:01:32.692Z,1772668892692,10.168.15.94,3132,"3300427,10134,2,GZ,1,100,2.380,-4.242
3300427,10135,2,MX,1,100,61,63
3300427,10136,2,MY,1,100,36,35
3300427,10137,2,MZ,1,100,-2,-3
"
2026-03-05T00:01:32.803Z,1772668892803,10.168.15.94,3132,"3300534,10138,2,PI,1,100,147999,147973
3300534,10139,2,PR,1,100,112860,112842
3300534,10140,2,PG,1,100,9418,9433
3300533,10141,2,EA,1,100,0.228682,0.228705
3300533,10142,2,EL,1,100,-13526.000000,-13526.599609
3300526,10143,1,T1,1,100,36.107
3300541,10144,1,TH,1,100,35.073
3300547,10145,3,AX,1,100,0.785,0.864,0.865
3300547,10146,3,AY,1,100,0.504,0.499,0.539
3300547,10147,3,AZ,1,100,-0.103,-0.163,-0.162
3300547,10148,3,GX,1,100,-0.183,5.432,7.019
3300547,10149,3,GY,1,100,6.256,0.824,-7.050
"
2026-03-05T00:01:32.804Z,1772668892804,10.168.15.94,3132,"3300547,10150,3,GZ,1,100,0.153,6.378,6.012
3300547,10151,3,MX,1,100,61,62,61
3300547,10152,3,MY,1,100,35,36,37
3300547,10153,3,MZ,1,100,-3,-4,-3
"
2026-03-05T00:01:32.858Z,1772668892858,10.168.15.94,3132,"3300635,10154,4,EM,1,100,RS,RE,PS,MN
"
2026-03-05T00:01:32.896Z,1772668892896,10.168.15.94,3132,"3300635,10154,4,EM,1,100,RS,RE,PS,MN
3300599,10155,1,SF,1,100,1.3958
3300654,10156,3,PI,1,100,147952,147940,147927
3300654,10157,3,PR,1,100,112833,112817,112788
3300654,10158,3,PG,1,100,9415,9433,9418
3300599,10159,1,EA,1,100,0.228675
3300599,10160,1,EL,1,100,-13525.799805
3300659,10161,1,T1,1,100,36.117
3300627,10162,2,AX,1,100,0.861,0.917
3300627,10163,2,AY,1,100,0.493,0.510
3300627,10164,2,AZ,1,100,-0.162,-0.183
3300627,10165,2,GX,1,100,4.822,3.906
3300627,10166,2,GY,1,100,-3.723,-2.258
"
2026-03-05T00:01:32.897Z,1772668892897,10.168.15.94,3132,"3300627,10167,2,GZ,1,100,2.411,-0.763
3300627,10168,2,MX,1,100,61,60
3300627,10169,2,MY,1,100,36,36
3300627,10170,2,MZ,1,100,-4,-3
"
2026-03-05T00:01:32.994Z,1772668892994,10.168.15.94,3132,"3300734,10171,2,PI,1,100,147943,147931
3300734,10172,2,PR,1,100,112817,112850
3300734,10173,2,PG,1,100,9425,9430
3300733,10174,2,EA,1,100,0.228705,0.228720
3300733,10175,2,EL,1,100,-13526.599609,-13527.000000
3300674,10176,1,TH,1,100,35.073
3300747,10177,3,AX,1,100,0.794,0.858,0.781
3300747,10178,3,AY,1,100,0.457,0.495,0.478
3300747,10179,3,AZ,1,100,-0.155,-0.114,-0.135
3300747,10180,3,GX,1,100,-3.998,-13.336,-7.050
3300747,10181,3,GY,1,100,14.587,3.143,1.740
3300747,10182,3,GZ,1,100,-0.916,-0.916,-0.031
"
2026-03-05T00:01:33.008Z,1772668893008,10.168.15.94,3132,"3300747,10183,3,MX,1,100,61,61,63
3300747,10184,3,MY,1,100,35,38,37
3300747,10185,3,MZ,1,100,-3,-3,-2
"
2026-03-05T00:01:33.050Z,1772668893050,10.168.15.94,3132,"3300836,10186,4,EM,1,100,RS,RE,PS,MN
"
2026-03-05T00:01:33.100Z,1772668893100,10.168.15.94,3132,"3300836,10186,4,EM,1,100,RS,RE,PS,MN
3300854,10187,1,BI,1,100,1960
3300854,10188,1,HR,1,100,59.13
3300854,10189,3,PI,1,100,148003,147991,148001
3300854,10190,3,PR,1,100,112874,112869,112880
3300854,10191,3,PG,1,100,9452,9451,9451
3300866,10192,2,EA,1,100,0.228705,0.228585
3300866,10193,2,EL,1,100,-13526.599609,-13523.400391
3300793,10194,1,T1,1,100,36.157
3300807,10195,1,TH,1,100,35.076
3300867,10196,3,AX,1,100,0.900,0.811,0.865
3300867,10197,3,AY,1,100,0.510,0.455,0.470
"
2026-03-05T00:01:33.100Z,1772668893100,10.168.15.94,3132,"3300867,10198,3,AZ,1,100,-0.170,-0.126,-0.139
3300867,10199,3,GX,1,100,-1.007,-2.808,-2.228
3300867,10200,3,GY,1,100,-5.371,-1.740,0.244
3300867,10201,3,GZ,1,100,4.333,4.242,2.350
3300867,10202,3,MX,1,100,61,61,61
3300867,10203,3,MY,1,100,37,36,37
3300867,10204,3,MZ,1,100,-2,-3,-2
"
2026-03-05T00:01:33.201Z,1772668893201,10.168.15.94,3132,"3300933,10205,1,SF,1,100,1.3797
3300934,10206,2,PI,1,100,148031,148033
3300934,10207,2,PR,1,100,112872,112891
3300934,10208,2,PG,1,100,9469,9460
3300933,10209,1,EA,1,100,0.228495
3300933,10210,1,EL,1,100,-13521.000000
3300926,10211,1,T1,1,100,36.068
3300941,10212,1,TH,1,100,35.076
3300947,10213,2,AX,1,100,0.863,0.859
3300947,10214,2,AY,1,100,0.479,0.536
3300947,10215,2,AZ,1,100,-0.131,-0.116
3300947,10216,2,GX,1,100,0.458,1.312
3300947,10217,2,GY,1,100,-1.556,-4.181
3300947,10218,2,GZ,1,100,3.479,0.458
"
2026-03-05T00:01:33.219Z,1772668893219,10.168.15.94,3132,"3300947,10219,2,MX,1,100,61,60
3300947,10220,2,MY,1,100,37,37
3300947,10221,2,MZ,1,100,-2,-2
3300899,10222,1,BV,1,100,3.88
3300899,10223,1,B%,1,100,74
"
2026-03-05T00:01:33.249Z,1772668893249,10.168.15.94,3132,"3301037,10224,4,EM,1,100,RS,RE,PS,MN
"
2026-03-05T00:01:33.308Z,1772668893308,10.168.15.94,3132,"3301037,10224,4,EM,1,100,RS,RE,PS,MN
3301054,10225,3,PI,1,100,148016,148010,147994
3301054,10226,3,PR,1,100,112877,112867,112862
3301054,10227,3,PG,1,100,9443,9435,9437
3301066,10228,2,EA,1,100,0.228525,0.228615
3301066,10229,2,EL,1,100,-13521.799805,-13524.200195
3301059,10230,1,T1,1,100,36.207
3301074,10231,1,TH,1,100,35.045
3301067,10232,3,AX,1,100,0.864,0.849,0.841
3301067,10233,3,AY,1,100,0.516,0.501,0.466
3301067,10234,3,AZ,1,100,-0.149,-0.134,-0.139
3301067,10235,3,GX,1,100,2.991,0.580,1.404
"
2026-03-05T00:01:33.323Z,1772668893323,10.168.15.94,3132,"3301067,10236,3,GY,1,100,0.793,0.153,4.089
3301067,10237,3,GZ,1,100,-1.190,2.869,3.082
3301067,10238,3,MX,1,100,61,60,61
3301067,10239,3,MY,1,100,37,37,38
3301067,10240,3,MZ,1,100,-3,-3,-2
"
2026-03-05T00:01:33.398Z,1772668893398,10.168.15.94,3132,"3301134,10241,2,PI,1,100,147982,147945
3301134,10242,2,PR,1,100,112844,112850
3301134,10243,2,PG,1,100,9437,9442
3301133,10244,1,EA,1,100,0.228630
3301133,10245,1,EL,1,100,-13524.599609
3301147,10246,2,AX,1,100,0.911,0.849
3301147,10247,2,AY,1,100,0.517,0.408
3301147,10248,2,AZ,1,100,-0.185,-0.136
3301147,10249,2,GX,1,100,0.397,-3.815
3301147,10250,2,GY,1,100,-4.608,-2.777
3301147,10251,2,GZ,1,100,4.211,-1.282
3301147,10252,2,MX,1,100,60,61
3301147,10253,2,MY,1,100,37,37
3301147,10254,2,MZ,1,100,-1,-3
"
2026-03-05T00:01:33.453Z,1772668893453,10.168.15.94,3132,"3301241,10255,4,EM,1,100,RS,RE,PS,MN
"
2026-03-05T00:01:33.503Z,1772668893503,10.168.15.94,3132,"3301241,10255,4,EM,1,100,RS,RE,PS,MN
3301266,10256,1,SF,1,100,1.3637
3301254,10257,3,PI,1,100,147958,147942,147935
3301254,10258,3,PR,1,100,112835,112838,112826
3301254,10259,3,PG,1,100,9429,9436,9413
3301266,10260,2,EA,1,100,0.228585,0.228503
3301266,10261,2,EL,1,100,-13523.400391,-13521.200195
3301193,10262,1,T1,1,100,36.267
3301207,10263,1,TH,1,100,35.045
3301267,10264,3,AX,1,100,0.800,0.913,0.782
3301267,10265,3,AY,1,100,0.416,0.515,0.491
3301267,10266,3,AZ,1,100,-0.126,-0.156,-0.122
"
2026-03-05T00:01:33.508Z,1772668893508,10.168.15.94,3132,"3301267,10267,3,GX,1,100,-4.333,-0.549,-2.106
3301267,10268,3,GY,1,100,16.266,-1.099,4.944
3301267,10269,3,GZ,1,100,-2.289,0.580,-0.671
3301267,10270,3,MX,1,100,60,60,61
3301267,10271,3,MY,1,100,39,37,38
3301267,10272,3,MZ,1,100,-4,-2,-2
"
2026-03-05T00:01:33.614Z,1772668893614,10.168.15.94,3132,"3301374,10273,3,PI,1,100,147945,147922,147935
3301374,10274,3,PR,1,100,112831,112824,112847
3301374,10275,3,PG,1,100,9432,9413,9409
3301333,10276,1,EA,1,100,0.228570
3301333,10277,1,EL,1,100,-13523.000000
3301326,10278,1,T1,1,100,36.222
3301341,10279,1,TH,1,100,35.061
3301347,10280,2,AX,1,100,0.882,0.892
3301347,10281,2,AY,1,100,0.477,0.485
3301347,10282,2,AZ,1,100,-0.134,-0.118
3301347,10283,2,GX,1,100,-3.876,-0.458
3301347,10284,2,GY,1,100,4.028,-4.272
3301347,10285,2,GZ,1,100,1.404,-0.061
"
2026-03-05T00:01:33.615Z,1772668893615,10.168.15.94,3132,"3301347,10286,2,MX,1,100,61,61
3301347,10287,2,MY,1,100,36,35
3301347,10288,2,MZ,1,100,-2,-2
"
2026-03-05T00:01:33.656Z,1772668893656,10.168.15.94,3132,"3301442,10289,4,EM,1,100,RS,RE,PS,MN
"
2026-03-05T00:01:33.707Z,1772668893707,10.168.15.94,3132,"3301442,10289,4,EM,1,100,RS,RE,PS,MN
3301454,10290,2,PI,1,100,147921,147911
3301454,10291,2,PR,1,100,112817,112829
3301454,10292,2,PG,1,100,9424,9413
3301466,10293,2,EA,1,100,0.228592,0.228585
3301466,10294,2,EL,1,100,-13523.599609,-13523.400391
3301459,10295,1,T1,1,100,36.415
3301474,10296,1,TH,1,100,35.061
3301467,10297,3,AX,1,100,0.865,0.883,0.881
3301467,10298,3,AY,1,100,0.480,0.463,0.488
3301467,10299,3,AZ,1,100,-0.111,-0.124,-0.095
3301467,10300,3,GX,1,100,0.977,-1.953,-1.770
"
2026-03-05T00:01:33.715Z,1772668893715,10.168.15.94,3132,"3301467,10301,3,GY,1,100,3.876,5.310,2.563
3301467,10302,3,GZ,1,100,-4.242,-3.326,-7.294
3301467,10303,3,MX,1,100,61,61,61
3301467,10304,3,MY,1,100,38,37,37
3301467,10305,3,MZ,1,100,-2,-2, 0
"
2026-03-05T00:01:33.804Z,1772668893804,10.168.15.94,3132,"3301574,10306,3,PI,1,100,147921,147901,147940
3301574,10307,3,PR,1,100,112841,112836,112861
3301574,10308,3,PG,1,100,9417,9420,9385
3301533,10309,1,EA,1,100,0.228503
3301533,10310,1,EL,1,100,-13521.200195
3301547,10311,2,AX,1,100,0.796,0.875
3301547,10312,2,AY,1,100,0.508,0.509
3301547,10313,2,AZ,1,100,-0.111,-0.143
3301547,10314,2,GX,1,100,2.136,3.510
3301547,10315,2,GY,1,100,13.092,-5.890
3301547,10316,2,GZ,1,100,-5.188,2.014
3301547,10317,2,MX,1,100,62,61
3301547,10318,2,MY,1,100,37,37
"
2026-03-05T00:01:33.810Z,1772668893810,10.168.15.94,3132,"3301547,10319,2,MZ,1,100, 0,-2
"
2026-03-05T00:01:33.856Z,1772668893856,10.168.15.94,3132,"3301643,10320,4,EM,1,100,RS,RE,PS,MN
"
2026-03-05T00:01:33.910Z,1772668893910,10.168.15.94,3132,"3301643,10320,4,EM,1,100,RS,RE,PS,MN
3301654,10321,1,BI,1,100,800
3301654,10322,1,HR,1,100,62.66
3301666,10323,1,SF,1,100,1.3479
3301654,10324,2,PI,1,100,147970,147983
3301654,10325,2,PR,1,100,112882,112894
3301654,10326,2,PG,1,100,9399,9373
3301666,10327,2,EA,1,100,0.228518,0.228495
3301666,10328,2,EL,1,100,-13521.599609,-13521.000000
3301593,10329,1,T1,1,100,36.392
3301607,10330,1,TH,1,100,35.182
3301667,10331,3,AX,1,100,0.795,0.895,0.867
3301667,10332,3,AY,1,100,0.508,0.443,0.518
"
2026-03-05T00:01:33.911Z,1772668893911,10.168.15.94,3132,"3301667,10333,3,AZ,1,100,-0.094,-0.163,-0.111
3301667,10334,3,GX,1,100,1.526,4.639,2.838
3301667,10335,3,GY,1,100,1.068,-3.357,-4.730
3301667,10336,3,GZ,1,100,0.519,-1.007,-2.472
3301667,10337,3,MX,1,100,61,61,61
3301667,10338,3,MY,1,100,35,36,37
3301667,10339,3,MZ,1,100, 0,-1,-2
"
2026-03-05T00:01:34.009Z,1772668894009,10.168.15.94,3132,"3301747,10340,2,PI,1,100,148040,148155
3301747,10341,2,PR,1,100,112925,113008
3301747,10342,2,PG,1,100,9385,9401
3301733,10343,1,EA,1,100,0.228473
3301733,10344,1,EL,1,100,-13520.400391
3301726,10345,1,T1,1,100,36.276
3301741,10346,1,TH,1,100,35.182
3301747,10347,2,AX,1,100,0.852,0.900
3301747,10348,2,AY,1,100,0.510,0.502
3301747,10349,2,AZ,1,100,-0.118,-0.103
3301747,10350,2,GX,1,100,-2.991,-2.594
3301747,10351,2,GY,1,100,6.531,-6.348
3301747,10352,2,GZ,1,100,-7.324,-2.655
3301747,10353,2,MX,1,100,62,62
"
2026-03-05T00:01:34.010Z,1772668894010,10.168.15.94,3132,"3301747,10354,2,MY,1,100,37,36
3301747,10355,2,MZ,1,100,-2,-2
"
2026-03-05T00:01:34.058Z,1772668894058,10.168.15.94,3132,"3301844,10356,4,EM,1,100,RS,RE,PS,MN
"
2026-03-05T00:01:34.111Z,1772668894111,10.168.15.94,3132,"3301844,10356,4,EM,1,100,RS,RE,PS,MN
3301867,10357,3,PI,1,100,148278,148297,148304
3301867,10358,3,PR,1,100,113111,113116,113132
3301867,10359,3,PG,1,100,9411,9402,9400
3301866,10360,2,EA,1,100,0.228428,0.228450
3301866,10361,2,EL,1,100,-13519.200195,-13519.799805
3301859,10362,1,T1,1,100,36.297
3301874,10363,1,TH,1,100,35.134
3301867,10364,3,AX,1,100,0.865,0.851,0.820
3301867,10365,3,AY,1,100,0.496,0.495,0.464
3301867,10366,3,AZ,1,100,-0.105,-0.099,-0.121
3301867,10367,3,GX,1,100,-2.228,-1.740,2.716
"
2026-03-05T00:01:34.112Z,1772668894112,10.168.15.94,3132,"3301867,10368,3,GY,1,100,1.678,1.312,0.519
3301867,10369,3,GZ,1,100,-3.204,-2.869,-1.556
3301867,10370,3,MX,1,100,62,63,62
3301867,10371,3,MY,1,100,37,37,36
3301867,10372,3,MZ,1,100,-2,-2,-1
"
2026-03-05T00:01:34.225Z,1772668894225,10.168.15.94,3132,"3301933,10373,1,SF,1,100,1.3324
3301947,10374,2,PI,1,100,148290,148257
3301947,10375,2,PR,1,100,113108,113085
3301947,10376,2,PG,1,100,9396,9412
3301933,10377,1,EA,1,100,0.228473
3301933,10378,1,EL,1,100,-13520.400391
3301947,10379,2,AX,1,100,0.804,0.844
3301947,10380,2,AY,1,100,0.500,0.547
3301947,10381,2,AZ,1,100,-0.124,-0.170
3301947,10382,2,GX,1,100,5.249,4.333
3301947,10383,2,GY,1,100,-1.862,-2.136
3301947,10384,2,GZ,1,100,1.251,7.935
3301947,10385,2,MX,1,100,62,62
3301947,10386,2,MY,1,100,36,36
"
2026-03-05T00:01:34.225Z,1772668894225,10.168.15.94,3132,"3301947,10387,2,MZ,1,100,-2,-2
"
2026-03-05T00:01:34.258Z,1772668894258,10.168.15.94,3132,"3302046,10388,4,EM,1,100,RS,RE,PS,MN
"
2026-03-05T00:01:34.315Z,1772668894315,10.168.15.94,3132,"3302046,10388,4,EM,1,100,RS,RE,PS,MN
3302067,10389,3,PI,1,100,148247,148239,148202
3302067,10390,3,PR,1,100,113051,113073,113040
3302067,10391,3,PG,1,100,9401,9408,9389
3302066,10392,2,EA,1,100,0.228503,0.228465
3302066,10393,2,EL,1,100,-13521.200195,-13520.200195
3301992,10394,1,T1,1,100,36.341
3302007,10395,1,TH,1,100,35.134
3302067,10396,3,AX,1,100,0.826,0.889,0.896
3302067,10397,3,AY,1,100,0.501,0.448,0.524
3302067,10398,3,AZ,1,100,-0.125,-0.138,-0.131
3302067,10399,3,GX,1,100,1.831,0.671,7.355
"
2026-03-05T00:01:34.316Z,1772668894316,10.168.15.94,3132,"3302067,10400,3,GY,1,100,-11.322,-12.115,-13.306
3302067,10401,3,GZ,1,100,11.993,4.822,1.953
3302067,10402,3,MX,1,100,61,61,61
3302067,10403,3,MY,1,100,37,36,37
3302067,10404,3,MZ,1,100,-2,-4,-2
"
2026-03-05T00:01:34.422Z,1772668894422,10.168.15.94,3132,"3302147,10405,2,PI,1,100,148176,148168
3302147,10406,2,PR,1,100,113038,113018
3302147,10407,2,PG,1,100,9365,9353
3302133,10408,1,EA,1,100,0.228495
3302133,10409,1,EL,1,100,-13521.000000
3302126,10410,1,T1,1,100,36.289
3302141,10411,1,TH,1,100,35.047
3302147,10412,2,AX,1,100,0.893,0.840
3302147,10413,2,AY,1,100,0.481,0.499
3302147,10414,2,AZ,1,100,-0.105,-0.150
3302147,10415,2,GX,1,100,4.639,3.723
3302147,10416,2,GY,1,100,-1.282,2.533
3302147,10417,2,GZ,1,100,-1.770,-1.404
3302147,10418,2,MX,1,100,61,61
"
2026-03-05T00:01:34.424Z,1772668894424,10.168.15.94,3132,"3302147,10419,2,MY,1,100,37,37
3302147,10420,2,MZ,1,100,-3,-3
"
2026-03-05T00:01:34.432Z,1772668894432,10.168.15.94,3132,"3302221,10421,2,RD,1,100,TL,TU
"
